{"type":"FeatureCollection","features":[{"type":"Feature","properties":{"scalerank":1,"featurecla":"Coastline","min_zoom":1,"layer":"coastline"},"bbox":[32.256667,34.571869,34.576474,35.671596],"geometry":{"type":"LineString","coordinates":[[32.946961,35.386703],[33.667227,35.373216],[34.576474,35.671596],[33.900804,35.245782],[34.004881,34.978098],[32.979827,34.571869],[32.490296,34.701655],[32.256667,35.103232],[32.802474,35.145504],[32.946961,35.386703]]}},{"type":"Feature","properties":{"scalerank":1,"featurecla":"Coastline","min_zoom":1,"layer":"coastline"},"bbox":[23.514978,34.919988,26.290003,35.705004],"geometry":{"type":"LineString","coordinates":[[26.290003,35.29999],[26.164998,35.004995],[24.724982,34.919988],[24.735007,35.084991],[23.514978,35.279992],[23.69998,35.705004],[24.246665,35.368022],[25.025015,35.424996],[25.769208,35.354018],[25.745023,35.179998],[26.290003,35.29999]]}},{"type":"Feature","properties":{"scalerank":1,"featurecla":"Coastline","min_zoom":1,"layer":"coastline"},"bbox":[8.159998,38.906618,9.809975,41.209991],"geometry":{"type":"LineString","coordinates":[[8.709991,40.899984],[9.210012,41.209991],[9.809975,40.500009],[9.669519,39.177376],[9.214818,39.240473],[8.806936,38.906618],[8.428302,39.171847],[8.388253,40.378311],[8.159998,40.950007],[8.709991,40.899984]]}},{"type":"Feature","properties":{"scalerank":1,"featurecla":"Coastline","min_zoom":1,"layer":"coastline"},"bbox":[8.544213,41.380007,9.560016,43.009985],"geometry":{"type":"LineString","coordinates":[[8.746009,42.628122],[9.390001,43.009985],[9.560016,42.152518],[9.229752,41.380007],[8.775723,41.583612],[8.544213,42.256542],[8.746009,42.628122]]}},{"type":"Feature","properties":{"scalerank":1,"featurecla":"Coastline","min_zoom":1,"layer":"coastline"},"bbox":[12.431004,36.619987,15.520324,38.231181],"geometry":{"type":"LineString","coordinates":[[14.761249,38.143874],[15.520324,38.231181],[15.160243,37.444046],[15.309898,37.134219],[15.099988,36.619987],[14.335229,36.996631],[13.826733,37.104531],[12.431004,37.61295],[12.570944,38.126381],[13.741156,38.034966],[14.761249,38.143874]]}},{"type":"Feature","properties":{"scalerank":0,"featurecla":"Coastline","min_zoom":0,"layer":"coastline"},"bbox":[37.539135,43.434998,39.955009,44.657223],"geometry":{"type":"LineString","coordinates":[[37.539135,44.657223],[38.679996,44.279985],[39.955009,43.434998]]}},{"type":"Feature","properties":{"scalerank":0,"featurecla":"Coastline","min_zoom":0,"layer":"coastline"},"bbox":[-17.063423,19.096716,180,77.697919],"geometry":{"type":"LineString","coordinates":[[-16.256883,19.096716],[-16.377651,19.593817],[-16.277838,20.092521],[-16.536324,20.567866],[-17.063423,20.999752],[-17.020428,21.42231],[-16.973248,21.885745],[-16.589137,22.158234],[-16.261922,22.67934],[-16.326414,23.017768],[-15.982611,23.723358],[-15.426004,24.359134],[-15.089332,24.520261],[-14.824645,25.103533],[-14.800926,25.636265],[-14.43994,26.254418],[-13.773805,26.618892],[-13.139942,27.640148],[-12.618837,28.038186],[-11.688919,28.148644],[-10.900957,28.832142],[-10.399592,29.098586],[-9.564811,29.933574],[-9.814718,31.177736],[-9.434793,32.038096],[-9.300693,32.564679],[-8.657476,33.240245],[-7.654178,33.697065],[-6.912544,34.110476],[-6.244342,35.145865],[-5.929994,35.759988],[-5.193863,35.755182],[-4.591006,35.330712],[-3.640057,35.399855],[-2.604306,35.179093],[-2.169914,35.168396],[-1.208603,35.714849],[-0.127454,35.888662],[0.503877,36.301273],[1.466919,36.605647],[3.161699,36.783905],[4.815758,36.865037],[5.32012,36.716519],[6.26182,37.110655],[7.330385,37.118381],[7.737078,36.885708],[8.420964,36.946427],[9.509994,37.349994],[10.210002,37.230002],[10.18065,36.724038],[11.028867,37.092103],[11.100026,36.899996],[10.600005,36.41],[10.593287,35.947444],[10.939519,35.698984],[10.807847,34.833507],[10.149593,34.330773],[10.339659,33.785742],[10.856836,33.76874],[11.108501,33.293343],[11.488787,33.136996],[12.663341,32.792779],[13.083264,32.87882],[13.918665,32.711957],[15.245612,32.265085],[15.713956,31.376251],[16.611627,31.18218],[18.021102,30.763575],[19.086412,30.266396],[19.57403,30.525811],[20.053381,30.985758],[19.82032,31.751783],[20.133996,32.238188],[20.854521,32.706789],[21.543006,32.843215],[22.895791,32.638577],[23.236804,32.191498],[23.609133,32.18726],[23.927511,32.016677],[24.921146,31.899345],[25.1648,31.569159],[26.495313,31.585669],[27.457632,31.321267],[28.450491,31.025755],[28.913512,30.870054],[29.683439,31.186856],[30.095042,31.473402],[30.976952,31.555852],[31.687968,31.429606],[31.960406,30.933616],[32.192485,31.26034],[32.993935,31.024076],[33.77337,30.967464],[34.265433,31.219361],[34.556372,31.548824],[34.488107,31.605539],[34.752587,32.072926],[34.955417,32.827376],[35.098457,33.080539],[35.126053,33.0909],[35.482207,33.90545],[35.979592,34.610058],[35.998403,34.644914],[35.905023,35.410009],[36.149763,35.821535],[35.782085,36.274995],[36.160822,36.650606],[35.550936,36.565443],[34.714553,36.795532],[34.026895,36.21996],[32.509158,36.107564],[31.699595,36.644275],[30.621625,36.677865],[30.391096,36.262981],[29.699976,36.144357],[28.732903,36.676831],[27.641187,36.658822],[27.048768,37.653361],[26.318218,38.208133],[26.8047,38.98576],[26.170785,39.463612],[27.28002,40.420014],[28.819978,40.460011],[29.240004,41.219991],[31.145934,41.087622],[32.347979,41.736264],[33.513283,42.01896],[35.167704,42.040225],[36.913127,41.335358],[38.347665,40.948586],[39.512607,41.102763],[40.373433,41.013673],[41.554084,41.535656],[41.703171,41.962943],[41.45347,42.645123],[40.875469,43.013628],[40.321394,43.128634],[39.955009,43.434998],[38.679996,44.279985],[37.539135,44.657223],[36.675467,45.24468],[37.403175,45.404516],[38.232943,46.240873],[37.673701,46.636585],[39.147668,47.044726],[39.121209,47.263369],[38.223538,47.10219],[37.425137,47.022221],[36.759855,46.6987],[35.823685,46.645964],[34.962342,46.273197],[35.020788,45.651219],[35.510009,45.409993],[36.529998,45.46999],[36.334713,45.113216],[35.239999,44.939996],[33.882511,44.361479],[33.326421,44.564877],[33.546924,45.034771],[32.454174,45.327466],[32.630804,45.519186],[33.588162,45.851569],[33.298567,46.080598],[31.74414,46.333348],[31.675307,46.706245],[30.748749,46.5831],[30.377609,46.03241],[29.603289,45.293308],[29.626543,45.035391],[29.141612,44.82021],[28.837858,44.913874],[28.558081,43.707462],[28.039095,43.293172],[27.673898,42.577892],[27.99672,42.007359],[28.115525,41.622886],[28.988443,41.299934],[28.806438,41.054962],[27.619017,40.999823],[27.192377,40.690566],[26.358009,40.151994],[26.043351,40.617754],[26.056942,40.824123],[25.447677,40.852545],[24.925848,40.947062],[23.714811,40.687129],[24.407999,40.124993],[23.899968,39.962006],[23.342999,39.960998],[22.813988,40.476005],[22.626299,40.256561],[22.849748,39.659311],[23.350027,39.190011],[22.973099,38.970903],[23.530016,38.510001],[24.025025,38.219993],[24.040011,37.655015],[23.115003,37.920011],[23.409972,37.409991],[22.774972,37.30501],[23.154225,36.422506],[22.490028,36.41],[21.670026,36.844986],[21.295011,37.644989],[21.120034,38.310323],[20.730032,38.769985],[20.217712,39.340235],[20.150016,39.624998],[19.98,39.694993],[19.960002,39.915006],[19.406082,40.250773],[19.319059,40.72723],[19.40355,41.409566],[19.540027,41.719986],[19.371769,41.877548],[19.162479,41.95501],[18.882135,42.281502],[18.450016,42.479991],[17.50997,42.849995],[16.930006,43.209998],[16.015385,43.507215],[15.174454,44.243191],[15.37625,44.317915],[14.920309,44.738484],[14.901602,45.07606],[14.258748,45.233777],[13.952255,44.802124],[13.656976,45.136935],[13.679403,45.484149],[13.71506,45.500324],[13.93763,45.591016],[13.141606,45.736692],[12.328581,45.381778],[12.383875,44.885374],[12.261453,44.600482],[12.589237,44.091366],[13.526906,43.587727],[14.029821,42.761008],[15.14257,41.95514],[15.926191,41.961315],[16.169897,41.740295],[15.889346,41.541082],[16.785002,41.179606],[17.519169,40.877143],[18.376687,40.355625],[18.480247,40.168866],[18.293385,39.810774],[17.73838,40.277671],[16.869596,40.442235],[16.448743,39.795401],[17.17149,39.4247],[17.052841,38.902871],[16.635088,38.843572],[16.100961,37.985899],[15.684087,37.908849],[15.687963,38.214593],[15.891981,38.750942],[16.109332,38.964547],[15.718814,39.544072],[15.413613,40.048357],[14.998496,40.172949],[14.703268,40.60455],[14.060672,40.786348],[13.627985,41.188287],[12.888082,41.25309],[12.106683,41.704535],[11.191906,42.355425],[10.511948,42.931463],[10.200029,43.920007],[9.702488,44.036279],[8.888946,44.366336],[8.428561,44.231228],[7.850767,43.767148],[7.435185,43.693845],[6.529245,43.128892],[4.556963,43.399651],[3.100411,43.075201],[2.985999,42.473015],[3.039484,41.89212],[2.091842,41.226089],[0.810525,41.014732],[0.721331,40.678318],[0.106692,40.123934],[-0.278711,39.309978],[0.111291,38.738514],[-0.467124,38.292366],[-0.683389,37.642354],[-1.438382,37.443064],[-2.146453,36.674144],[-3.415781,36.6589],[-4.368901,36.677839],[-4.995219,36.324708],[-5.37716,35.94685],[-5.866432,36.029817],[-6.236694,36.367677],[-6.520191,36.942913],[-7.453726,37.097788],[-7.855613,36.838269],[-8.382816,36.97888],[-8.898857,36.868809],[-8.746101,37.651346],[-8.839998,38.266243],[-9.287464,38.358486],[-9.526571,38.737429],[-9.446989,39.392066],[-9.048305,39.755093],[-8.977353,40.159306],[-8.768684,40.760639],[-8.790853,41.184334],[-8.990789,41.543459],[-9.034818,41.880571],[-8.984433,42.592775],[-9.392884,43.026625],[-7.97819,43.748338],[-6.754492,43.567909],[-5.411886,43.57424],[-4.347843,43.403449],[-3.517532,43.455901],[-1.901351,43.422802],[-1.384225,44.02261],[-1.193798,46.014918],[-2.225724,47.064363],[-2.963276,47.570327],[-4.491555,47.954954],[-4.59235,48.68416],[-3.295814,48.901692],[-1.616511,48.644421],[-1.933494,49.776342],[-0.989469,49.347376],[1.338761,50.127173],[1.639001,50.946606],[2.513573,51.148506],[3.314971,51.345781],[3.830289,51.620545],[4.705997,53.091798],[6.074183,53.510403],[6.90514,53.482162],[7.100425,53.693932],[7.936239,53.748296],[8.121706,53.527792],[8.800734,54.020786],[8.572118,54.395646],[8.526229,54.962744],[8.120311,55.517723],[8.089977,56.540012],[8.256582,56.809969],[8.543438,57.110003],[9.424469,57.172066],[9.775559,57.447941],[10.580006,57.730017],[10.546106,57.215733],[10.25,56.890016],[10.369993,56.609982],[10.912182,56.458621],[10.667804,56.081383],[10.369993,56.190007],[9.649985,55.469999],[9.921906,54.983104],[9.93958,54.596642],[10.950112,54.363607],[10.939467,54.008693],[11.956252,54.196486],[12.51844,54.470371],[13.647467,54.075511],[14.119686,53.757029],[14.8029,54.050706],[16.363477,54.513159],[17.622832,54.851536],[18.620859,54.682606],[18.696255,54.438719],[19.66064,54.426084],[19.888481,54.86616],[21.268449,55.190482],[21.0558,56.031076],[21.090424,56.783873],[21.581866,57.411871],[22.524341,57.753374],[23.318453,57.006236],[24.12073,57.025693],[24.312863,57.793424],[24.428928,58.383413],[24.061198,58.257375],[23.42656,58.612753],[23.339795,59.18724],[24.604214,59.465854],[25.864189,59.61109],[26.949136,59.445803],[27.981114,59.475388],[29.117686,60.028068],[28.069998,60.503517],[26.255173,60.423961],[24.496624,60.057316],[22.869695,59.846373],[22.290764,60.391921],[21.322244,60.72017],[21.544866,61.705329],[21.059211,62.607393],[21.536029,63.189735],[22.442744,63.81781],[24.730512,64.902344],[25.398068,65.111427],[25.294043,65.534346],[23.903379,66.006927],[22.183173,65.723741],[21.213517,65.026005],[21.369631,64.413588],[19.778876,63.609554],[17.847779,62.7494],[17.119555,61.341166],[17.831346,60.636583],[18.787722,60.081914],[17.869225,58.953766],[16.829185,58.719827],[16.44771,57.041118],[15.879786,56.104302],[14.666681,56.200885],[14.100721,55.407781],[12.942911,55.361737],[12.625101,56.30708],[11.787942,57.441817],[11.027369,58.856149],[10.356557,59.469807],[8.382,58.313288],[7.048748,58.078884],[5.665835,58.588155],[5.308234,59.663232],[4.992078,61.970998],[5.9129,62.614473],[8.553411,63.454008],[10.527709,64.486038],[12.358347,65.879726],[14.761146,67.810642],[16.435927,68.563205],[19.184028,69.817444],[21.378416,70.255169],[23.023742,70.202072],[24.546543,71.030497],[26.37005,70.986262],[28.165547,71.185474],[31.293418,70.453788],[30.005435,70.186259],[31.101079,69.55808],[32.132747,69.905966],[33.775489,69.301403],[36.513978,69.063433],[40.292352,67.932391],[41.059851,67.457123],[41.125945,66.791582],[40.01583,66.26618],[38.38296,65.999538],[33.918685,66.759595],[33.184466,66.632522],[34.81477,65.90015],[34.878574,65.436213],[34.94391,64.41437],[36.23129,64.10945],[37.01273,63.84983],[37.14197,64.33471],[36.539579,64.76446],[37.17604,65.14322],[39.59345,64.52079],[40.4356,64.76446],[39.7626,65.49682],[42.09309,66.47623],[43.01604,66.41858],[43.94975,66.06908],[44.532249,66.756339],[43.698398,67.352427],[44.17479,67.961614],[43.452831,68.570802],[46.250025,68.249995],[46.82134,67.68997],[45.55517,67.56652],[45.562005,67.010044],[46.34915,66.66767],[47.89416,66.88455],[48.13876,67.52238],[53.71743,68.85738],[54.47171,68.80815],[53.48582,68.20131],[54.753015,68.086846],[55.44268,68.43866],[57.31702,68.46628],[58.802,68.88082],[59.94142,68.27844],[61.07784,68.94069],[60.03,69.52],[60.550031,69.85],[63.50401,69.547383],[64.888115,69.234835],[68.51216,68.09233],[69.18068,68.61563],[68.16444,69.14436],[68.13522,69.35649],[66.93008,69.45461],[67.25976,69.92873],[66.72492,70.70889],[66.69466,71.02897],[68.54006,71.9345],[69.19636,72.84336],[69.94,73.04],[72.58754,72.77629],[72.79603,72.22006],[71.84811,71.40898],[72.47011,71.09019],[72.79188,70.39114],[72.564698,69.020852],[73.66787,68.4079],[73.2387,67.7404],[71.28,66.32],[72.42301,66.17267],[72.82077,66.53267],[73.92099,66.78946],[74.18651,67.28429],[75.052,67.76047],[74.46926,68.32899],[74.93584,68.98918],[73.84236,69.07146],[73.60187,69.62763],[74.3998,70.63175],[73.1011,71.44717],[74.89082,72.12119],[74.65926,72.83227],[75.15801,72.85497],[75.68351,72.30056],[75.28898,71.33556],[76.35911,71.15287],[75.90313,71.87401],[77.57664,72.267165],[79.652017,72.320108],[81.500018,71.749988],[80.610718,72.582857],[80.511086,73.648218],[82.249998,73.850015],[84.655226,73.805909],[86.822329,73.936883],[86.009562,74.459667],[87.166804,75.116449],[88.315674,75.143941],[90.259948,75.639983],[92.900614,75.773334],[93.234237,76.047193],[95.86002,76.140004],[96.678213,75.91547],[98.922572,76.446884],[100.759669,76.43027],[101.035311,76.861872],[101.990809,77.287531],[104.351595,77.697919],[106.066632,77.373882],[104.70501,77.127386],[106.970143,76.974191],[107.239997,76.479983],[108.15374,76.723353],[111.07726,76.71],[113.33151,76.22224],[114.13417,75.84764],[113.88539,75.32779],[112.779194,75.031855],[110.15125,74.47673],[109.4,74.18],[110.64,74.04],[112.11919,73.78774],[113.01954,73.97693],[113.52958,73.33505],[113.96881,73.59488],[115.56782,73.75285],[118.77633,73.58772],[119.02,73.12],[123.200677,72.971205],[123.25777,73.73503],[125.38,73.56],[126.97644,73.56549],[128.59126,73.03871],[129.05157,72.39872],[128.46,71.98],[129.71599,71.19304],[131.288555,70.786997],[132.2535,71.8363],[133.85766,71.38642],[135.56193,71.65525],[137.49755,71.34763],[138.23409,71.62803],[139.86983,71.48783],[139.14791,72.41619],[140.46817,72.84941],[149.500002,72.199986],[150.351164,71.606431],[152.968886,70.842214],[157.00688,71.03141],[158.99779,70.86672],[159.83031,70.45324],[159.70866,69.72198],[160.94053,69.43728],[162.27907,69.64204],[164.05248,69.66823],[165.94037,69.47199],[167.862952,69.568768],[169.57763,68.6938],[170.81688,69.01363],[170.0082,69.65276],[170.45345,70.09703],[173.64391,69.81743],[175.72403,69.87725],[178.599983,69.400002],[180,68.963646]]}},{"type":"Feature","properties":{"scalerank":0,"featurecla":"Coastline","min_zoom":0,"layer":"coastline"},"bbox":[-17.625043,-34.819166,180,64.979709],"geometry":{"type":"LineString","coordinates":[[180,64.979709],[178.7072,64.53493],[177.41128,64.60821],[178.313,64.07593],[178.90825,63.25197],[179.37034,62.98262],[179.48636,62.56894],[179.228265,62.304104],[177.3643,62.5219],[174.56929,61.76915],[173.68013,61.65261],[172.15,60.95],[170.6985,60.33618],[170.33085,59.88177],[168.90042,60.573564],[166.29498,59.78855],[165.84,60.16],[164.87674,59.7316],[163.5393,59.868697],[163.21711,59.21101],[162.01733,58.24328],[162.05297,57.83912],[163.19191,57.61503],[163.057934,56.159234],[162.126345,56.115868],[161.70146,55.28568],[162.11749,54.85514],[160.368744,54.344332],[160.02173,53.20257],[158.53094,52.95868],[158.23118,51.94269],[156.78979,51.01105],[156.42,51.7],[155.991853,53.158952],[155.433645,55.381013],[155.91442,56.76792],[156.758163,57.364716],[156.810356,57.832026],[158.36433,58.05575],[160.150669,59.314778],[161.87204,60.343],[163.669679,61.140894],[164.473558,62.550601],[163.258387,62.466265],[162.657907,61.642491],[160.12148,60.54423],[159.30232,61.77396],[156.72068,61.43442],[154.21806,59.75818],[155.04375,59.14495],[152.81185,58.88385],[151.26573,58.78089],[151.33815,59.50396],[149.78371,59.65573],[148.54481,59.16448],[145.48722,59.33637],[142.19782,59.03998],[138.958475,57.08804],[135.12619,54.72959],[136.70171,54.60355],[137.19342,53.97732],[138.164725,53.755014],[138.80463,54.25455],[139.901518,54.189664],[141.34531,53.08957],[141.379205,52.238776],[140.59742,51.23967],[140.51308,50.04553],[140.061973,48.446707],[138.554727,46.999664],[138.219708,46.307949],[136.862375,45.143498],[135.515377,43.988995],[134.869422,43.398204],[133.536893,42.81147],[132.906234,42.798499],[132.278055,43.284542],[130.935863,42.552752],[130.780007,42.220007],[130.400031,42.280004],[129.965949,41.941368],[129.667362,41.601104],[129.705189,40.882828],[129.188115,40.661808],[129.0104,40.485436],[128.633368,40.189847],[127.967414,40.025413],[127.533436,39.75685],[127.50212,39.323931],[127.385434,39.213472],[127.783343,39.050898],[128.349716,38.612243],[129.21292,37.432392],[129.46045,36.784189],[129.468304,35.632141],[129.091377,35.082484],[128.18585,34.890377],[127.386519,34.475674],[126.485748,34.390046],[126.37392,34.93456],[126.559231,35.684541],[126.117398,36.725485],[126.860143,36.893924],[126.174759,37.749686],[125.689104,37.94001],[125.568439,37.752089],[125.27533,37.669071],[125.240087,37.857224],[124.981033,37.948821],[124.712161,38.108346],[124.985994,38.548474],[125.221949,38.665857],[125.132859,38.848559],[125.38659,39.387958],[125.321116,39.551385],[124.737482,39.660344],[124.265625,39.928493],[122.86757,39.637788],[122.131388,39.170452],[121.054554,38.897471],[121.585995,39.360854],[121.376757,39.750261],[122.168595,40.422443],[121.640359,40.94639],[120.768629,40.593388],[119.639602,39.898056],[119.023464,39.252333],[118.042749,39.204274],[117.532702,38.737636],[118.059699,38.061476],[118.87815,37.897325],[118.911636,37.448464],[119.702802,37.156389],[120.823457,37.870428],[121.711259,37.481123],[122.357937,37.454484],[122.519995,36.930614],[121.104164,36.651329],[120.637009,36.11144],[119.664562,35.609791],[119.151208,34.909859],[120.227525,34.360332],[120.620369,33.376723],[121.229014,32.460319],[121.908146,31.692174],[121.891919,30.949352],[121.264257,30.676267],[121.503519,30.142915],[122.092114,29.83252],[121.938428,29.018022],[121.684439,28.225513],[121.125661,28.135673],[120.395473,27.053207],[119.585497,25.740781],[118.656871,24.547391],[117.281606,23.624501],[115.890735,22.782873],[114.763827,22.668074],[114.152547,22.22376],[113.80678,22.54834],[113.241078,22.051367],[111.843592,21.550494],[110.785466,21.397144],[110.509358,20.565412],[110.444039,20.341033],[109.889861,20.282457],[109.627655,21.008227],[109.864488,21.395051],[108.522813,21.715212],[108.05018,21.55238],[106.715068,20.696851],[105.881682,19.75205],[105.662006,19.058165],[106.426817,18.004121],[107.361954,16.697457],[108.269495,16.079742],[108.877107,15.276691],[109.33527,13.426028],[109.200136,11.666859],[108.36613,11.008321],[107.220929,10.364484],[106.405113,9.53084],[105.158264,8.59976],[104.795185,9.241038],[105.076202,9.918491],[104.334335,10.486544],[103.49728,10.632555],[103.09069,11.153661],[102.584932,12.186595],[101.687158,12.64574],[100.83181,12.627085],[100.978467,13.412722],[100.097797,13.406856],[100.018733,12.307001],[99.478921,10.846367],[99.153772,9.963061],[99.222399,9.239255],[99.873832,9.207862],[100.279647,8.295153],[100.459274,7.429573],[101.017328,6.856869],[101.623079,6.740622],[102.141187,6.221636],[102.371147,6.128205],[102.961705,5.524495],[103.381215,4.855001],[103.438575,4.181606],[103.332122,3.726698],[103.429429,3.382869],[103.502448,2.791019],[103.854674,2.515454],[104.247932,1.631141],[104.228811,1.293048],[103.519707,1.226334],[102.573615,1.967115],[101.390638,2.760814],[101.27354,3.270292],[100.695435,3.93914],[100.557408,4.76728],[100.196706,5.312493],[100.30626,6.040562],[100.085757,6.464489],[99.690691,6.848213],[99.519642,7.343454],[98.988253,7.907993],[98.503786,8.382305],[98.339662,7.794512],[98.150009,8.350007],[98.25915,8.973923],[98.553551,9.93296],[98.457174,10.675266],[98.764546,11.441292],[98.428339,12.032987],[98.509574,13.122378],[98.103604,13.64046],[97.777732,14.837286],[97.597072,16.100568],[97.16454,16.928734],[96.505769,16.427241],[95.369352,15.71439],[94.808405,15.803454],[94.188804,16.037936],[94.533486,17.27724],[94.324817,18.213514],[93.540988,19.366493],[93.663255,19.726962],[93.078278,19.855145],[92.368554,20.670883],[92.082886,21.192195],[92.025215,21.70157],[91.834891,22.182936],[91.417087,22.765019],[90.496006,22.805017],[90.586957,22.392794],[90.272971,21.836368],[89.847467,22.039146],[89.70205,21.857116],[89.418863,21.966179],[89.031961,22.055708],[88.888766,21.690588],[88.208497,21.703172],[86.975704,21.495562],[87.033169,20.743308],[86.499351,20.151638],[85.060266,19.478579],[83.941006,18.30201],[83.189217,17.671221],[82.192792,17.016636],[82.191242,16.556664],[81.692719,16.310219],[80.791999,15.951972],[80.324896,15.899185],[80.025069,15.136415],[80.233274,13.835771],[80.286294,13.006261],[79.862547,12.056215],[79.857999,10.357275],[79.340512,10.308854],[78.885345,9.546136],[79.18972,9.216544],[78.277941,8.933047],[77.941165,8.252959],[77.539898,7.965535],[76.592979,8.899276],[76.130061,10.29963],[75.746467,11.308251],[75.396101,11.781245],[74.864816,12.741936],[74.616717,13.992583],[74.443859,14.617222],[73.534199,15.990652],[73.119909,17.92857],[72.820909,19.208234],[72.824475,20.419503],[72.630533,21.356009],[71.175273,20.757441],[70.470459,20.877331],[69.16413,22.089298],[69.644928,22.450775],[69.349597,22.84318],[68.176645,23.691965],[67.443667,23.944844],[67.145442,24.663611],[66.372828,25.425141],[64.530408,25.237039],[62.905701,25.218409],[61.497363,25.078237],[59.616134,25.380157],[58.525761,25.609962],[57.397251,25.739902],[56.970766,26.966106],[56.492139,27.143305],[55.72371,26.964633],[54.71509,26.480658],[53.493097,26.812369],[52.483598,27.580849],[51.520763,27.86569],[50.852948,28.814521],[50.115009,30.147773],[49.57685,29.985715],[48.941333,30.31709],[48.567971,29.926778],[47.974519,29.975819],[48.183189,29.534477],[48.093943,29.306299],[48.416094,28.552004],[48.807595,27.689628],[49.299554,27.461218],[49.470914,27.109999],[50.152422,26.689663],[50.212935,26.277027],[50.113303,25.943972],[50.239859,25.60805],[50.527387,25.327808],[50.660557,24.999896],[50.810108,24.754743],[50.743911,25.482424],[51.013352,26.006992],[51.286462,26.114582],[51.589079,25.801113],[51.6067,25.21567],[51.389608,24.627386],[51.579519,24.245497],[51.757441,24.294073],[51.794389,24.019826],[52.577081,24.177439],[53.404007,24.151317],[54.008001,24.121758],[54.693024,24.797892],[55.439025,25.439145],[56.070821,26.055464],[56.362017,26.395934],[56.485679,26.309118],[56.391421,25.895991],[56.261042,25.714606],[56.396847,24.924732],[56.84514,24.241673],[57.403453,23.878594],[58.136948,23.747931],[58.729211,23.565668],[59.180502,22.992395],[59.450098,22.660271],[59.80806,22.533612],[59.806148,22.310525],[59.442191,21.714541],[59.282408,21.433886],[58.861141,21.114035],[58.487986,20.428986],[58.034318,20.481437],[57.826373,20.243002],[57.665762,19.736005],[57.7887,19.06757],[57.694391,18.94471],[57.234264,18.947991],[56.609651,18.574267],[56.512189,18.087113],[56.283521,17.876067],[55.661492,17.884128],[55.269939,17.632309],[55.2749,17.228354],[54.791002,16.950697],[54.239253,17.044981],[53.570508,16.707663],[53.108573,16.651051],[52.385206,16.382411],[52.191729,15.938433],[52.168165,15.59742],[51.172515,15.17525],[49.574576,14.708767],[48.679231,14.003202],[48.238947,13.94809],[47.938914,14.007233],[47.354454,13.59222],[46.717076,13.399699],[45.877593,13.347764],[45.62505,13.290946],[45.406459,13.026905],[45.144356,12.953938],[44.989533,12.699587],[44.494576,12.721653],[44.175113,12.58595],[43.482959,12.6368],[43.222871,13.22095],[43.251448,13.767584],[43.087944,14.06263],[42.892245,14.802249],[42.604873,15.213335],[42.805015,15.261963],[42.702438,15.718886],[42.823671,15.911742],[42.779332,16.347891],[42.649573,16.774635],[42.347989,17.075806],[42.270888,17.474722],[41.754382,17.833046],[41.221391,18.6716],[40.939341,19.486485],[40.247652,20.174635],[39.801685,20.338862],[39.139399,21.291905],[39.023696,21.986875],[39.066329,22.579656],[38.492772,23.688451],[38.02386,24.078686],[37.483635,24.285495],[37.154818,24.858483],[37.209491,25.084542],[36.931627,25.602959],[36.639604,25.826228],[36.249137,26.570136],[35.640182,27.37652],[35.130187,28.063352],[34.632336,28.058546],[34.787779,28.607427],[34.83222,28.957483],[34.956037,29.356555],[34.922603,29.501326],[34.641741,29.099413],[34.42656,28.343981],[34.154536,27.823315],[33.921372,27.6487],[33.58811,27.971368],[33.136768,28.417646],[32.42322,29.851072],[32.320436,29.760432],[32.734829,28.705225],[33.348745,27.699886],[34.104565,26.142281],[34.473896,25.598567],[34.795065,25.033744],[35.692426,23.926705],[35.493731,23.752375],[35.525977,23.10244],[36.690712,22.204847],[36.86623,22],[37.188717,21.018847],[36.969403,20.837436],[37.114717,19.807964],[37.481775,18.614084],[37.862733,18.367871],[38.41009,17.998307],[38.990623,16.840626],[39.26611,15.922723],[39.814294,15.435647],[41.179275,14.49108],[41.734952,13.921037],[42.276831,13.343992],[42.589576,13.000421],[43.081226,12.699639],[43.317852,12.390148],[43.286381,11.974928],[42.715874,11.735641],[43.145305,11.46204],[43.47066,11.27771],[43.666668,10.864169],[44.117804,10.445538],[44.614259,10.442205],[45.556941,10.698029],[46.645401,10.816549],[47.525658,11.127228],[48.021596,11.193064],[48.378784,11.375482],[48.948206,11.410622],[49.267773,11.430336],[49.728624,11.578906],[50.258772,11.679572],[50.732025,12.021902],[51.111227,12.024641],[51.133861,11.748146],[51.041515,11.166502],[51.045288,10.640901],[50.834189,10.279735],[50.552398,9.198741],[50.070929,8.081729],[49.452723,6.80465],[48.594533,5.339106],[47.740787,4.219407],[46.564734,2.855278],[45.563969,2.045767],[44.068143,1.052804],[43.135951,0.292179],[42.0416,-0.919168],[41.810968,-1.446475],[41.585142,-1.683256],[40.884771,-2.08256],[40.63785,-2.49979],[40.26304,-2.57309],[40.1212,-3.277681],[39.800083,-3.68117],[39.604901,-4.346556],[39.20222,-4.67677],[38.740509,-5.908941],[38.799782,-6.475677],[39.440001,-6.839996],[39.469974,-7.09998],[39.194693,-7.703922],[39.252002,-8.007831],[39.186528,-8.485528],[39.535758,-9.112363],[39.949583,-10.098401],[40.316589,-10.317096],[40.478387,-10.765441],[40.437253,-11.761711],[40.560811,-12.639177],[40.59962,-14.201975],[40.775475,-14.691764],[40.477251,-15.406294],[40.089264,-16.100774],[39.452559,-16.720891],[38.538351,-17.101023],[37.411133,-17.586368],[36.281279,-18.659688],[35.896497,-18.84226],[35.1984,-19.552811],[34.786383,-19.784012],[34.701893,-20.497043],[35.176127,-21.254361],[35.373428,-21.840837],[35.385848,-22.14],[35.562546,-22.09],[35.533935,-23.070788],[35.371774,-23.535359],[35.60747,-23.706563],[35.458746,-24.12261],[35.040735,-24.478351],[34.215824,-24.816314],[33.01321,-25.357573],[32.574632,-25.727318],[32.660363,-26.148584],[32.915955,-26.215867],[32.83012,-26.742192],[32.580265,-27.470158],[32.462133,-28.301011],[32.203389,-28.752405],[31.521001,-29.257387],[31.325561,-29.401978],[30.901763,-29.909957],[30.622813,-30.423776],[30.055716,-31.140269],[28.925553,-32.172041],[28.219756,-32.771953],[27.464608,-33.226964],[26.419452,-33.61495],[25.909664,-33.66704],[25.780628,-33.944646],[25.172862,-33.796851],[24.677853,-33.987176],[23.594043,-33.794474],[22.988189,-33.916431],[22.574157,-33.864083],[21.542799,-34.258839],[20.689053,-34.417175],[20.071261,-34.795137],[19.616405,-34.819166],[19.193278,-34.462599],[18.855315,-34.444306],[18.424643,-33.997873],[18.377411,-34.136521],[18.244499,-33.867752],[18.25008,-33.281431],[17.92519,-32.611291],[18.24791,-32.429131],[18.221762,-31.661633],[17.566918,-30.725721],[17.064416,-29.878641],[17.062918,-29.875954],[16.344977,-28.576705],[15.601818,-27.821247],[15.210472,-27.090956],[14.989711,-26.117372],[14.743214,-25.39292],[14.408144,-23.853014],[14.385717,-22.656653],[14.257714,-22.111208],[13.868642,-21.699037],[13.352498,-20.872834],[12.826845,-19.673166],[12.608564,-19.045349],[11.794919,-18.069129],[11.734199,-17.301889],[11.640096,-16.673142],[11.778537,-15.793816],[12.123581,-14.878316],[12.175619,-14.449144],[12.500095,-13.5477],[12.738479,-13.137906],[13.312914,-12.48363],[13.633721,-12.038645],[13.738728,-11.297863],[13.686379,-10.731076],[13.387328,-10.373578],[13.120988,-9.766897],[12.87537,-9.166934],[12.929061,-8.959091],[13.236433,-8.562629],[12.93304,-7.596539],[12.728298,-6.927122],[12.227347,-6.294448],[12.322432,-6.100092],[12.182337,-5.789931],[11.914963,-5.037987],[11.093773,-3.978827],[10.066135,-2.969483],[9.405245,-2.144313],[8.797996,-1.111301],[8.830087,-0.779074],[9.04842,-0.459351],[9.291351,0.268666],[9.492889,1.01012],[9.305613,1.160911],[9.649158,2.283866],[9.795196,3.073404],[9.404367,3.734527],[8.948116,3.904129],[8.744924,4.352215],[8.488816,4.495617],[8.500288,4.771983],[7.462108,4.412108],[7.082596,4.464689],[6.698072,4.240594],[5.898173,4.262453],[5.362805,4.887971],[5.033574,5.611802],[4.325607,6.270651],[3.57418,6.2583],[2.691702,6.258817],[1.865241,6.142158],[1.060122,5.928837],[-0.507638,5.343473],[-1.063625,5.000548],[-1.964707,4.710462],[-2.856125,4.994476],[-3.311084,4.984296],[-4.00882,5.179813],[-4.649917,5.168264],[-5.834496,4.993701],[-6.528769,4.705088],[-7.518941,4.338288],[-7.712159,4.364566],[-7.974107,4.355755],[-9.004794,4.832419],[-9.91342,5.593561],[-10.765384,6.140711],[-11.438779,6.785917],[-11.708195,6.860098],[-12.428099,7.262942],[-12.949049,7.798646],[-13.124025,8.163946],[-13.24655,8.903049],[-13.685154,9.494744],[-14.074045,9.886167],[-14.330076,10.01572],[-14.579699,10.214467],[-14.693232,10.656301],[-14.839554,10.876572],[-15.130311,11.040412],[-15.66418,11.458474],[-16.085214,11.524594],[-16.314787,11.806515],[-16.308947,11.958702],[-16.613838,12.170911],[-16.677452,12.384852],[-16.841525,13.151394],[-16.713729,13.594959],[-17.126107,14.373516],[-17.625043,14.729541],[-17.185173,14.919477],[-16.700706,15.621527],[-16.463098,16.135036],[-16.549708,16.673892],[-16.270552,17.166963],[-16.146347,18.108482],[-16.256883,19.096716]]}},{"type":"Feature","properties":{"scalerank":0,"featurecla":"Coastline","min_zoom":0,"layer":"coastline"},"bbox":[46.68201,36.700422,54.736845,47.048705],"geometry":{"type":"LineString","coordinates":[[46.68201,44.6092],[47.67591,45.64149],[48.64541,45.80629],[49.10116,46.39933],[50.034083,46.60899],[51.191945,47.048705],[52.042023,46.804637],[53.042737,46.853006],[53.220866,46.234646],[53.040876,45.259047],[52.16739,45.408391],[51.316899,45.245998],[51.278503,44.514854],[50.305643,44.609836],[50.339129,44.284016],[50.891292,44.031034],[51.342427,43.132975],[52.501426,42.792298],[52.692112,42.443895],[52.446339,42.027151],[52.50246,41.78333],[52.814689,41.135371],[52.91675,41.868117],[53.721713,42.123191],[54.008311,41.551211],[54.736845,40.951015],[53.858139,40.631034],[52.915251,40.876523],[52.693973,40.033629],[53.357808,39.975286],[53.101028,39.290574],[53.880929,38.952093],[53.735511,37.906136],[53.921598,37.198918],[53.82579,36.965031],[52.264025,36.700422],[50.842354,36.872814],[50.147771,37.374567],[49.199612,37.582874],[48.88327,38.32026],[48.856532,38.815486],[49.223228,39.049219],[49.395259,39.399482],[49.569202,40.176101],[50.392821,40.256561],[50.08483,40.526157],[49.618915,40.572924],[49.110264,41.282287],[48.58437,41.80888],[47.49252,42.98658],[47.59094,43.66016],[46.68201,44.6092]]}},{"type":"Feature","properties":{"scalerank":2,"featurecla":"River","name":"Donau","name_alt":"Danube","min_zoom":2.1,"name_en":"Danube","min_label":3.1,"wikidataid":"Q1653","label":"Donau","name_ar":"دانوب","name_bn":"দানিউব নদী","name_de":"Donau","name_es":"Danubio","name_fr":"Danube","name_el":"Δούναβης","name_hi":"डैन्यूब नदी","name_hu":"Duna","name_id":"Sungai Donau","name_it":"Danubio","name_ja":"ドナウ川","name_ko":"도나우강","name_nl":"Donau","name_pl":"Dunaj","name_pt":"Danúbio","name_ru":"Дунай","name_sv":"Donau","name_tr":"Tuna","name_vi":"Đa Nuýp","name_zh":"多瑙河","ne_id":1159118769,"name_he":"דנובה","name_uk":"Дунай","name_ur":"دریائے ڈینیوب","name_fa":"دانوب","name_zht":"多瑙河","layer":"river"},"bbox":[8.219788,43.688445,29.603289,49.027499],"geometry":{"type":"LineString","coordinates":[[8.219788,48.046809],[8.553359,47.980818],[9.414082,48.138354],[10.719894,48.64871],[11.683556,48.794128],[12.032992,49.027499],[12.155762,49.000756],[12.383785,48.951819],[12.506555,48.927556],[12.659698,48.875105],[12.996602,48.756094],[13.333507,48.636386],[13.48665,48.581841],[14.701666,48.234059],[14.995602,48.213052],[15.634426,48.374619],[15.936733,48.353483],[16.878071,48.171789],[17.488473,47.867466],[17.857133,47.758429],[18.696513,47.880954],[18.909885,47.8061],[19.025692,47.668202],[18.933243,47.175932],[18.952311,46.777765],[18.88229,46.279656],[18.764209,46.034348],[18.780513,45.965115],[18.810976,45.901436],[18.887225,45.806248],[19.009091,45.62166],[19.072769,45.521511],[19.155206,45.448001],[19.308633,45.313462],[19.392233,45.246825],[19.512975,45.232653],[19.776899,45.191428],[20.040488,45.148278],[20.160248,45.128305],[20.541982,44.801762],[20.767808,44.744194],[21.360071,44.82667],[21.562023,44.768947],[22.145088,44.478422],[22.459022,44.702517],[22.705726,44.578003],[22.474008,44.409228],[22.65715,44.234923],[22.944832,43.823785],[23.332302,43.897011],[24.100679,43.741051],[25.569272,43.688445],[26.065159,43.943494],[27.2424,44.175986],[27.285058,44.153042],[27.301517,44.133379],[27.384419,44.166555],[27.600853,44.235233],[27.823837,44.303084],[27.926389,44.33378],[28.052789,44.409408],[28.044108,44.495837],[27.876676,44.744117],[27.988194,45.218481],[28.04673,45.279317],[28.157447,45.395912],[28.223012,45.46937],[28.346118,45.434914],[28.563701,45.351095],[28.679779,45.304031],[29.149725,45.464925],[29.603289,45.293308]]}},{"type":"Feature","properties":{"scalerank":1,"featurecla":"River","name":"Nile","name_alt":null,"min_zoom":2,"name_en":"Nile","min_label":3,"wikidataid":"Q3392","label":"Nile","name_ar":"نهر النيل","name_bn":"নীলনদ","name_de":"Nil","name_es":"Nilo","name_fr":"Nil","name_el":"Νείλος","name_hi":"नील नदी","name_hu":"Nílus","name_id":"Sungai Nil","name_it":"Nilo","name_ja":"ナイル川","name_ko":"나일강","name_nl":"Nijl","name_pl":"Nil","name_pt":"Nilo","name_ru":"Нил","name_sv":"Nilen","name_tr":"Nil","name_vi":"Nin","name_zh":"尼罗河","ne_id":1159121589,"name_he":"נילוס","name_uk":"Ніл","name_ur":"دریائے نیل","name_fa":"نیل","name_zht":"尼羅河","layer":"river"},"bbox":[30.264024,0.261535,33.91269,31.531797],"geometry":{"type":"LineString","coordinates":[[33.206893,0.261535],[33.187256,0.428191],[32.893114,1.311445],[32.801505,1.366545],[32.624758,1.471713],[32.510037,1.536754],[32.362488,1.606879],[32.240957,1.665842],[32.17259,1.682223],[32.15936,1.72527],[32.294598,1.93058],[32.295321,2.07915],[32.188248,2.207824],[31.998647,2.284202],[31.76693,2.292935],[31.662944,2.267],[31.469906,2.218877],[31.366231,2.193096],[31.420646,2.296876],[31.474751,2.400577],[31.457168,2.538211],[31.439559,2.675728],[31.461418,2.950415],[31.564048,3.224661],[31.719749,3.435217],[32.015855,3.613656],[31.729567,4.022597],[31.604666,4.342681],[31.603477,4.686278],[31.745536,5.419282],[31.672827,5.929974],[31.148311,6.829661],[30.789935,7.24129],[30.592066,7.544191],[30.458431,7.880398],[30.288415,8.573095],[30.264024,8.90894],[30.329911,9.210988],[30.519099,9.399375],[30.79226,9.460818],[31.124747,9.432525],[31.321582,9.404077],[31.53852,9.45963],[31.783931,9.633934],[32.158224,10.040008],[32.239459,10.22041],[32.175122,10.439415],[32.199203,10.569743],[32.584812,11.130329],[32.688114,11.470721],[32.749144,11.99534],[32.778599,12.634268],[32.748058,12.995693],[32.650183,13.344948],[32.31718,14.124565],[32.253618,14.462838],[32.490141,15.63455],[32.559336,15.945513],[32.702738,16.218752],[32.951095,16.438583],[33.312003,16.642395],[33.580462,16.871865],[33.772337,17.168358],[33.881064,17.55557],[33.91269,17.913816],[33.877343,18.197313],[33.595914,18.804899],[33.379699,19.42313],[33.159093,19.448529],[32.91704,19.400418],[32.644654,19.24836],[32.092904,18.793685],[31.494801,18.150107],[31.310007,18.039494],[31.14459,18.035024],[30.977262,18.077657],[30.821871,18.20553],[30.685083,18.406887],[30.494501,19.024498],[30.34774,19.821762],[30.55858,20.085906],[30.585245,20.194582],[30.364896,20.52867],[30.345466,20.650626],[30.611806,21.054632],[31.09064,21.609198],[31.433565,22.096739],[31.772356,22.44478],[32.004486,22.617845],[32.451177,22.729621],[32.58905,22.860879],[32.745113,23.069135],[32.859576,23.350978],[32.896835,23.659796],[32.879471,23.987683],[32.888928,24.563049],[32.841334,24.885923],[32.589773,25.32724],[32.523214,25.612003],[32.724442,25.876612],[32.749195,26.003994],[32.664601,26.084661],[32.121947,26.138508],[31.785223,26.490476],[31.303547,27.098553],[31.085886,27.299419],[30.927446,27.520129],[30.852825,27.769003],[30.837426,28.037669],[30.77159,28.267887],[30.798978,28.455757],[31.168568,29.302527],[31.227273,29.652299],[31.237608,30.120694],[31.175544,31.016893],[31.033538,31.531797]]}},{"type":"Feature","properties":{"featurecla":"Admin-0 country","scalerank":1,"LABELRANK":7,"SOVEREIGNT":"Western Sahara","SOV_A3":"SAH","ADM0_DIF":0,"LEVEL":2,"TYPE":"Indeterminate","TLC":"1","ADMIN":"Western Sahara","ADM0_A3":"SAH","GEOU_DIF":0,"GEOUNIT":"Western Sahara","GU_A3":"SAH","SU_DIF":0,"SUBUNIT":"Western Sahara","SU_A3":"SAH","BRK_DIFF":1,"NAME":"W. Sahara","NAME_LONG":"Western Sahara","BRK_A3":"B28","BRK_NAME":"W. Sahara","BRK_GROUP":null,"ABBREV":"W. Sah.","POSTAL":"WS","FORMAL_EN":"Sahrawi Arab Democratic Republic","FORMAL_FR":null,"NAME_CIAWF":"Western Sahara","NOTE_ADM0":null,"NOTE_BRK":"Self admin.; Claimed by Morocco","NAME_SORT":"Western Sahara","NAME_ALT":null,"MAPCOLOR7":4,"MAPCOLOR8":7,"MAPCOLOR9":4,"MAPCOLOR13":4,"POP_EST":603253,"POP_RANK":11,"POP_YEAR":2017,"GDP_MD":907,"GDP_YEAR":2007,"ECONOMY":"7. Least developed region","INCOME_GRP":"5. Low income","FIPS_10":"WI","ISO_A2":"EH","ISO_A2_EH":"EH","ISO_A3":"ESH","ISO_A3_EH":"ESH","ISO_N3":"732","ISO_N3_EH":"732","UN_A3":"732","WB_A2":"-99","WB_A3":"-99","WOE_ID":23424990,"WOE_ID_EH":23424990,"WOE_NOTE":"Exact WOE match as country","ADM0_ISO":"B28","ADM0_DIFF":null,"ADM0_TLC":"B28","ADM0_A3_US":"SAH","ADM0_A3_FR":"MAR","ADM0_A3_RU":"SAH","ADM0_A3_ES":"SAH","ADM0_A3_CN":"SAH","ADM0_A3_TW":"SAH","ADM0_A3_IN":"MAR","ADM0_A3_NP":"SAH","ADM0_A3_PK":"SAH","ADM0_A3_DE":"SAH","ADM0_A3_GB":"SAH","ADM0_A3_BR":"SAH","ADM0_A3_IL":"SAH","ADM0_A3_PS":"MAR","ADM0_A3_SA":"MAR","ADM0_A3_EG":"SAH","ADM0_A3_MA":"MAR","ADM0_A3_PT":"SAH","ADM0_A3_AR":"SAH","ADM0_A3_JP":"SAH","ADM0_A3_KO":"SAH","ADM0_A3_VN":"SAH","ADM0_A3_TR":"MAR","ADM0_A3_ID":"MAR","ADM0_A3_PL":"MAR","ADM0_A3_GR":"SAH","ADM0_A3_IT":"SAH","ADM0_A3_NL":"MAR","ADM0_A3_SE":"SAH","ADM0_A3_BD":"SAH","ADM0_A3_UA":"SAH","ADM0_A3_UN":-99,"ADM0_A3_WB":-99,"CONTINENT":"Africa","REGION_UN":"Africa","SUBREGION":"Northern Africa","REGION_WB":"Middle East & North Africa","NAME_LEN":9,"LONG_LEN":14,"ABBREV_LEN":7,"TINY":-99,"HOMEPART":1,"MIN_ZOOM":4.7,"MIN_LABEL":6,"MAX_LABEL":11,"LABEL_X":-12.630304,"LABEL_Y":23.967592,"NE_ID":1159321223,"WIKIDATAID":"Q6250","NAME_AR":"الصحراء الغربية","NAME_BN":"পশ্চিম সাহারা","NAME_DE":"Westsahara","NAME_EN":"Western Sahara","NAME_ES":"Sahara Occidental","NAME_FA":"صحرای غربی","NAME_FR":"Sahara occidental","NAME_EL":"Δυτική Σαχάρα","NAME_HE":"סהרה המערבית","NAME_HI":"पश्चिमी सहारा","NAME_HU":"Nyugat-Szahara","NAME_ID":"Sahara Barat","NAME_IT":"Sahara Occidentale","NAME_JA":"西サハラ","NAME_KO":"서사하라","NAME_NL":"Westelijke Sahara","NAME_PL":"Sahara Zachodnia","NAME_PT":"Sara Ocidental","NAME_RU":"Западная Сахара","NAME_SV":"Västsahara","NAME_TR":"Batı Sahra","NAME_UK":"Західна Сахара","NAME_UR":"مغربی صحارا","NAME_VI":"Tây Sahara","NAME_ZH":"西撒哈拉","NAME_ZHT":"西撒哈拉","FCLASS_ISO":"Admin-0 dependency","TLC_DIFF":null,"FCLASS_TLC":"Admin-0 dependency","FCLASS_US":null,"FCLASS_FR":"Unrecognized","FCLASS_RU":null,"FCLASS_ES":null,"FCLASS_CN":null,"FCLASS_TW":null,"FCLASS_IN":"Unrecognized","FCLASS_NP":null,"FCLASS_PK":null,"FCLASS_DE":null,"FCLASS_GB":null,"FCLASS_BR":null,"FCLASS_IL":null,"FCLASS_PS":"Unrecognized","FCLASS_SA":"Unrecognized","FCLASS_EG":null,"FCLASS_MA":"Unrecognized","FCLASS_PT":null,"FCLASS_AR":null,"FCLASS_JP":null,"FCLASS_KO":null,"FCLASS_VN":null,"FCLASS_TR":"Unrecognized","FCLASS_ID":"Unrecognized","FCLASS_PL":"Unrecognized","FCLASS_GR":null,"FCLASS_IT":null,"FCLASS_NL":"Unrecognized","FCLASS_SE":null,"FCLASS_BD":null,"FCLASS_UA":null,"layer":"border"},"bbox":[-17.063423,20.999752,-8.665124,27.656426],"geometry":{"type":"Polygon","coordinates":[[[-8.66559,27.656426],[-8.665124,27.589479],[-8.6844,27.395744],[-8.687294,25.881056],[-11.969419,25.933353],[-11.937224,23.374594],[-12.874222,23.284832],[-13.118754,22.77122],[-12.929102,21.327071],[-16.845194,21.333323],[-17.063423,20.999752],[-17.020428,21.42231],[-17.002962,21.420734],[-14.750955,21.5006],[-14.630833,21.86094],[-14.221168,22.310163],[-13.89111,23.691009],[-12.500963,24.770116],[-12.030759,26.030866],[-11.71822,26.104092],[-11.392555,26.883424],[-10.551263,26.990808],[-10.189424,26.860945],[-9.735343,26.860945],[-9.413037,27.088476],[-8.794884,27.120696],[-8.817828,27.656426],[-8.66559,27.656426]]]}},{"type":"Feature","properties":{"featurecla":"Admin-0 country","scalerank":1,"LABELRANK":3,"SOVEREIGNT":"Kazakhstan","SOV_A3":"KA1","ADM0_DIF":1,"LEVEL":1,"TYPE":"Sovereignty","TLC":"1","ADMIN":"Kazakhstan","ADM0_A3":"KAZ","GEOU_DIF":0,"GEOUNIT":"Kazakhstan","GU_A3":"KAZ","SU_DIF":0,"SUBUNIT":"Kazakhstan","SU_A3":"KAZ","BRK_DIFF":0,"NAME":"Kazakhstan","NAME_LONG":"Kazakhstan","BRK_A3":"KAZ","BRK_NAME":"Kazakhstan","BRK_GROUP":null,"ABBREV":"Kaz.","POSTAL":"KZ","FORMAL_EN":"Republic of Kazakhstan","FORMAL_FR":null,"NAME_CIAWF":"Kazakhstan","NOTE_ADM0":null,"NOTE_BRK":null,"NAME_SORT":"Kazakhstan","NAME_ALT":null,"MAPCOLOR7":6,"MAPCOLOR8":1,"MAPCOLOR9":6,"MAPCOLOR13":1,"POP_EST":18513930,"POP_RANK":14,"POP_YEAR":2019,"GDP_MD":181665,"GDP_YEAR":2019,"ECONOMY":"6. Developing region","INCOME_GRP":"3. Upper middle income","FIPS_10":"KZ","ISO_A2":"KZ","ISO_A2_EH":"KZ","ISO_A3":"KAZ","ISO_A3_EH":"KAZ","ISO_N3":"398","ISO_N3_EH":"398","UN_A3":"398","WB_A2":"KZ","WB_A3":"KAZ","WOE_ID":-90,"WOE_ID_EH":23424871,"WOE_NOTE":"Includes Baykonur Cosmodrome as an Admin-1 states provinces","ADM0_ISO":"KAZ","ADM0_DIFF":null,"ADM0_TLC":"KAZ","ADM0_A3_US":"KAZ","ADM0_A3_FR":"KAZ","ADM0_A3_RU":"KAZ","ADM0_A3_ES":"KAZ","ADM0_A3_CN":"KAZ","ADM0_A3_TW":"KAZ","ADM0_A3_IN":"KAZ","ADM0_A3_NP":"KAZ","ADM0_A3_PK":"KAZ","ADM0_A3_DE":"KAZ","ADM0_A3_GB":"KAZ","ADM0_A3_BR":"KAZ","ADM0_A3_IL":"KAZ","ADM0_A3_PS":"KAZ","ADM0_A3_SA":"KAZ","ADM0_A3_EG":"KAZ","ADM0_A3_MA":"KAZ","ADM0_A3_PT":"KAZ","ADM0_A3_AR":"KAZ","ADM0_A3_JP":"KAZ","ADM0_A3_KO":"KAZ","ADM0_A3_VN":"KAZ","ADM0_A3_TR":"KAZ","ADM0_A3_ID":"KAZ","ADM0_A3_PL":"KAZ","ADM0_A3_GR":"KAZ","ADM0_A3_IT":"KAZ","ADM0_A3_NL":"KAZ","ADM0_A3_SE":"KAZ","ADM0_A3_BD":"KAZ","ADM0_A3_UA":"KAZ","ADM0_A3_UN":-99,"ADM0_A3_WB":-99,"CONTINENT":"Asia","REGION_UN":"Asia","SUBREGION":"Central Asia","REGION_WB":"Europe & Central Asia","NAME_LEN":10,"LONG_LEN":10,"ABBREV_LEN":4,"TINY":-99,"HOMEPART":1,"MIN_ZOOM":0,"MIN_LABEL":2.7,"MAX_LABEL":7,"LABEL_X":68.685548,"LABEL_Y":49.054149,"NE_ID":1159320967,"WIKIDATAID":"Q232","NAME_AR":"كازاخستان","NAME_BN":"কাজাখস্তান","NAME_DE":"Kasachstan","NAME_EN":"Kazakhstan","NAME_ES":"Kazajistán","NAME_FA":"قزاقستان","NAME_FR":"Kazakhstan","NAME_EL":"Καζακστάν","NAME_HE":"קזחסטן","NAME_HI":"कज़ाख़िस्तान","NAME_HU":"Kazahsztán","NAME_ID":"Kazakhstan","NAME_IT":"Kazakistan","NAME_JA":"カザフスタン","NAME_KO":"카자흐스탄","NAME_NL":"Kazachstan","NAME_PL":"Kazachstan","NAME_PT":"Cazaquistão","NAME_RU":"Казахстан","NAME_SV":"Kazakstan","NAME_TR":"Kazakistan","NAME_UK":"Казахстан","NAME_UR":"قازقستان","NAME_VI":"Kazakhstan","NAME_ZH":"哈萨克斯坦","NAME_ZHT":"哈薩克","FCLASS_ISO":"Admin-0 country","TLC_DIFF":null,"FCLASS_TLC":"Admin-0 country","FCLASS_US":null,"FCLASS_FR":null,"FCLASS_RU":null,"FCLASS_ES":null,"FCLASS_CN":null,"FCLASS_TW":null,"FCLASS_IN":null,"FCLASS_NP":null,"FCLASS_PK":null,"FCLASS_DE":null,"FCLASS_GB":null,"FCLASS_BR":null,"FCLASS_IL":null,"FCLASS_PS":null,"FCLASS_SA":null,"FCLASS_EG":null,"FCLASS_MA":null,"FCLASS_PT":null,"FCLASS_AR":null,"FCLASS_JP":null,"FCLASS_KO":null,"FCLASS_VN":null,"FCLASS_TR":null,"FCLASS_ID":null,"FCLASS_PL":null,"FCLASS_GR":null,"FCLASS_IT":null,"FCLASS_NL":null,"FCLASS_SE":null,"FCLASS_BD":null,"FCLASS_UA":null,"layer":"border"},"bbox":[46.466446,40.662325,87.35997,55.38525],"geometry":{"type":"Polygon","coordinates":[[[87.35997,49.214981],[86.598776,48.549182],[85.768233,48.455751],[85.720484,47.452969],[85.16429,47.000956],[83.180484,47.330031],[82.458926,45.53965],[81.947071,45.317027],[79.966106,44.917517],[80.866206,43.180362],[80.18015,42.920068],[80.25999,42.349999],[79.643645,42.496683],[79.142177,42.856092],[77.658392,42.960686],[76.000354,42.988022],[75.636965,42.8779],[74.212866,43.298339],[73.645304,43.091272],[73.489758,42.500894],[71.844638,42.845395],[71.186281,42.704293],[70.962315,42.266154],[70.388965,42.081308],[69.070027,41.384244],[68.632483,40.668681],[68.259896,40.662325],[67.985856,41.135991],[66.714047,41.168444],[66.510649,41.987644],[66.023392,41.994646],[66.098012,42.99766],[64.900824,43.728081],[63.185787,43.650075],[62.0133,43.504477],[61.05832,44.405817],[60.239972,44.784037],[58.689989,45.500014],[58.503127,45.586804],[55.928917,44.995858],[55.968191,41.308642],[55.455251,41.259859],[54.755345,42.043971],[54.079418,42.324109],[52.944293,42.116034],[52.50246,41.783316],[52.446339,42.027151],[52.692112,42.443895],[52.501426,42.792298],[51.342427,43.132975],[50.891292,44.031034],[50.339129,44.284016],[50.305643,44.609836],[51.278503,44.514854],[51.316899,45.245998],[52.16739,45.408391],[53.040876,45.259047],[53.220866,46.234646],[53.042737,46.853006],[52.042023,46.804637],[51.191945,47.048705],[50.034083,46.60899],[49.10116,46.39933],[48.59325,46.56104],[48.694734,47.075628],[48.05725,47.74377],[47.31524,47.71585],[46.466446,48.394152],[47.043672,49.152039],[46.751596,49.356006],[47.54948,50.454698],[48.577841,49.87476],[48.702382,50.605128],[50.766648,51.692762],[52.328724,51.718652],[54.532878,51.02624],[55.71694,50.62171],[56.77798,51.04355],[58.36332,51.06364],[59.642282,50.545442],[59.932807,50.842194],[61.337424,50.79907],[61.588003,51.272659],[59.967534,51.96042],[60.927269,52.447548],[60.739993,52.719986],[61.699986,52.979996],[60.978066,53.664993],[61.4366,54.00625],[65.178534,54.354228],[65.66687,54.60125],[68.1691,54.970392],[69.068167,55.38525],[70.865267,55.169734],[71.180131,54.133285],[72.22415,54.376655],[73.508516,54.035617],[73.425679,53.48981],[74.38482,53.54685],[76.8911,54.490524],[76.525179,54.177003],[77.800916,53.404415],[80.03556,50.864751],[80.568447,51.388336],[81.945986,50.812196],[83.383004,51.069183],[83.935115,50.889246],[84.416377,50.3114],[85.11556,50.117303],[85.54127,49.692859],[86.829357,49.826675],[87.35997,49.214981]]]}},{"type":"Feature","properties":{"featurecla":"Admin-0 country","scalerank":1,"LABELRANK":3,"SOVEREIGNT":"Uzbekistan","SOV_A3":"UZB","ADM0_DIF":0,"LEVEL":2,"TYPE":"Sovereign country","TLC":"1","ADMIN":"Uzbekistan","ADM0_A3":"UZB","GEOU_DIF":0,"GEOUNIT":"Uzbekistan","GU_A3":"UZB","SU_DIF":0,"SUBUNIT":"Uzbekistan","SU_A3":"UZB","BRK_DIFF":0,"NAME":"Uzbekistan","NAME_LONG":"Uzbekistan","BRK_A3":"UZB","BRK_NAME":"Uzbekistan","BRK_GROUP":null,"ABBREV":"Uzb.","POSTAL":"UZ","FORMAL_EN":"Republic of Uzbekistan","FORMAL_FR":null,"NAME_CIAWF":"Uzbekistan","NOTE_ADM0":null,"NOTE_BRK":null,"NAME_SORT":"Uzbekistan","NAME_ALT":null,"MAPCOLOR7":2,"MAPCOLOR8":3,"MAPCOLOR9":5,"MAPCOLOR13":4,"POP_EST":33580650,"POP_RANK":15,"POP_YEAR":2019,"GDP_MD":57921,"GDP_YEAR":2019,"ECONOMY":"6. Developing region","INCOME_GRP":"4. Lower middle income","FIPS_10":"UZ","ISO_A2":"UZ","ISO_A2_EH":"UZ","ISO_A3":"UZB","ISO_A3_EH":"UZB","ISO_N3":"860","ISO_N3_EH":"860","UN_A3":"860","WB_A2":"UZ","WB_A3":"UZB","WOE_ID":23424980,"WOE_ID_EH":23424980,"WOE_NOTE":"Exact WOE match as country","ADM0_ISO":"UZB","ADM0_DIFF":null,"ADM0_TLC":"UZB","ADM0_A3_US":"UZB","ADM0_A3_FR":"UZB","ADM0_A3_RU":"UZB","ADM0_A3_ES":"UZB","ADM0_A3_CN":"UZB","ADM0_A3_TW":"UZB","ADM0_A3_IN":"UZB","ADM0_A3_NP":"UZB","ADM0_A3_PK":"UZB","ADM0_A3_DE":"UZB","ADM0_A3_GB":"UZB","ADM0_A3_BR":"UZB","ADM0_A3_IL":"UZB","ADM0_A3_PS":"UZB","ADM0_A3_SA":"UZB","ADM0_A3_EG":"UZB","ADM0_A3_MA":"UZB","ADM0_A3_PT":"UZB","ADM0_A3_AR":"UZB","ADM0_A3_JP":"UZB","ADM0_A3_KO":"UZB","ADM0_A3_VN":"UZB","ADM0_A3_TR":"UZB","ADM0_A3_ID":"UZB","ADM0_A3_PL":"UZB","ADM0_A3_GR":"UZB","ADM0_A3_IT":"UZB","ADM0_A3_NL":"UZB","ADM0_A3_SE":"UZB","ADM0_A3_BD":"UZB","ADM0_A3_UA":"UZB","ADM0_A3_UN":-99,"ADM0_A3_WB":-99,"CONTINENT":"Asia","REGION_UN":"Asia","SUBREGION":"Central Asia","REGION_WB":"Europe & Central Asia","NAME_LEN":10,"LONG_LEN":10,"ABBREV_LEN":4,"TINY":5,"HOMEPART":1,"MIN_ZOOM":0,"MIN_LABEL":3,"MAX_LABEL":8,"LABEL_X":64.005429,"LABEL_Y":41.693603,"NE_ID":1159321405,"WIKIDATAID":"Q265","NAME_AR":"أوزبكستان","NAME_BN":"উজবেকিস্তান","NAME_DE":"Usbekistan","NAME_EN":"Uzbekistan","NAME_ES":"Uzbekistán","NAME_FA":"ازبکستان","NAME_FR":"Ouzbékistan","NAME_EL":"Ουζμπεκιστάν","NAME_HE":"אוזבקיסטן","NAME_HI":"उज़्बेकिस्तान","NAME_HU":"Üzbegisztán","NAME_ID":"Uzbekistan","NAME_IT":"Uzbekistan","NAME_JA":"ウズベキスタン","NAME_KO":"우즈베키스탄","NAME_NL":"Oezbekistan","NAME_PL":"Uzbekistan","NAME_PT":"Uzbequistão","NAME_RU":"Узбекистан","NAME_SV":"Uzbekistan","NAME_TR":"Özbekistan","NAME_UK":"Узбекистан","NAME_UR":"ازبکستان","NAME_VI":"Uzbekistan","NAME_ZH":"乌兹别克斯坦","NAME_ZHT":"烏茲別克","FCLASS_ISO":"Admin-0 country","TLC_DIFF":null,"FCLASS_TLC":"Admin-0 country","FCLASS_US":null,"FCLASS_FR":null,"FCLASS_RU":null,"FCLASS_ES":null,"FCLASS_CN":null,"FCLASS_TW":null,"FCLASS_IN":null,"FCLASS_NP":null,"FCLASS_PK":null,"FCLASS_DE":null,"FCLASS_GB":null,"FCLASS_BR":null,"FCLASS_IL":null,"FCLASS_PS":null,"FCLASS_SA":null,"FCLASS_EG":null,"FCLASS_MA":null,"FCLASS_PT":null,"FCLASS_AR":null,"FCLASS_JP":null,"FCLASS_KO":null,"FCLASS_VN":null,"FCLASS_TR":null,"FCLASS_ID":null,"FCLASS_PL":null,"FCLASS_GR":null,"FCLASS_IT":null,"FCLASS_NL":null,"FCLASS_SE":null,"FCLASS_BD":null,"FCLASS_UA":null,"layer":"border"},"bbox":[55.928917,37.144994,73.055417,45.586804],"geometry":{"type":"Polygon","coordinates":[[[55.968191,41.308642],[55.928917,44.995858],[58.503127,45.586804],[58.689989,45.500014],[60.239972,44.784037],[61.05832,44.405817],[62.0133,43.504477],[63.185787,43.650075],[64.900824,43.728081],[66.098012,42.99766],[66.023392,41.994646],[66.510649,41.987644],[66.714047,41.168444],[67.985856,41.135991],[68.259896,40.662325],[68.632483,40.668681],[69.070027,41.384244],[70.388965,42.081308],[70.962315,42.266154],[71.259248,42.167711],[70.420022,41.519998],[71.157859,41.143587],[71.870115,41.3929],[73.055417,40.866033],[71.774875,40.145844],[71.014198,40.244366],[70.601407,40.218527],[70.45816,40.496495],[70.666622,40.960213],[69.329495,40.727824],[69.011633,40.086158],[68.536416,39.533453],[67.701429,39.580478],[67.44222,39.140144],[68.176025,38.901553],[68.392033,38.157025],[67.83,37.144994],[67.075782,37.356144],[66.518607,37.362784],[66.54615,37.974685],[65.215999,38.402695],[64.170223,38.892407],[63.518015,39.363257],[62.37426,40.053886],[61.882714,41.084857],[61.547179,41.26637],[60.465953,41.220327],[60.083341,41.425146],[59.976422,42.223082],[58.629011,42.751551],[57.78653,42.170553],[56.932215,41.826026],[57.096391,41.32231],[55.968191,41.308642]]]}},{"type":"Feature","properties":{"featurecla":"Admin-0 country","scalerank":1,"LABELRANK":6,"SOVEREIGNT":"Somalia","SOV_A3":"SOM","ADM0_DIF":0,"LEVEL":2,"TYPE":"Sovereign country","TLC":"1","ADMIN":"Somalia","ADM0_A3":"SOM","GEOU_DIF":0,"GEOUNIT":"Somalia","GU_A3":"SOM","SU_DIF":0,"SUBUNIT":"Somalia","SU_A3":"SOM","BRK_DIFF":0,"NAME":"Somalia","NAME_LONG":"Somalia","BRK_A3":"SOM","BRK_NAME":"Somalia","BRK_GROUP":null,"ABBREV":"Som.","POSTAL":"SO","FORMAL_EN":"Federal Republic of Somalia","FORMAL_FR":null,"NAME_CIAWF":"Somalia","NOTE_ADM0":null,"NOTE_BRK":null,"NAME_SORT":"Somalia","NAME_ALT":null,"MAPCOLOR7":2,"MAPCOLOR8":8,"MAPCOLOR9":6,"MAPCOLOR13":7,"POP_EST":10192317.3,"POP_RANK":14,"POP_YEAR":2019,"GDP_MD":4719,"GDP_YEAR":2016,"ECONOMY":"7. Least developed region","INCOME_GRP":"5. Low income","FIPS_10":"SO","ISO_A2":"SO","ISO_A2_EH":"SO","ISO_A3":"SOM","ISO_A3_EH":"SOM","ISO_N3":"706","ISO_N3_EH":"706","UN_A3":"706","WB_A2":"SO","WB_A3":"SOM","WOE_ID":-90,"WOE_ID_EH":23424949,"WOE_NOTE":"Includes Somaliland (2347021, 2347020, 2347017 and portion of 2347016)","ADM0_ISO":"SOM","ADM0_DIFF":null,"ADM0_TLC":"SOM","ADM0_A3_US":"SOM","ADM0_A3_FR":"SOM","ADM0_A3_RU":"SOM","ADM0_A3_ES":"SOM","ADM0_A3_CN":"SOM","ADM0_A3_TW":"SOM","ADM0_A3_IN":"SOM","ADM0_A3_NP":"SOM","ADM0_A3_PK":"SOM","ADM0_A3_DE":"SOM","ADM0_A3_GB":"SOM","ADM0_A3_BR":"SOM","ADM0_A3_IL":"SOM","ADM0_A3_PS":"SOM","ADM0_A3_SA":"SOM","ADM0_A3_EG":"SOM","ADM0_A3_MA":"SOM","ADM0_A3_PT":"SOM","ADM0_A3_AR":"SOM","ADM0_A3_JP":"SOM","ADM0_A3_KO":"SOM","ADM0_A3_VN":"SOM","ADM0_A3_TR":"SOM","ADM0_A3_ID":"SOM","ADM0_A3_PL":"SOM","ADM0_A3_GR":"SOM","ADM0_A3_IT":"SOM","ADM0_A3_NL":"SOM","ADM0_A3_SE":"SOM","ADM0_A3_BD":"SOM","ADM0_A3_UA":"SOM","ADM0_A3_UN":-99,"ADM0_A3_WB":-99,"CONTINENT":"Africa","REGION_UN":"Africa","SUBREGION":"Eastern Africa","REGION_WB":"Sub-Saharan Africa","NAME_LEN":7,"LONG_LEN":7,"ABBREV_LEN":4,"TINY":-99,"HOMEPART":1,"MIN_ZOOM":0,"MIN_LABEL":4,"MAX_LABEL":9,"LABEL_X":45.19238,"LABEL_Y":3.568925,"NE_ID":1159321261,"WIKIDATAID":"Q1045","NAME_AR":"الصومال","NAME_BN":"সোমালিয়া","NAME_DE":"Somalia","NAME_EN":"Somalia","NAME_ES":"Somalia","NAME_FA":"سومالی","NAME_FR":"Somalie","NAME_EL":"Σομαλία","NAME_HE":"סומליה","NAME_HI":"सोमालिया","NAME_HU":"Szomália","NAME_ID":"Somalia","NAME_IT":"Somalia","NAME_JA":"ソマリア","NAME_KO":"소말리아","NAME_NL":"Somalië","NAME_PL":"Somalia","NAME_PT":"Somália","NAME_RU":"Сомали","NAME_SV":"Somalia","NAME_TR":"Somali","NAME_UK":"Сомалі","NAME_UR":"صومالیہ","NAME_VI":"Somalia","NAME_ZH":"索马里","NAME_ZHT":"索馬利亞","FCLASS_ISO":"Admin-0 country","TLC_DIFF":null,"FCLASS_TLC":"Admin-0 country","FCLASS_US":null,"FCLASS_FR":null,"FCLASS_RU":null,"FCLASS_ES":null,"FCLASS_CN":null,"FCLASS_TW":null,"FCLASS_IN":null,"FCLASS_NP":null,"FCLASS_PK":null,"FCLASS_DE":null,"FCLASS_GB":null,"FCLASS_BR":null,"FCLASS_IL":null,"FCLASS_PS":null,"FCLASS_SA":null,"FCLASS_EG":null,"FCLASS_MA":null,"FCLASS_PT":null,"FCLASS_AR":null,"FCLASS_JP":null,"FCLASS_KO":null,"FCLASS_VN":null,"FCLASS_TR":null,"FCLASS_ID":null,"FCLASS_PL":null,"FCLASS_GR":null,"FCLASS_IT":null,"FCLASS_NL":null,"FCLASS_SE":null,"FCLASS_BD":null,"FCLASS_UA":null,"layer":"border"},"bbox":[40.98105,-1.68325,51.13387,12.02464],"geometry":{"type":"Polygon","coordinates":[[[41.58513,-1.68325],[40.993,-0.85829],[40.98105,2.78452],[41.855083,3.918912],[42.12861,4.23413],[42.76967,4.25259],[43.66087,4.95755],[44.9636,5.00162],[47.78942,8.003],[48.486736,8.837626],[48.93813,9.451749],[48.938233,9.9735],[48.938491,10.982327],[48.942005,11.394266],[48.948205,11.410617],[48.948205,11.410617],[49.26776,11.43033],[49.72862,11.5789],[50.25878,11.67957],[50.73202,12.0219],[51.1112,12.02464],[51.13387,11.74815],[51.04153,11.16651],[51.04531,10.6409],[50.83418,10.27972],[50.55239,9.19874],[50.07092,8.08173],[49.4527,6.80466],[48.59455,5.33911],[47.74079,4.2194],[46.56476,2.85529],[45.56399,2.04576],[44.06815,1.05283],[43.13597,0.2922],[42.04157,-0.91916],[41.81095,-1.44647],[41.58513,-1.68325]]]}},{"type":"Feature","properties":{"featurecla":"Admin-0 country","scalerank":1,"LABELRANK":3,"SOVEREIGNT":"Sudan","SOV_A3":"SDN","ADM0_DIF":0,"LEVEL":2,"TYPE":"Sovereign country","TLC":"1","ADMIN":"Sudan","ADM0_A3":"SDN","GEOU_DIF":0,"GEOUNIT":"Sudan","GU_A3":"SDN","SU_DIF":0,"SUBUNIT":"Sudan","SU_A3":"SDN","BRK_DIFF":0,"NAME":"Sudan","NAME_LONG":"Sudan","BRK_A3":"SDN","BRK_NAME":"Sudan","BRK_GROUP":null,"ABBREV":"Sudan","POSTAL":"SD","FORMAL_EN":"Republic of the Sudan","FORMAL_FR":null,"NAME_CIAWF":"Sudan","NOTE_ADM0":null,"NOTE_BRK":null,"NAME_SORT":"Sudan","NAME_ALT":null,"MAPCOLOR7":2,"MAPCOLOR8":6,"MAPCOLOR9":4,"MAPCOLOR13":1,"POP_EST":42813238,"POP_RANK":15,"POP_YEAR":2019,"GDP_MD":30513,"GDP_YEAR":2019,"ECONOMY":"6. Developing region","INCOME_GRP":"4. Lower middle income","FIPS_10":"SU","ISO_A2":"SD","ISO_A2_EH":"SD","ISO_A3":"SDN","ISO_A3_EH":"SDN","ISO_N3":"729","ISO_N3_EH":"729","UN_A3":"729","WB_A2":"SD","WB_A3":"SDN","WOE_ID":-90,"WOE_ID_EH":23424952,"WOE_NOTE":"Almost all FLickr photos are in the north.","ADM0_ISO":"SDZ","ADM0_DIFF":null,"ADM0_TLC":"SDZ","ADM0_A3_US":"SDN","ADM0_A3_FR":"SDN","ADM0_A3_RU":"SDN","ADM0_A3_ES":"SDN","ADM0_A3_CN":"SDN","ADM0_A3_TW":"SDN","ADM0_A3_IN":"SDN","ADM0_A3_NP":"SDN","ADM0_A3_PK":"SDN","ADM0_A3_DE":"SDN","ADM0_A3_GB":"SDN","ADM0_A3_BR":"SDN","ADM0_A3_IL":"SDN","ADM0_A3_PS":"SDN","ADM0_A3_SA":"SDN","ADM0_A3_EG":"SDN","ADM0_A3_MA":"SDN","ADM0_A3_PT":"SDN","ADM0_A3_AR":"SDN","ADM0_A3_JP":"SDN","ADM0_A3_KO":"SDN","ADM0_A3_VN":"SDN","ADM0_A3_TR":"SDN","ADM0_A3_ID":"SDN","ADM0_A3_PL":"SDN","ADM0_A3_GR":"SDN","ADM0_A3_IT":"SDN","ADM0_A3_NL":"SDN","ADM0_A3_SE":"SDN","ADM0_A3_BD":"SDN","ADM0_A3_UA":"SDN","ADM0_A3_UN":-99,"ADM0_A3_WB":-99,"CONTINENT":"Africa","REGION_UN":"Africa","SUBREGION":"Northern Africa","REGION_WB":"Sub-Saharan Africa","NAME_LEN":5,"LONG_LEN":5,"ABBREV_LEN":5,"TINY":-99,"HOMEPART":1,"MIN_ZOOM":0,"MIN_LABEL":2.5,"MAX_LABEL":8,"LABEL_X":29.260657,"LABEL_Y":16.330746,"NE_ID":1159321229,"WIKIDATAID":"Q1049","NAME_AR":"السودان","NAME_BN":"সুদান","NAME_DE":"Sudan","NAME_EN":"Sudan","NAME_ES":"Sudán","NAME_FA":"سودان","NAME_FR":"Soudan","NAME_EL":"Σουδάν","NAME_HE":"סודאן","NAME_HI":"सूडान","NAME_HU":"Szudán","NAME_ID":"Sudan","NAME_IT":"Sudan","NAME_JA":"スーダン","NAME_KO":"수단","NAME_NL":"Soedan","NAME_PL":"Sudan","NAME_PT":"Sudão","NAME_RU":"Судан","NAME_SV":"Sudan","NAME_TR":"Sudan","NAME_UK":"Судан","NAME_UR":"سوڈان","NAME_VI":"Sudan","NAME_ZH":"苏丹","NAME_ZHT":"蘇丹","FCLASS_ISO":"Admin-0 country","TLC_DIFF":null,"FCLASS_TLC":"Admin-0 country","FCLASS_US":null,"FCLASS_FR":null,"FCLASS_RU":null,"FCLASS_ES":null,"FCLASS_CN":null,"FCLASS_TW":null,"FCLASS_IN":null,"FCLASS_NP":null,"FCLASS_PK":null,"FCLASS_DE":null,"FCLASS_GB":null,"FCLASS_BR":null,"FCLASS_IL":null,"FCLASS_PS":null,"FCLASS_SA":null,"FCLASS_EG":null,"FCLASS_MA":null,"FCLASS_PT":null,"FCLASS_AR":null,"FCLASS_JP":null,"FCLASS_KO":null,"FCLASS_VN":null,"FCLASS_TR":null,"FCLASS_ID":null,"FCLASS_PL":null,"FCLASS_GR":null,"FCLASS_IT":null,"FCLASS_NL":null,"FCLASS_SE":null,"FCLASS_BD":null,"FCLASS_UA":null,"layer":"border"},"bbox":[21.93681,8.229188,38.41009,22],"geometry":{"type":"Polygon","coordinates":[[[24.567369,8.229188],[23.805813,8.666319],[23.459013,8.954286],[23.394779,9.265068],[23.55725,9.681218],[23.554304,10.089255],[22.977544,10.714463],[22.864165,11.142395],[22.87622,11.38461],[22.50869,11.67936],[22.49762,12.26024],[22.28801,12.64605],[21.93681,12.58818],[22.03759,12.95546],[22.29658,13.37232],[22.18329,13.78648],[22.51202,14.09318],[22.30351,14.32682],[22.56795,14.94429],[23.02459,15.68072],[23.88689,15.61084],[23.83766,19.58047],[23.85,20],[25,20.00304],[25,22],[29.02,22],[32.9,22],[36.86623,22],[37.18872,21.01885],[36.96941,20.83744],[37.1147,19.80796],[37.48179,18.61409],[37.86276,18.36786],[38.41009,17.998307],[37.904,17.42754],[37.16747,17.26314],[36.85253,16.95655],[36.75389,16.29186],[36.32322,14.82249],[36.42951,14.42211],[36.27022,13.56333],[35.86363,12.57828],[35.26049,12.08286],[34.83163,11.31896],[34.73115,10.91017],[34.25745,10.63009],[33.96162,9.58358],[33.97498,8.68456],[33.963393,9.464285],[33.824963,9.484061],[33.842131,9.981915],[33.721959,10.325262],[33.206938,10.720112],[33.086766,11.441141],[33.206938,12.179338],[32.743419,12.248008],[32.67475,12.024832],[32.073892,11.97333],[32.314235,11.681484],[32.400072,11.080626],[31.850716,10.531271],[31.352862,9.810241],[30.837841,9.707237],[29.996639,10.290927],[29.618957,10.084919],[29.515953,9.793074],[29.000932,9.604232],[28.966597,9.398224],[27.97089,9.398224],[27.833551,9.604232],[27.112521,9.638567],[26.752006,9.466893],[26.477328,9.55273],[25.962307,10.136421],[25.790633,10.411099],[25.069604,10.27376],[24.794926,9.810241],[24.537415,8.917538],[24.194068,8.728696],[23.88698,8.61973],[24.567369,8.229188]]]}},{"type":"Feature","properties":{"featurecla":"Admin-0 country","scalerank":1,"LABELRANK":3,"SOVEREIGNT":"Chad","SOV_A3":"TCD","ADM0_DIF":0,"LEVEL":2,"TYPE":"Sovereign country","TLC":"1","ADMIN":"Chad","ADM0_A3":"TCD","GEOU_DIF":0,"GEOUNIT":"Chad","GU_A3":"TCD","SU_DIF":0,"SUBUNIT":"Chad","SU_A3":"TCD","BRK_DIFF":0,"NAME":"Chad","NAME_LONG":"Chad","BRK_A3":"TCD","BRK_NAME":"Chad","BRK_GROUP":null,"ABBREV":"Chad","POSTAL":"TD","FORMAL_EN":"Republic of Chad","FORMAL_FR":null,"NAME_CIAWF":"Chad","NOTE_ADM0":null,"NOTE_BRK":null,"NAME_SORT":"Chad","NAME_ALT":null,"MAPCOLOR7":6,"MAPCOLOR8":1,"MAPCOLOR9":8,"MAPCOLOR13":6,"POP_EST":15946876,"POP_RANK":14,"POP_YEAR":2019,"GDP_MD":11314,"GDP_YEAR":2019,"ECONOMY":"7. Least developed region","INCOME_GRP":"5. Low income","FIPS_10":"CD","ISO_A2":"TD","ISO_A2_EH":"TD","ISO_A3":"TCD","ISO_A3_EH":"TCD","ISO_N3":"148","ISO_N3_EH":"148","UN_A3":"148","WB_A2":"TD","WB_A3":"TCD","WOE_ID":23424777,"WOE_ID_EH":23424777,"WOE_NOTE":"Exact WOE match as country","ADM0_ISO":"TCD","ADM0_DIFF":null,"ADM0_TLC":"TCD","ADM0_A3_US":"TCD","ADM0_A3_FR":"TCD","ADM0_A3_RU":"TCD","ADM0_A3_ES":"TCD","ADM0_A3_CN":"TCD","ADM0_A3_TW":"TCD","ADM0_A3_IN":"TCD","ADM0_A3_NP":"TCD","ADM0_A3_PK":"TCD","ADM0_A3_DE":"TCD","ADM0_A3_GB":"TCD","ADM0_A3_BR":"TCD","ADM0_A3_IL":"TCD","ADM0_A3_PS":"TCD","ADM0_A3_SA":"TCD","ADM0_A3_EG":"TCD","ADM0_A3_MA":"TCD","ADM0_A3_PT":"TCD","ADM0_A3_AR":"TCD","ADM0_A3_JP":"TCD","ADM0_A3_KO":"TCD","ADM0_A3_VN":"TCD","ADM0_A3_TR":"TCD","ADM0_A3_ID":"TCD","ADM0_A3_PL":"TCD","ADM0_A3_GR":"TCD","ADM0_A3_IT":"TCD","ADM0_A3_NL":"TCD","ADM0_A3_SE":"TCD","ADM0_A3_BD":"TCD","ADM0_A3_UA":"TCD","ADM0_A3_UN":-99,"ADM0_A3_WB":-99,"CONTINENT":"Africa","REGION_UN":"Africa","SUBREGION":"Middle Africa","REGION_WB":"Sub-Saharan Africa","NAME_LEN":4,"LONG_LEN":4,"ABBREV_LEN":4,"TINY":-99,"HOMEPART":1,"MIN_ZOOM":0,"MIN_LABEL":3,"MAX_LABEL":8,"LABEL_X":18.645041,"LABEL_Y":15.142959,"NE_ID":1159321301,"WIKIDATAID":"Q657","NAME_AR":"تشاد","NAME_BN":"চাদ","NAME_DE":"Tschad","NAME_EN":"Chad","NAME_ES":"Chad","NAME_FA":"چاد","NAME_FR":"Tchad","NAME_EL":"Τσαντ","NAME_HE":"צ'אד","NAME_HI":"चाड","NAME_HU":"Csád","NAME_ID":"Chad","NAME_IT":"Ciad","NAME_JA":"チャド","NAME_KO":"차드","NAME_NL":"Tsjaad","NAME_PL":"Czad","NAME_PT":"Chade","NAME_RU":"Чад","NAME_SV":"Tchad","NAME_TR":"Çad","NAME_UK":"Чад","NAME_UR":"چاڈ","NAME_VI":"Tchad","NAME_ZH":"乍得","NAME_ZHT":"查德","FCLASS_ISO":"Admin-0 country","TLC_DIFF":null,"FCLASS_TLC":"Admin-0 country","FCLASS_US":null,"FCLASS_FR":null,"FCLASS_RU":null,"FCLASS_ES":null,"FCLASS_CN":null,"FCLASS_TW":null,"FCLASS_IN":null,"FCLASS_NP":null,"FCLASS_PK":null,"FCLASS_DE":null,"FCLASS_GB":null,"FCLASS_BR":null,"FCLASS_IL":null,"FCLASS_PS":null,"FCLASS_SA":null,"FCLASS_EG":null,"FCLASS_MA":null,"FCLASS_PT":null,"FCLASS_AR":null,"FCLASS_JP":null,"FCLASS_KO":null,"FCLASS_VN":null,"FCLASS_TR":null,"FCLASS_ID":null,"FCLASS_PL":null,"FCLASS_GR":null,"FCLASS_IT":null,"FCLASS_NL":null,"FCLASS_SE":null,"FCLASS_BD":null,"FCLASS_UA":null,"layer":"border"},"bbox":[13.540394,7.421925,23.88689,23.40972],"geometry":{"type":"Polygon","coordinates":[[[23.83766,19.58047],[23.88689,15.61084],[23.02459,15.68072],[22.56795,14.94429],[22.30351,14.32682],[22.51202,14.09318],[22.18329,13.78648],[22.29658,13.37232],[22.03759,12.95546],[21.93681,12.58818],[22.28801,12.64605],[22.49762,12.26024],[22.50869,11.67936],[22.87622,11.38461],[22.864165,11.142395],[22.231129,10.971889],[21.723822,10.567056],[21.000868,9.475985],[20.059685,9.012706],[19.094008,9.074847],[18.81201,8.982915],[18.911022,8.630895],[18.389555,8.281304],[17.96493,7.890914],[16.705988,7.508328],[16.456185,7.734774],[16.290562,7.754307],[16.106232,7.497088],[15.27946,7.421925],[15.436092,7.692812],[15.120866,8.38215],[14.979996,8.796104],[14.544467,8.965861],[13.954218,9.549495],[14.171466,10.021378],[14.627201,9.920919],[14.909354,9.992129],[15.467873,9.982337],[14.923565,10.891325],[14.960152,11.555574],[14.89336,12.21905],[14.495787,12.859396],[14.595781,13.330427],[13.954477,13.353449],[13.956699,13.996691],[13.540394,14.367134],[13.97217,15.68437],[15.247731,16.627306],[15.300441,17.92795],[15.685741,19.95718],[15.903247,20.387619],[15.487148,20.730415],[15.47106,21.04845],[15.096888,21.308519],[14.8513,22.86295],[15.86085,23.40972],[19.84926,21.49509],[23.83766,19.58047]]]}},{"type":"Feature","properties":{"featurecla":"Admin-0 country","scalerank":1,"LABELRANK":2,"SOVEREIGNT":"Russia","SOV_A3":"RUS","ADM0_DIF":0,"LEVEL":2,"TYPE":"Sovereign country","TLC":"1","ADMIN":"Russia","ADM0_A3":"RUS","GEOU_DIF":0,"GEOUNIT":"Russia","GU_A3":"RUS","SU_DIF":0,"SUBUNIT":"Russia","SU_A3":"RUS","BRK_DIFF":0,"NAME":"Russia","NAME_LONG":"Russian Federation","BRK_A3":"RUS","BRK_NAME":"Russia","BRK_GROUP":null,"ABBREV":"Rus.","POSTAL":"RUS","FORMAL_EN":"Russian Federation","FORMAL_FR":null,"NAME_CIAWF":"Russia","NOTE_ADM0":null,"NOTE_BRK":null,"NAME_SORT":"Russian Federation","NAME_ALT":null,"MAPCOLOR7":2,"MAPCOLOR8":5,"MAPCOLOR9":7,"MAPCOLOR13":7,"POP_EST":144373535,"POP_RANK":17,"POP_YEAR":2019,"GDP_MD":1699876,"GDP_YEAR":2019,"ECONOMY":"3. Emerging region: BRIC","INCOME_GRP":"3. Upper middle income","FIPS_10":"RS","ISO_A2":"RU","ISO_A2_EH":"RU","ISO_A3":"RUS","ISO_A3_EH":"RUS","ISO_N3":"643","ISO_N3_EH":"643","UN_A3":"643","WB_A2":"RU","WB_A3":"RUS","WOE_ID":23424936,"WOE_ID_EH":23424936,"WOE_NOTE":"Exact WOE match as country","ADM0_ISO":"RUS","ADM0_DIFF":null,"ADM0_TLC":"RUS","ADM0_A3_US":"RUS","ADM0_A3_FR":"RUS","ADM0_A3_RU":"RUS","ADM0_A3_ES":"RUS","ADM0_A3_CN":"RUS","ADM0_A3_TW":"RUS","ADM0_A3_IN":"RUS","ADM0_A3_NP":"RUS","ADM0_A3_PK":"RUS","ADM0_A3_DE":"RUS","ADM0_A3_GB":"RUS","ADM0_A3_BR":"RUS","ADM0_A3_IL":"RUS","ADM0_A3_PS":"RUS","ADM0_A3_SA":"RUS","ADM0_A3_EG":"RUS","ADM0_A3_MA":"RUS","ADM0_A3_PT":"RUS","ADM0_A3_AR":"RUS","ADM0_A3_JP":"RUS","ADM0_A3_KO":"RUS","ADM0_A3_VN":"RUS","ADM0_A3_TR":"RUS","ADM0_A3_ID":"RUS","ADM0_A3_PL":"RUS","ADM0_A3_GR":"RUS","ADM0_A3_IT":"RUS","ADM0_A3_NL":"RUS","ADM0_A3_SE":"RUS","ADM0_A3_BD":"RUS","ADM0_A3_UA":"RUS","ADM0_A3_UN":-99,"ADM0_A3_WB":-99,"CONTINENT":"Europe","REGION_UN":"Europe","SUBREGION":"Eastern Europe","REGION_WB":"Europe & Central Asia","NAME_LEN":6,"LONG_LEN":18,"ABBREV_LEN":4,"TINY":-99,"HOMEPART":1,"MIN_ZOOM":0,"MIN_LABEL":1.7,"MAX_LABEL":5.2,"LABEL_X":44.686469,"LABEL_Y":58.249357,"NE_ID":1159321201,"WIKIDATAID":"Q159","NAME_AR":"روسيا","NAME_BN":"রাশিয়া","NAME_DE":"Russland","NAME_EN":"Russia","NAME_ES":"Rusia","NAME_FA":"روسیه","NAME_FR":"Russie","NAME_EL":"Ρωσία","NAME_HE":"רוסיה","NAME_HI":"रूस","NAME_HU":"Oroszország","NAME_ID":"Rusia","NAME_IT":"Russia","NAME_JA":"ロシア","NAME_KO":"러시아","NAME_NL":"Rusland","NAME_PL":"Rosja","NAME_PT":"Rússia","NAME_RU":"Россия","NAME_SV":"Ryssland","NAME_TR":"Rusya","NAME_UK":"Росія","NAME_UR":"روس","NAME_VI":"Nga","NAME_ZH":"俄罗斯","NAME_ZHT":"俄羅斯","FCLASS_ISO":"Admin-0 country","TLC_DIFF":null,"FCLASS_TLC":"Admin-0 country","FCLASS_US":null,"FCLASS_FR":null,"FCLASS_RU":null,"FCLASS_ES":null,"FCLASS_CN":null,"FCLASS_TW":null,"FCLASS_IN":null,"FCLASS_NP":null,"FCLASS_PK":null,"FCLASS_DE":null,"FCLASS_GB":null,"FCLASS_BR":null,"FCLASS_IL":null,"FCLASS_PS":null,"FCLASS_SA":null,"FCLASS_EG":null,"FCLASS_MA":null,"FCLASS_PT":null,"FCLASS_AR":null,"FCLASS_JP":null,"FCLASS_KO":null,"FCLASS_VN":null,"FCLASS_TR":null,"FCLASS_ID":null,"FCLASS_PL":null,"FCLASS_GR":null,"FCLASS_IT":null,"FCLASS_NL":null,"FCLASS_SE":null,"FCLASS_BD":null,"FCLASS_UA":null,"layer":"border"},"bbox":[-180,41.151416,180,81.2504],"geometry":{"type":"MultiPolygon","coordinates":[[[[178.7253,71.0988],[180,71.515714],[180,70.832199],[178.903425,70.78114],[178.7253,71.0988]]],[[[49.10116,46.39933],[48.64541,45.80629],[47.67591,45.64149],[46.68201,44.6092],[47.59094,43.66016],[47.49252,42.98658],[48.58437,41.80888],[48.584353,41.808869],[47.987283,41.405819],[47.815666,41.151416],[47.373315,41.219732],[46.686071,41.827137],[46.404951,41.860675],[45.7764,42.09244],[45.470279,42.502781],[44.537623,42.711993],[43.93121,42.55496],[43.75599,42.74083],[42.3944,43.2203],[40.92219,43.38215],[40.076965,43.553104],[39.955009,43.434998],[38.68,44.28],[37.53912,44.65721],[36.67546,45.24469],[37.40317,45.40451],[38.23295,46.24087],[37.67372,46.63657],[39.14767,47.04475],[39.1212,47.26336],[38.223538,47.10219],[38.255112,47.5464],[38.77057,47.82562],[39.738278,47.898937],[39.89562,48.23241],[39.67465,48.78382],[40.080789,49.30743],[40.06904,49.60105],[38.594988,49.926462],[38.010631,49.915662],[37.39346,50.383953],[36.626168,50.225591],[35.356116,50.577197],[35.37791,50.77394],[35.022183,51.207572],[34.224816,51.255993],[34.141978,51.566413],[34.391731,51.768882],[33.7527,52.335075],[32.715761,52.238465],[32.412058,52.288695],[32.15944,52.06125],[31.785992,52.101678],[31.78597,52.10168],[31.540018,52.742052],[31.305201,53.073996],[31.49764,53.16743],[32.304519,53.132726],[32.693643,53.351421],[32.405599,53.618045],[31.731273,53.794029],[31.791424,53.974639],[31.384472,54.157056],[30.757534,54.811771],[30.971836,55.081548],[30.873909,55.550976],[29.896294,55.789463],[29.371572,55.670091],[29.229513,55.918344],[28.176709,56.16913],[27.855282,56.759326],[27.770016,57.244258],[27.288185,57.474528],[27.716686,57.791899],[27.42015,58.72457],[28.131699,59.300825],[27.98112,59.47537],[27.981127,59.475373],[29.1177,60.02805],[28.070002,60.503519],[28.07,60.50352],[30.211107,61.780028],[31.139991,62.357693],[31.516092,62.867687],[30.035872,63.552814],[30.444685,64.204453],[29.54443,64.948672],[30.21765,65.80598],[29.054589,66.944286],[29.977426,67.698297],[28.445944,68.364613],[28.59193,69.064777],[29.39955,69.15692],[31.101042,69.558101],[31.10108,69.55811],[32.13272,69.90595],[33.77547,69.30142],[36.51396,69.06342],[40.29234,67.9324],[41.05987,67.45713],[41.12595,66.79158],[40.01583,66.26618],[38.38295,65.99953],[33.91871,66.75961],[33.18444,66.63253],[34.81477,65.90015],[34.878574,65.436213],[34.94391,64.41437],[36.23129,64.10945],[37.01273,63.84983],[37.14197,64.33471],[36.539579,64.76446],[37.17604,65.14322],[39.59345,64.52079],[40.4356,64.76446],[39.7626,65.49682],[42.09309,66.47623],[43.01604,66.41858],[43.94975,66.06908],[44.53226,66.75634],[43.69839,67.35245],[44.18795,67.95051],[43.45282,68.57079],[46.25,68.25],[46.82134,67.68997],[45.55517,67.56652],[45.56202,67.01005],[46.34915,66.66767],[47.89416,66.88455],[48.13876,67.52238],[50.22766,67.99867],[53.71743,68.85738],[54.47171,68.80815],[53.48582,68.20131],[54.72628,68.09702],[55.44268,68.43866],[57.31702,68.46628],[58.802,68.88082],[59.94142,68.27844],[61.07784,68.94069],[60.03,69.52],[60.55,69.85],[63.504,69.54739],[64.888115,69.234835],[68.51216,68.09233],[69.18068,68.61563],[68.16444,69.14436],[68.13522,69.35649],[66.93008,69.45461],[67.25976,69.92873],[66.72492,70.70889],[66.69466,71.02897],[68.54006,71.9345],[69.19636,72.84336],[69.94,73.04],[72.58754,72.77629],[72.79603,72.22006],[71.84811,71.40898],[72.47011,71.09019],[72.79188,70.39114],[72.5647,69.02085],[73.66787,68.4079],[73.2387,67.7404],[71.28,66.32],[72.42301,66.17267],[72.82077,66.53267],[73.92099,66.78946],[74.18651,67.28429],[75.052,67.76047],[74.46926,68.32899],[74.93584,68.98918],[73.84236,69.07146],[73.60187,69.62763],[74.3998,70.63175],[73.1011,71.44717],[74.89082,72.12119],[74.65926,72.83227],[75.15801,72.85497],[75.68351,72.30056],[75.28898,71.33556],[76.35911,71.15287],[75.90313,71.87401],[77.57665,72.26717],[79.65202,72.32011],[81.5,71.75],[80.61071,72.58285],[80.51109,73.6482],[82.25,73.85],[84.65526,73.80591],[86.8223,73.93688],[86.00956,74.45967],[87.16682,75.11643],[88.31571,75.14393],[90.26,75.64],[92.90058,75.77333],[93.23421,76.0472],[95.86,76.14],[96.67821,75.91548],[98.92254,76.44689],[100.75967,76.43028],[101.03532,76.86189],[101.99084,77.28754],[104.3516,77.69792],[106.06664,77.37389],[104.705,77.1274],[106.97013,76.97419],[107.24,76.48],[108.1538,76.72335],[111.07726,76.71],[113.33151,76.22224],[114.13417,75.84764],[113.88539,75.32779],[112.77918,75.03186],[110.15125,74.47673],[109.4,74.18],[110.64,74.04],[112.11919,73.78774],[113.01954,73.97693],[113.52958,73.33505],[113.96881,73.59488],[115.56782,73.75285],[118.77633,73.58772],[119.02,73.12],[123.20066,72.97122],[123.25777,73.73503],[125.38,73.56],[126.97644,73.56549],[128.59126,73.03871],[129.05157,72.39872],[128.46,71.98],[129.71599,71.19304],[131.28858,70.78699],[132.2535,71.8363],[133.85766,71.38642],[135.56193,71.65525],[137.49755,71.34763],[138.23409,71.62803],[139.86983,71.48783],[139.14791,72.41619],[140.46817,72.84941],[149.5,72.2],[150.35118,71.60643],[152.9689,70.84222],[157.00688,71.03141],[158.99779,70.86672],[159.83031,70.45324],[159.70866,69.72198],[160.94053,69.43728],[162.27907,69.64204],[164.05248,69.66823],[165.94037,69.47199],[167.83567,69.58269],[169.57763,68.6938],[170.81688,69.01363],[170.0082,69.65276],[170.45345,70.09703],[173.64391,69.81743],[175.72403,69.87725],[178.6,69.4],[180,68.963636],[180,64.979709],[179.99281,64.97433],[178.7072,64.53493],[177.41128,64.60821],[178.313,64.07593],[178.90825,63.25197],[179.37034,62.98262],[179.48636,62.56894],[179.22825,62.3041],[177.3643,62.5219],[174.56929,61.76915],[173.68013,61.65261],[172.15,60.95],[170.6985,60.33618],[170.33085,59.88177],[168.90046,60.57355],[166.29498,59.78855],[165.84,60.16],[164.87674,59.7316],[163.53929,59.86871],[163.21711,59.21101],[162.01733,58.24328],[162.05297,57.83912],[163.19191,57.61503],[163.05794,56.15924],[162.12958,56.12219],[161.70146,55.28568],[162.11749,54.85514],[160.36877,54.34433],[160.02173,53.20257],[158.53094,52.95868],[158.23118,51.94269],[156.78979,51.01105],[156.42,51.7],[155.99182,53.15895],[155.43366,55.38103],[155.91442,56.76792],[156.75815,57.3647],[156.81035,57.83204],[158.36433,58.05575],[160.15064,59.31477],[161.87204,60.343],[163.66969,61.1409],[164.47355,62.55061],[163.25842,62.46627],[162.65791,61.6425],[160.12148,60.54423],[159.30232,61.77396],[156.72068,61.43442],[154.21806,59.75818],[155.04375,59.14495],[152.81185,58.88385],[151.26573,58.78089],[151.33815,59.50396],[149.78371,59.65573],[148.54481,59.16448],[145.48722,59.33637],[142.19782,59.03998],[138.95848,57.08805],[135.12619,54.72959],[136.70171,54.60355],[137.19342,53.97732],[138.1647,53.75501],[138.80463,54.25455],[139.90151,54.18968],[141.34531,53.08957],[141.37923,52.23877],[140.59742,51.23967],[140.51308,50.04553],[140.06193,48.44671],[138.55472,46.99965],[138.21971,46.30795],[136.86232,45.1435],[135.51535,43.989],[134.86939,43.39821],[133.53687,42.81147],[132.90627,42.79849],[132.27807,43.28456],[130.93587,42.55274],[130.780005,42.22001],[130.780004,42.220008],[130.78,42.22],[130.779992,42.22001],[130.64,42.395],[130.64,42.395024],[130.633866,42.903015],[131.144688,42.92999],[131.288555,44.11152],[131.02519,44.96796],[131.883454,45.321162],[133.09712,45.14409],[133.769644,46.116927],[134.11235,47.21248],[134.50081,47.57845],[135.026311,48.47823],[133.373596,48.183442],[132.50669,47.78896],[130.98726,47.79013],[130.582293,48.729687],[129.397818,49.4406],[127.6574,49.76027],[127.287456,50.739797],[126.939157,51.353894],[126.564399,51.784255],[125.946349,52.792799],[125.068211,53.161045],[123.57147,53.4588],[122.245748,53.431726],[121.003085,53.251401],[120.177089,52.753886],[120.725789,52.516226],[120.7382,51.96411],[120.18208,51.64355],[119.27939,50.58292],[119.288461,50.142883],[117.879244,49.510983],[116.678801,49.888531],[115.485695,49.805177],[114.96211,50.140247],[114.362456,50.248303],[112.89774,49.543565],[111.581231,49.377968],[110.662011,49.130128],[109.402449,49.292961],[108.475167,49.282548],[107.868176,49.793705],[106.888804,50.274296],[105.886591,50.406019],[104.62158,50.27532],[103.676545,50.089966],[102.25589,50.51056],[102.06521,51.25991],[100.88948,51.516856],[99.981732,51.634006],[98.861491,52.047366],[97.82574,51.010995],[98.231762,50.422401],[97.25976,49.72605],[95.81402,49.97746],[94.815949,50.013433],[94.147566,50.480537],[93.10421,50.49529],[92.234712,50.802171],[90.713667,50.331812],[88.805567,49.470521],[87.751264,49.297198],[87.35997,49.214981],[86.829357,49.826675],[85.54127,49.692859],[85.11556,50.117303],[84.416377,50.3114],[83.935115,50.889246],[83.383004,51.069183],[81.945986,50.812196],[80.568447,51.388336],[80.03556,50.864751],[77.800916,53.404415],[76.525179,54.177003],[76.8911,54.490524],[74.38482,53.54685],[73.425679,53.48981],[73.508516,54.035617],[72.22415,54.376655],[71.180131,54.133285],[70.865267,55.169734],[69.068167,55.38525],[68.1691,54.970392],[65.66687,54.60125],[65.178534,54.354228],[61.4366,54.00625],[60.978066,53.664993],[61.699986,52.979996],[60.739993,52.719986],[60.927269,52.447548],[59.967534,51.96042],[61.588003,51.272659],[61.337424,50.79907],[59.932807,50.842194],[59.642282,50.545442],[58.36332,51.06364],[56.77798,51.04355],[55.71694,50.62171],[54.532878,51.02624],[52.328724,51.718652],[50.766648,51.692762],[48.702382,50.605128],[48.577841,49.87476],[47.54948,50.454698],[46.751596,49.356006],[47.043672,49.152039],[46.466446,48.394152],[47.31524,47.71585],[48.05725,47.74377],[48.694734,47.075628],[48.59325,46.56104],[49.10116,46.39933]]],[[[93.77766,81.0246],[95.940895,81.2504],[97.88385,80.746975],[100.186655,79.780135],[99.93976,78.88094],[97.75794,78.7562],[94.97259,79.044745],[93.31288,79.4265],[92.5454,80.14379],[91.18107,80.34146],[93.77766,81.0246]]],[[[102.837815,79.28129],[105.37243,78.71334],[105.07547,78.30689],[99.43814,77.921],[101.2649,79.23399],[102.08635,79.34641],[102.837815,79.28129]]],[[[138.831075,76.13676],[141.471615,76.09289],[145.086285,75.562625],[144.3,74.82],[140.61381,74.84768],[138.95544,74.61148],[136.97439,75.26167],[137.51176,75.94917],[138.831075,76.13676]]],[[[148.22223,75.345845],[150.73167,75.08406],[149.575925,74.68892],[147.977465,74.778355],[146.11919,75.17298],[146.358485,75.49682],[148.22223,75.345845]]],[[[139.86312,73.36983],[140.81171,73.76506],[142.06207,73.85758],[143.48283,73.47525],[143.60385,73.21244],[142.08763,73.20544],[140.038155,73.31692],[139.86312,73.36983]]],[[[44.846958,80.58981],[46.799139,80.771918],[48.318477,80.78401],[48.522806,80.514569],[49.09719,80.753986],[50.039768,80.918885],[51.522933,80.699726],[51.136187,80.54728],[49.793685,80.415428],[48.894411,80.339567],[48.754937,80.175468],[47.586119,80.010181],[46.502826,80.247247],[47.072455,80.559424],[44.846958,80.58981]]],[[[22.731099,54.327537],[20.892245,54.312525],[19.66064,54.426084],[19.888481,54.86616],[21.268449,55.190482],[22.315724,55.015299],[22.757764,54.856574],[22.651052,54.582741],[22.731099,54.327537]]],[[[53.50829,73.749814],[55.902459,74.627486],[55.631933,75.081412],[57.868644,75.60939],[61.170044,76.251883],[64.498368,76.439055],[66.210977,76.809782],[68.15706,76.939697],[68.852211,76.544811],[68.180573,76.233642],[64.637326,75.737755],[61.583508,75.260885],[58.477082,74.309056],[56.986786,73.333044],[55.419336,72.371268],[55.622838,71.540595],[57.535693,70.720464],[56.944979,70.632743],[53.677375,70.762658],[53.412017,71.206662],[51.601895,71.474759],[51.455754,72.014881],[52.478275,72.229442],[52.444169,72.774731],[54.427614,73.627548],[53.50829,73.749814]]],[[[142.914616,53.704578],[143.260848,52.74076],[143.235268,51.75666],[143.648007,50.7476],[144.654148,48.976391],[143.173928,49.306551],[142.558668,47.861575],[143.533492,46.836728],[143.505277,46.137908],[142.747701,46.740765],[142.09203,45.966755],[141.906925,46.805929],[142.018443,47.780133],[141.904445,48.859189],[142.1358,49.615163],[142.179983,50.952342],[141.594076,51.935435],[141.682546,53.301966],[142.606934,53.762145],[142.209749,54.225476],[142.654786,54.365881],[142.914616,53.704578]]],[[[-174.92825,67.20589],[-175.01425,66.58435],[-174.33983,66.33556],[-174.57182,67.06219],[-171.85731,66.91308],[-169.89958,65.97724],[-170.89107,65.54139],[-172.53025,65.43791],[-172.555,64.46079],[-172.95533,64.25269],[-173.89184,64.2826],[-174.65392,64.63125],[-175.98353,64.92288],[-176.20716,65.35667],[-177.22266,65.52024],[-178.35993,65.39052],[-178.90332,65.74044],[-178.68611,66.11211],[-179.88377,65.87456],[-179.43268,65.40411],[-180,64.979709],[-180,68.963636],[-177.55,68.2],[-174.92825,67.20589]]],[[[-178.69378,70.89302],[-180,70.832199],[-180,71.515714],[-179.871875,71.55762],[-179.02433,71.55553],[-177.577945,71.26948],[-177.663575,71.13277],[-178.69378,70.89302]]],[[[33.435988,45.971917],[33.699462,46.219573],[34.410402,46.005162],[34.732017,45.965666],[34.861792,45.768182],[35.012659,45.737725],[35.020788,45.651219],[35.510009,45.409993],[36.529998,45.46999],[36.334713,45.113216],[35.239999,44.939996],[33.882511,44.361479],[33.326421,44.564877],[33.546924,45.034771],[32.454174,45.327466],[32.630804,45.519186],[33.588162,45.851569],[33.435988,45.971917]]]]}},{"type":"Feature","properties":{"featurecla":"Admin-0 country","scalerank":1,"LABELRANK":2,"SOVEREIGNT":"France","SOV_A3":"FR1","ADM0_DIF":1,"LEVEL":2,"TYPE":"Country","TLC":"1","ADMIN":"France","ADM0_A3":"FRA","GEOU_DIF":0,"GEOUNIT":"France","GU_A3":"FRA","SU_DIF":0,"SUBUNIT":"France","SU_A3":"FRA","BRK_DIFF":0,"NAME":"France","NAME_LONG":"France","BRK_A3":"FRA","BRK_NAME":"France","BRK_GROUP":null,"ABBREV":"Fr.","POSTAL":"F","FORMAL_EN":"French Republic","FORMAL_FR":null,"NAME_CIAWF":"France","NOTE_ADM0":null,"NOTE_BRK":null,"NAME_SORT":"France","NAME_ALT":null,"MAPCOLOR7":7,"MAPCOLOR8":5,"MAPCOLOR9":9,"MAPCOLOR13":11,"POP_EST":67059887,"POP_RANK":16,"POP_YEAR":2019,"GDP_MD":2715518,"GDP_YEAR":2019,"ECONOMY":"1. Developed region: G7","INCOME_GRP":"1. High income: OECD","FIPS_10":"FR","ISO_A2":"-99","ISO_A2_EH":"FR","ISO_A3":"-99","ISO_A3_EH":"FRA","ISO_N3":"-99","ISO_N3_EH":"250","UN_A3":"250","WB_A2":"FR","WB_A3":"FRA","WOE_ID":-90,"WOE_ID_EH":23424819,"WOE_NOTE":"Includes only Metropolitan France (including Corsica)","ADM0_ISO":"FRA","ADM0_DIFF":null,"ADM0_TLC":"FRA","ADM0_A3_US":"FRA","ADM0_A3_FR":"FRA","ADM0_A3_RU":"FRA","ADM0_A3_ES":"FRA","ADM0_A3_CN":"FRA","ADM0_A3_TW":"FRA","ADM0_A3_IN":"FRA","ADM0_A3_NP":"FRA","ADM0_A3_PK":"FRA","ADM0_A3_DE":"FRA","ADM0_A3_GB":"FRA","ADM0_A3_BR":"FRA","ADM0_A3_IL":"FRA","ADM0_A3_PS":"FRA","ADM0_A3_SA":"FRA","ADM0_A3_EG":"FRA","ADM0_A3_MA":"FRA","ADM0_A3_PT":"FRA","ADM0_A3_AR":"FRA","ADM0_A3_JP":"FRA","ADM0_A3_KO":"FRA","ADM0_A3_VN":"FRA","ADM0_A3_TR":"FRA","ADM0_A3_ID":"FRA","ADM0_A3_PL":"FRA","ADM0_A3_GR":"FRA","ADM0_A3_IT":"FRA","ADM0_A3_NL":"FRA","ADM0_A3_SE":"FRA","ADM0_A3_BD":"FRA","ADM0_A3_UA":"FRA","ADM0_A3_UN":-99,"ADM0_A3_WB":-99,"CONTINENT":"Europe","REGION_UN":"Europe","SUBREGION":"Western Europe","REGION_WB":"Europe & Central Asia","NAME_LEN":6,"LONG_LEN":6,"ABBREV_LEN":3,"TINY":-99,"HOMEPART":1,"MIN_ZOOM":0,"MIN_LABEL":1.7,"MAX_LABEL":6.7,"LABEL_X":2.552275,"LABEL_Y":46.696113,"NE_ID":1159320637,"WIKIDATAID":"Q142","NAME_AR":"فرنسا","NAME_BN":"ফ্রান্স","NAME_DE":"Frankreich","NAME_EN":"France","NAME_ES":"Francia","NAME_FA":"فرانسه","NAME_FR":"France","NAME_EL":"Γαλλία","NAME_HE":"צרפת","NAME_HI":"फ़्रान्स","NAME_HU":"Franciaország","NAME_ID":"Prancis","NAME_IT":"Francia","NAME_JA":"フランス","NAME_KO":"프랑스","NAME_NL":"Frankrijk","NAME_PL":"Francja","NAME_PT":"França","NAME_RU":"Франция","NAME_SV":"Frankrike","NAME_TR":"Fransa","NAME_UK":"Франція","NAME_UR":"فرانس","NAME_VI":"Pháp","NAME_ZH":"法国","NAME_ZHT":"法國","FCLASS_ISO":"Admin-0 country","TLC_DIFF":null,"FCLASS_TLC":"Admin-0 country","FCLASS_US":null,"FCLASS_FR":null,"FCLASS_RU":null,"FCLASS_ES":null,"FCLASS_CN":null,"FCLASS_TW":null,"FCLASS_IN":null,"FCLASS_NP":null,"FCLASS_PK":null,"FCLASS_DE":null,"FCLASS_GB":null,"FCLASS_BR":null,"FCLASS_IL":null,"FCLASS_PS":null,"FCLASS_SA":null,"FCLASS_EG":null,"FCLASS_MA":null,"FCLASS_PT":null,"FCLASS_AR":null,"FCLASS_JP":null,"FCLASS_KO":null,"FCLASS_VN":null,"FCLASS_TR":null,"FCLASS_ID":null,"FCLASS_PL":null,"FCLASS_GR":null,"FCLASS_IT":null,"FCLASS_NL":null,"FCLASS_SE":null,"FCLASS_BD":null,"FCLASS_UA":null,"layer":"border"},"bbox":[-54.524754,2.053389,9.560016,51.148506],"geometry":{"type":"MultiPolygon","coordinates":[[[[-51.657797,4.156232],[-52.249338,3.241094],[-52.556425,2.504705],[-52.939657,2.124858],[-53.418465,2.053389],[-53.554839,2.334897],[-53.778521,2.376703],[-54.088063,2.105557],[-54.524754,2.311849],[-54.269705,2.732392],[-54.181726,3.18978],[-54.006931,3.620038],[-54.399542,4.212611],[-54.478633,4.896756],[-53.958045,5.756548],[-53.618453,5.646529],[-52.882141,5.409851],[-51.823343,4.565768],[-51.657797,4.156232]]],[[[6.18632,49.463803],[6.65823,49.201958],[8.099279,49.017784],[7.593676,48.333019],[7.466759,47.620582],[7.192202,47.449766],[6.736571,47.541801],[6.768714,47.287708],[6.037389,46.725779],[6.022609,46.27299],[6.5001,46.429673],[6.843593,45.991147],[6.802355,45.70858],[7.096652,45.333099],[6.749955,45.028518],[7.007562,44.254767],[7.549596,44.127901],[7.435185,43.693845],[6.529245,43.128892],[4.556963,43.399651],[3.100411,43.075201],[2.985999,42.473015],[1.826793,42.343385],[0.701591,42.795734],[0.338047,42.579546],[-1.502771,43.034014],[-1.901351,43.422802],[-1.384225,44.02261],[-1.193798,46.014918],[-2.225724,47.064363],[-2.963276,47.570327],[-4.491555,47.954954],[-4.59235,48.68416],[-3.295814,48.901692],[-1.616511,48.644421],[-1.933494,49.776342],[-0.989469,49.347376],[1.338761,50.127173],[1.639001,50.946606],[2.513573,51.148506],[2.658422,50.796848],[3.123252,50.780363],[3.588184,50.378992],[4.286023,49.907497],[4.799222,49.985373],[5.674052,49.529484],[5.897759,49.442667],[6.18632,49.463803]]],[[[8.746009,42.628122],[9.390001,43.009985],[9.560016,42.152492],[9.229752,41.380007],[8.775723,41.583612],[8.544213,42.256517],[8.746009,42.628122]]]]}},{"type":"Feature","properties":{"featurecla":"Admin-0 country","scalerank":1,"LABELRANK":3,"SOVEREIGNT":"Senegal","SOV_A3":"SEN","ADM0_DIF":0,"LEVEL":2,"TYPE":"Sovereign country","TLC":"1","ADMIN":"Senegal","ADM0_A3":"SEN","GEOU_DIF":0,"GEOUNIT":"Senegal","GU_A3":"SEN","SU_DIF":0,"SUBUNIT":"Senegal","SU_A3":"SEN","BRK_DIFF":0,"NAME":"Senegal","NAME_LONG":"Senegal","BRK_A3":"SEN","BRK_NAME":"Senegal","BRK_GROUP":null,"ABBREV":"Sen.","POSTAL":"SN","FORMAL_EN":"Republic of Senegal","FORMAL_FR":null,"NAME_CIAWF":"Senegal","NOTE_ADM0":null,"NOTE_BRK":null,"NAME_SORT":"Senegal","NAME_ALT":null,"MAPCOLOR7":2,"MAPCOLOR8":6,"MAPCOLOR9":5,"MAPCOLOR13":5,"POP_EST":16296364,"POP_RANK":14,"POP_YEAR":2019,"GDP_MD":23578,"GDP_YEAR":2019,"ECONOMY":"7. Least developed region","INCOME_GRP":"4. Lower middle income","FIPS_10":"SG","ISO_A2":"SN","ISO_A2_EH":"SN","ISO_A3":"SEN","ISO_A3_EH":"SEN","ISO_N3":"686","ISO_N3_EH":"686","UN_A3":"686","WB_A2":"SN","WB_A3":"SEN","WOE_ID":23424943,"WOE_ID_EH":23424943,"WOE_NOTE":"Exact WOE match as country","ADM0_ISO":"SEN","ADM0_DIFF":null,"ADM0_TLC":"SEN","ADM0_A3_US":"SEN","ADM0_A3_FR":"SEN","ADM0_A3_RU":"SEN","ADM0_A3_ES":"SEN","ADM0_A3_CN":"SEN","ADM0_A3_TW":"SEN","ADM0_A3_IN":"SEN","ADM0_A3_NP":"SEN","ADM0_A3_PK":"SEN","ADM0_A3_DE":"SEN","ADM0_A3_GB":"SEN","ADM0_A3_BR":"SEN","ADM0_A3_IL":"SEN","ADM0_A3_PS":"SEN","ADM0_A3_SA":"SEN","ADM0_A3_EG":"SEN","ADM0_A3_MA":"SEN","ADM0_A3_PT":"SEN","ADM0_A3_AR":"SEN","ADM0_A3_JP":"SEN","ADM0_A3_KO":"SEN","ADM0_A3_VN":"SEN","ADM0_A3_TR":"SEN","ADM0_A3_ID":"SEN","ADM0_A3_PL":"SEN","ADM0_A3_GR":"SEN","ADM0_A3_IT":"SEN","ADM0_A3_NL":"SEN","ADM0_A3_SE":"SEN","ADM0_A3_BD":"SEN","ADM0_A3_UA":"SEN","ADM0_A3_UN":-99,"ADM0_A3_WB":-99,"CONTINENT":"Africa","REGION_UN":"Africa","SUBREGION":"Western Africa","REGION_WB":"Sub-Saharan Africa","NAME_LEN":7,"LONG_LEN":7,"ABBREV_LEN":4,"TINY":-99,"HOMEPART":1,"MIN_ZOOM":0,"MIN_LABEL":2.7,"MAX_LABEL":8,"LABEL_X":-14.778586,"LABEL_Y":15.138125,"NE_ID":1159321243,"WIKIDATAID":"Q1041","NAME_AR":"السنغال","NAME_BN":"সেনেগাল","NAME_DE":"Senegal","NAME_EN":"Senegal","NAME_ES":"Senegal","NAME_FA":"سنگال","NAME_FR":"Sénégal","NAME_EL":"Σενεγάλη","NAME_HE":"סנגל","NAME_HI":"सेनेगल","NAME_HU":"Szenegál","NAME_ID":"Senegal","NAME_IT":"Senegal","NAME_JA":"セネガル","NAME_KO":"세네갈","NAME_NL":"Senegal","NAME_PL":"Senegal","NAME_PT":"Senegal","NAME_RU":"Сенегал","NAME_SV":"Senegal","NAME_TR":"Senegal","NAME_UK":"Сенегал","NAME_UR":"سینیگال","NAME_VI":"Sénégal","NAME_ZH":"塞内加尔","NAME_ZHT":"塞內加爾","FCLASS_ISO":"Admin-0 country","TLC_DIFF":null,"FCLASS_TLC":"Admin-0 country","FCLASS_US":null,"FCLASS_FR":null,"FCLASS_RU":null,"FCLASS_ES":null,"FCLASS_CN":null,"FCLASS_TW":null,"FCLASS_IN":null,"FCLASS_NP":null,"FCLASS_PK":null,"FCLASS_DE":null,"FCLASS_GB":null,"FCLASS_BR":null,"FCLASS_IL":null,"FCLASS_PS":null,"FCLASS_SA":null,"FCLASS_EG":null,"FCLASS_MA":null,"FCLASS_PT":null,"FCLASS_AR":null,"FCLASS_JP":null,"FCLASS_KO":null,"FCLASS_VN":null,"FCLASS_TR":null,"FCLASS_ID":null,"FCLASS_PL":null,"FCLASS_GR":null,"FCLASS_IT":null,"FCLASS_NL":null,"FCLASS_SE":null,"FCLASS_BD":null,"FCLASS_UA":null,"layer":"border"},"bbox":[-17.625043,12.33209,-11.467899,16.598264],"geometry":{"type":"Polygon","coordinates":[[[-16.713729,13.594959],[-17.126107,14.373516],[-17.625043,14.729541],[-17.185173,14.919477],[-16.700706,15.621527],[-16.463098,16.135036],[-16.12069,16.455663],[-15.623666,16.369337],[-15.135737,16.587282],[-14.577348,16.598264],[-14.099521,16.304302],[-13.435738,16.039383],[-12.830658,15.303692],[-12.17075,14.616834],[-12.124887,13.994727],[-11.927716,13.422075],[-11.553398,13.141214],[-11.467899,12.754519],[-11.513943,12.442988],[-11.658301,12.386583],[-12.203565,12.465648],[-12.278599,12.35444],[-12.499051,12.33209],[-13.217818,12.575874],[-13.700476,12.586183],[-15.548477,12.62817],[-15.816574,12.515567],[-16.147717,12.547762],[-16.677452,12.384852],[-16.841525,13.151394],[-15.931296,13.130284],[-15.691001,13.270353],[-15.511813,13.27857],[-15.141163,13.509512],[-14.712197,13.298207],[-14.277702,13.280585],[-13.844963,13.505042],[-14.046992,13.794068],[-14.376714,13.62568],[-14.687031,13.630357],[-15.081735,13.876492],[-15.39877,13.860369],[-15.624596,13.623587],[-16.713729,13.594959]]]}},{"type":"Feature","properties":{"featurecla":"Admin-0 country","scalerank":1,"LABELRANK":3,"SOVEREIGNT":"Mali","SOV_A3":"MLI","ADM0_DIF":0,"LEVEL":2,"TYPE":"Sovereign country","TLC":"1","ADMIN":"Mali","ADM0_A3":"MLI","GEOU_DIF":0,"GEOUNIT":"Mali","GU_A3":"MLI","SU_DIF":0,"SUBUNIT":"Mali","SU_A3":"MLI","BRK_DIFF":0,"NAME":"Mali","NAME_LONG":"Mali","BRK_A3":"MLI","BRK_NAME":"Mali","BRK_GROUP":null,"ABBREV":"Mali","POSTAL":"ML","FORMAL_EN":"Republic of Mali","FORMAL_FR":null,"NAME_CIAWF":"Mali","NOTE_ADM0":null,"NOTE_BRK":null,"NAME_SORT":"Mali","NAME_ALT":null,"MAPCOLOR7":1,"MAPCOLOR8":4,"MAPCOLOR9":1,"MAPCOLOR13":7,"POP_EST":19658031,"POP_RANK":14,"POP_YEAR":2019,"GDP_MD":17279,"GDP_YEAR":2019,"ECONOMY":"7. Least developed region","INCOME_GRP":"5. Low income","FIPS_10":"ML","ISO_A2":"ML","ISO_A2_EH":"ML","ISO_A3":"MLI","ISO_A3_EH":"MLI","ISO_N3":"466","ISO_N3_EH":"466","UN_A3":"466","WB_A2":"ML","WB_A3":"MLI","WOE_ID":23424891,"WOE_ID_EH":23424891,"WOE_NOTE":"Exact WOE match as country","ADM0_ISO":"MLI","ADM0_DIFF":null,"ADM0_TLC":"MLI","ADM0_A3_US":"MLI","ADM0_A3_FR":"MLI","ADM0_A3_RU":"MLI","ADM0_A3_ES":"MLI","ADM0_A3_CN":"MLI","ADM0_A3_TW":"MLI","ADM0_A3_IN":"MLI","ADM0_A3_NP":"MLI","ADM0_A3_PK":"MLI","ADM0_A3_DE":"MLI","ADM0_A3_GB":"MLI","ADM0_A3_BR":"MLI","ADM0_A3_IL":"MLI","ADM0_A3_PS":"MLI","ADM0_A3_SA":"MLI","ADM0_A3_EG":"MLI","ADM0_A3_MA":"MLI","ADM0_A3_PT":"MLI","ADM0_A3_AR":"MLI","ADM0_A3_JP":"MLI","ADM0_A3_KO":"MLI","ADM0_A3_VN":"MLI","ADM0_A3_TR":"MLI","ADM0_A3_ID":"MLI","ADM0_A3_PL":"MLI","ADM0_A3_GR":"MLI","ADM0_A3_IT":"MLI","ADM0_A3_NL":"MLI","ADM0_A3_SE":"MLI","ADM0_A3_BD":"MLI","ADM0_A3_UA":"MLI","ADM0_A3_UN":-99,"ADM0_A3_WB":-99,"CONTINENT":"Africa","REGION_UN":"Africa","SUBREGION":"Western Africa","REGION_WB":"Sub-Saharan Africa","NAME_LEN":4,"LONG_LEN":4,"ABBREV_LEN":4,"TINY":-99,"HOMEPART":1,"MIN_ZOOM":0,"MIN_LABEL":3,"MAX_LABEL":7,"LABEL_X":-2.038455,"LABEL_Y":18.692713,"NE_ID":1159321063,"WIKIDATAID":"Q912","NAME_AR":"مالي","NAME_BN":"মালি","NAME_DE":"Mali","NAME_EN":"Mali","NAME_ES":"Malí","NAME_FA":"مالی","NAME_FR":"Mali","NAME_EL":"Μάλι","NAME_HE":"מאלי","NAME_HI":"माली","NAME_HU":"Mali","NAME_ID":"Mali","NAME_IT":"Mali","NAME_JA":"マリ共和国","NAME_KO":"말리","NAME_NL":"Mali","NAME_PL":"Mali","NAME_PT":"Mali","NAME_RU":"Мали","NAME_SV":"Mali","NAME_TR":"Mali","NAME_UK":"Малі","NAME_UR":"مالی","NAME_VI":"Mali","NAME_ZH":"马里","NAME_ZHT":"馬利共和國","FCLASS_ISO":"Admin-0 country","TLC_DIFF":null,"FCLASS_TLC":"Admin-0 country","FCLASS_US":null,"FCLASS_FR":null,"FCLASS_RU":null,"FCLASS_ES":null,"FCLASS_CN":null,"FCLASS_TW":null,"FCLASS_IN":null,"FCLASS_NP":null,"FCLASS_PK":null,"FCLASS_DE":null,"FCLASS_GB":null,"FCLASS_BR":null,"FCLASS_IL":null,"FCLASS_PS":null,"FCLASS_SA":null,"FCLASS_EG":null,"FCLASS_MA":null,"FCLASS_PT":null,"FCLASS_AR":null,"FCLASS_JP":null,"FCLASS_KO":null,"FCLASS_VN":null,"FCLASS_TR":null,"FCLASS_ID":null,"FCLASS_PL":null,"FCLASS_GR":null,"FCLASS_IT":null,"FCLASS_NL":null,"FCLASS_SE":null,"FCLASS_BD":null,"FCLASS_UA":null,"layer":"border"},"bbox":[-12.17075,10.096361,4.27021,24.974574],"geometry":{"type":"Polygon","coordinates":[[[-11.513943,12.442988],[-11.467899,12.754519],[-11.553398,13.141214],[-11.927716,13.422075],[-12.124887,13.994727],[-12.17075,14.616834],[-11.834208,14.799097],[-11.666078,15.388208],[-11.349095,15.411256],[-10.650791,15.132746],[-10.086846,15.330486],[-9.700255,15.264107],[-9.550238,15.486497],[-5.537744,15.50169],[-5.315277,16.201854],[-5.488523,16.325102],[-5.971129,20.640833],[-6.453787,24.956591],[-4.923337,24.974574],[-1.550055,22.792666],[1.823228,20.610809],[2.060991,20.142233],[2.683588,19.85623],[3.146661,19.693579],[3.158133,19.057364],[4.267419,19.155265],[4.27021,16.852227],[3.723422,16.184284],[3.638259,15.56812],[2.749993,15.409525],[1.385528,15.323561],[1.015783,14.968182],[0.374892,14.928908],[-0.266257,14.924309],[-0.515854,15.116158],[-1.066363,14.973815],[-2.001035,14.559008],[-2.191825,14.246418],[-2.967694,13.79815],[-3.103707,13.541267],[-3.522803,13.337662],[-4.006391,13.472485],[-4.280405,13.228444],[-4.427166,12.542646],[-5.220942,11.713859],[-5.197843,11.375146],[-5.470565,10.95127],[-5.404342,10.370737],[-5.816926,10.222555],[-6.050452,10.096361],[-6.205223,10.524061],[-6.493965,10.411303],[-6.666461,10.430811],[-6.850507,10.138994],[-7.622759,10.147236],[-7.89959,10.297382],[-8.029944,10.206535],[-8.335377,10.494812],[-8.282357,10.792597],[-8.407311,10.909257],[-8.620321,10.810891],[-8.581305,11.136246],[-8.376305,11.393646],[-8.786099,11.812561],[-8.905265,12.088358],[-9.127474,12.30806],[-9.327616,12.334286],[-9.567912,12.194243],[-9.890993,12.060479],[-10.165214,11.844084],[-10.593224,11.923975],[-10.87083,12.177887],[-11.036556,12.211245],[-11.297574,12.077971],[-11.456169,12.076834],[-11.513943,12.442988]]]}},{"type":"Feature","properties":{"featurecla":"Admin-0 country","scalerank":1,"LABELRANK":3,"SOVEREIGNT":"Mauritania","SOV_A3":"MRT","ADM0_DIF":0,"LEVEL":2,"TYPE":"Sovereign country","TLC":"1","ADMIN":"Mauritania","ADM0_A3":"MRT","GEOU_DIF":0,"GEOUNIT":"Mauritania","GU_A3":"MRT","SU_DIF":0,"SUBUNIT":"Mauritania","SU_A3":"MRT","BRK_DIFF":0,"NAME":"Mauritania","NAME_LONG":"Mauritania","BRK_A3":"MRT","BRK_NAME":"Mauritania","BRK_GROUP":null,"ABBREV":"Mrt.","POSTAL":"MR","FORMAL_EN":"Islamic Republic of Mauritania","FORMAL_FR":null,"NAME_CIAWF":"Mauritania","NOTE_ADM0":null,"NOTE_BRK":null,"NAME_SORT":"Mauritania","NAME_ALT":null,"MAPCOLOR7":3,"MAPCOLOR8":3,"MAPCOLOR9":2,"MAPCOLOR13":1,"POP_EST":4525696,"POP_RANK":12,"POP_YEAR":2019,"GDP_MD":7600,"GDP_YEAR":2019,"ECONOMY":"7. Least developed region","INCOME_GRP":"5. Low income","FIPS_10":"MR","ISO_A2":"MR","ISO_A2_EH":"MR","ISO_A3":"MRT","ISO_A3_EH":"MRT","ISO_N3":"478","ISO_N3_EH":"478","UN_A3":"478","WB_A2":"MR","WB_A3":"MRT","WOE_ID":23424896,"WOE_ID_EH":23424896,"WOE_NOTE":"Exact WOE match as country","ADM0_ISO":"MRT","ADM0_DIFF":null,"ADM0_TLC":"MRT","ADM0_A3_US":"MRT","ADM0_A3_FR":"MRT","ADM0_A3_RU":"MRT","ADM0_A3_ES":"MRT","ADM0_A3_CN":"MRT","ADM0_A3_TW":"MRT","ADM0_A3_IN":"MRT","ADM0_A3_NP":"MRT","ADM0_A3_PK":"MRT","ADM0_A3_DE":"MRT","ADM0_A3_GB":"MRT","ADM0_A3_BR":"MRT","ADM0_A3_IL":"MRT","ADM0_A3_PS":"MRT","ADM0_A3_SA":"MRT","ADM0_A3_EG":"MRT","ADM0_A3_MA":"MRT","ADM0_A3_PT":"MRT","ADM0_A3_AR":"MRT","ADM0_A3_JP":"MRT","ADM0_A3_KO":"MRT","ADM0_A3_VN":"MRT","ADM0_A3_TR":"MRT","ADM0_A3_ID":"MRT","ADM0_A3_PL":"MRT","ADM0_A3_GR":"MRT","ADM0_A3_IT":"MRT","ADM0_A3_NL":"MRT","ADM0_A3_SE":"MRT","ADM0_A3_BD":"MRT","ADM0_A3_UA":"MRT","ADM0_A3_UN":-99,"ADM0_A3_WB":-99,"CONTINENT":"Africa","REGION_UN":"Africa","SUBREGION":"Western Africa","REGION_WB":"Sub-Saharan Africa","NAME_LEN":10,"LONG_LEN":10,"ABBREV_LEN":4,"TINY":-99,"HOMEPART":1,"MIN_ZOOM":0,"MIN_LABEL":3,"MAX_LABEL":8,"LABEL_X":-9.740299,"LABEL_Y":19.587062,"NE_ID":1159321075,"WIKIDATAID":"Q1025","NAME_AR":"موريتانيا","NAME_BN":"মৌরিতানিয়া","NAME_DE":"Mauretanien","NAME_EN":"Mauritania","NAME_ES":"Mauritania","NAME_FA":"موریتانی","NAME_FR":"Mauritanie","NAME_EL":"Μαυριτανία","NAME_HE":"מאוריטניה","NAME_HI":"मॉरीतानिया","NAME_HU":"Mauritánia","NAME_ID":"Mauritania","NAME_IT":"Mauritania","NAME_JA":"モーリタニア","NAME_KO":"모리타니","NAME_NL":"Mauritanië","NAME_PL":"Mauretania","NAME_PT":"Mauritânia","NAME_RU":"Мавритания","NAME_SV":"Mauretanien","NAME_TR":"Moritanya","NAME_UK":"Мавританія","NAME_UR":"موریتانیہ","NAME_VI":"Mauritanie","NAME_ZH":"毛里塔尼亚","NAME_ZHT":"茅利塔尼亞","FCLASS_ISO":"Admin-0 country","TLC_DIFF":null,"FCLASS_TLC":"Admin-0 country","FCLASS_US":null,"FCLASS_FR":null,"FCLASS_RU":null,"FCLASS_ES":null,"FCLASS_CN":null,"FCLASS_TW":null,"FCLASS_IN":null,"FCLASS_NP":null,"FCLASS_PK":null,"FCLASS_DE":null,"FCLASS_GB":null,"FCLASS_BR":null,"FCLASS_IL":null,"FCLASS_PS":null,"FCLASS_SA":null,"FCLASS_EG":null,"FCLASS_MA":null,"FCLASS_PT":null,"FCLASS_AR":null,"FCLASS_JP":null,"FCLASS_KO":null,"FCLASS_VN":null,"FCLASS_TR":null,"FCLASS_ID":null,"FCLASS_PL":null,"FCLASS_GR":null,"FCLASS_IT":null,"FCLASS_NL":null,"FCLASS_SE":null,"FCLASS_BD":null,"FCLASS_UA":null,"layer":"border"},"bbox":[-17.063423,14.616834,-4.923337,27.395744],"geometry":{"type":"Polygon","coordinates":[[[-17.063423,20.999752],[-16.845194,21.333323],[-12.929102,21.327071],[-13.118754,22.77122],[-12.874222,23.284832],[-11.937224,23.374594],[-11.969419,25.933353],[-8.687294,25.881056],[-8.6844,27.395744],[-4.923337,24.974574],[-6.453787,24.956591],[-5.971129,20.640833],[-5.488523,16.325102],[-5.315277,16.201854],[-5.537744,15.50169],[-9.550238,15.486497],[-9.700255,15.264107],[-10.086846,15.330486],[-10.650791,15.132746],[-11.349095,15.411256],[-11.666078,15.388208],[-11.834208,14.799097],[-12.17075,14.616834],[-12.830658,15.303692],[-13.435738,16.039383],[-14.099521,16.304302],[-14.577348,16.598264],[-15.135737,16.587282],[-15.623666,16.369337],[-16.12069,16.455663],[-16.463098,16.135036],[-16.549708,16.673892],[-16.270552,17.166963],[-16.146347,18.108482],[-16.256883,19.096716],[-16.377651,19.593817],[-16.277838,20.092521],[-16.536324,20.567866],[-17.063423,20.999752]]]}},{"type":"Feature","properties":{"featurecla":"Admin-0 country","scalerank":1,"LABELRANK":5,"SOVEREIGNT":"Benin","SOV_A3":"BEN","ADM0_DIF":0,"LEVEL":2,"TYPE":"Sovereign country","TLC":"1","ADMIN":"Benin","ADM0_A3":"BEN","GEOU_DIF":0,"GEOUNIT":"Benin","GU_A3":"BEN","SU_DIF":0,"SUBUNIT":"Benin","SU_A3":"BEN","BRK_DIFF":0,"NAME":"Benin","NAME_LONG":"Benin","BRK_A3":"BEN","BRK_NAME":"Benin","BRK_GROUP":null,"ABBREV":"Benin","POSTAL":"BJ","FORMAL_EN":"Republic of Benin","FORMAL_FR":null,"NAME_CIAWF":"Benin","NOTE_ADM0":null,"NOTE_BRK":null,"NAME_SORT":"Benin","NAME_ALT":null,"MAPCOLOR7":1,"MAPCOLOR8":2,"MAPCOLOR9":2,"MAPCOLOR13":12,"POP_EST":11801151,"POP_RANK":14,"POP_YEAR":2019,"GDP_MD":14390,"GDP_YEAR":2019,"ECONOMY":"7. Least developed region","INCOME_GRP":"5. Low income","FIPS_10":"BN","ISO_A2":"BJ","ISO_A2_EH":"BJ","ISO_A3":"BEN","ISO_A3_EH":"BEN","ISO_N3":"204","ISO_N3_EH":"204","UN_A3":"204","WB_A2":"BJ","WB_A3":"BEN","WOE_ID":23424764,"WOE_ID_EH":23424764,"WOE_NOTE":"Exact WOE match as country","ADM0_ISO":"BEN","ADM0_DIFF":null,"ADM0_TLC":"BEN","ADM0_A3_US":"BEN","ADM0_A3_FR":"BEN","ADM0_A3_RU":"BEN","ADM0_A3_ES":"BEN","ADM0_A3_CN":"BEN","ADM0_A3_TW":"BEN","ADM0_A3_IN":"BEN","ADM0_A3_NP":"BEN","ADM0_A3_PK":"BEN","ADM0_A3_DE":"BEN","ADM0_A3_GB":"BEN","ADM0_A3_BR":"BEN","ADM0_A3_IL":"BEN","ADM0_A3_PS":"BEN","ADM0_A3_SA":"BEN","ADM0_A3_EG":"BEN","ADM0_A3_MA":"BEN","ADM0_A3_PT":"BEN","ADM0_A3_AR":"BEN","ADM0_A3_JP":"BEN","ADM0_A3_KO":"BEN","ADM0_A3_VN":"BEN","ADM0_A3_TR":"BEN","ADM0_A3_ID":"BEN","ADM0_A3_PL":"BEN","ADM0_A3_GR":"BEN","ADM0_A3_IT":"BEN","ADM0_A3_NL":"BEN","ADM0_A3_SE":"BEN","ADM0_A3_BD":"BEN","ADM0_A3_UA":"BEN","ADM0_A3_UN":-99,"ADM0_A3_WB":-99,"CONTINENT":"Africa","REGION_UN":"Africa","SUBREGION":"Western Africa","REGION_WB":"Sub-Saharan Africa","NAME_LEN":5,"LONG_LEN":5,"ABBREV_LEN":5,"TINY":-99,"HOMEPART":1,"MIN_ZOOM":0,"MIN_LABEL":4,"MAX_LABEL":9,"LABEL_X":2.352018,"LABEL_Y":10.324775,"NE_ID":1159320399,"WIKIDATAID":"Q962","NAME_AR":"بنين","NAME_BN":"বেনিন","NAME_DE":"Benin","NAME_EN":"Benin","NAME_ES":"Benín","NAME_FA":"بنین","NAME_FR":"Bénin","NAME_EL":"Μπενίν","NAME_HE":"בנין","NAME_HI":"बेनिन","NAME_HU":"Benin","NAME_ID":"Benin","NAME_IT":"Benin","NAME_JA":"ベナン","NAME_KO":"베냉","NAME_NL":"Benin","NAME_PL":"Benin","NAME_PT":"Benim","NAME_RU":"Бенин","NAME_SV":"Benin","NAME_TR":"Benin","NAME_UK":"Бенін","NAME_UR":"بینن","NAME_VI":"Bénin","NAME_ZH":"贝宁","NAME_ZHT":"貝南","FCLASS_ISO":"Admin-0 country","TLC_DIFF":null,"FCLASS_TLC":"Admin-0 country","FCLASS_US":null,"FCLASS_FR":null,"FCLASS_RU":null,"FCLASS_ES":null,"FCLASS_CN":null,"FCLASS_TW":null,"FCLASS_IN":null,"FCLASS_NP":null,"FCLASS_PK":null,"FCLASS_DE":null,"FCLASS_GB":null,"FCLASS_BR":null,"FCLASS_IL":null,"FCLASS_PS":null,"FCLASS_SA":null,"FCLASS_EG":null,"FCLASS_MA":null,"FCLASS_PT":null,"FCLASS_AR":null,"FCLASS_JP":null,"FCLASS_KO":null,"FCLASS_VN":null,"FCLASS_TR":null,"FCLASS_ID":null,"FCLASS_PL":null,"FCLASS_GR":null,"FCLASS_IT":null,"FCLASS_NL":null,"FCLASS_SE":null,"FCLASS_BD":null,"FCLASS_UA":null,"layer":"border"},"bbox":[0.772336,6.142158,3.797112,12.235636],"geometry":{"type":"Polygon","coordinates":[[[2.691702,6.258817],[1.865241,6.142158],[1.618951,6.832038],[1.664478,9.12859],[1.463043,9.334624],[1.425061,9.825395],[1.077795,10.175607],[0.772336,10.470808],[0.899563,10.997339],[1.24347,11.110511],[1.447178,11.547719],[1.935986,11.64115],[2.154474,11.94015],[2.490164,12.233052],[2.848643,12.235636],[3.61118,11.660167],[3.572216,11.327939],[3.797112,10.734746],[3.60007,10.332186],[3.705438,10.06321],[3.220352,9.444153],[2.912308,9.137608],[2.723793,8.506845],[2.749063,7.870734],[2.691702,6.258817]]]}},{"type":"Feature","properties":{"featurecla":"Admin-0 country","scalerank":1,"LABELRANK":3,"SOVEREIGNT":"Niger","SOV_A3":"NER","ADM0_DIF":0,"LEVEL":2,"TYPE":"Sovereign country","TLC":"1","ADMIN":"Niger","ADM0_A3":"NER","GEOU_DIF":0,"GEOUNIT":"Niger","GU_A3":"NER","SU_DIF":0,"SUBUNIT":"Niger","SU_A3":"NER","BRK_DIFF":0,"NAME":"Niger","NAME_LONG":"Niger","BRK_A3":"NER","BRK_NAME":"Niger","BRK_GROUP":null,"ABBREV":"Niger","POSTAL":"NE","FORMAL_EN":"Republic of Niger","FORMAL_FR":null,"NAME_CIAWF":"Niger","NOTE_ADM0":null,"NOTE_BRK":null,"NAME_SORT":"Niger","NAME_ALT":null,"MAPCOLOR7":4,"MAPCOLOR8":5,"MAPCOLOR9":3,"MAPCOLOR13":13,"POP_EST":23310715,"POP_RANK":15,"POP_YEAR":2019,"GDP_MD":12911,"GDP_YEAR":2019,"ECONOMY":"7. Least developed region","INCOME_GRP":"5. Low income","FIPS_10":"NG","ISO_A2":"NE","ISO_A2_EH":"NE","ISO_A3":"NER","ISO_A3_EH":"NER","ISO_N3":"562","ISO_N3_EH":"562","UN_A3":"562","WB_A2":"NE","WB_A3":"NER","WOE_ID":23424906,"WOE_ID_EH":23424906,"WOE_NOTE":"Exact WOE match as country","ADM0_ISO":"NER","ADM0_DIFF":null,"ADM0_TLC":"NER","ADM0_A3_US":"NER","ADM0_A3_FR":"NER","ADM0_A3_RU":"NER","ADM0_A3_ES":"NER","ADM0_A3_CN":"NER","ADM0_A3_TW":"NER","ADM0_A3_IN":"NER","ADM0_A3_NP":"NER","ADM0_A3_PK":"NER","ADM0_A3_DE":"NER","ADM0_A3_GB":"NER","ADM0_A3_BR":"NER","ADM0_A3_IL":"NER","ADM0_A3_PS":"NER","ADM0_A3_SA":"NER","ADM0_A3_EG":"NER","ADM0_A3_MA":"NER","ADM0_A3_PT":"NER","ADM0_A3_AR":"NER","ADM0_A3_JP":"NER","ADM0_A3_KO":"NER","ADM0_A3_VN":"NER","ADM0_A3_TR":"NER","ADM0_A3_ID":"NER","ADM0_A3_PL":"NER","ADM0_A3_GR":"NER","ADM0_A3_IT":"NER","ADM0_A3_NL":"NER","ADM0_A3_SE":"NER","ADM0_A3_BD":"NER","ADM0_A3_UA":"NER","ADM0_A3_UN":-99,"ADM0_A3_WB":-99,"CONTINENT":"Africa","REGION_UN":"Africa","SUBREGION":"Western Africa","REGION_WB":"Sub-Saharan Africa","NAME_LEN":5,"LONG_LEN":5,"ABBREV_LEN":5,"TINY":-99,"HOMEPART":1,"MIN_ZOOM":0,"MIN_LABEL":3,"MAX_LABEL":8,"LABEL_X":9.504356,"LABEL_Y":17.446195,"NE_ID":1159321087,"WIKIDATAID":"Q1032","NAME_AR":"النيجر","NAME_BN":"নাইজার","NAME_DE":"Niger","NAME_EN":"Niger","NAME_ES":"Níger","NAME_FA":"نیجر","NAME_FR":"Niger","NAME_EL":"Νίγηρας","NAME_HE":"ניז'ר","NAME_HI":"नाइजर","NAME_HU":"Niger","NAME_ID":"Niger","NAME_IT":"Niger","NAME_JA":"ニジェール","NAME_KO":"니제르","NAME_NL":"Niger","NAME_PL":"Niger","NAME_PT":"Níger","NAME_RU":"Нигер","NAME_SV":"Niger","NAME_TR":"Nijer","NAME_UK":"Нігер","NAME_UR":"نائجر","NAME_VI":"Niger","NAME_ZH":"尼日尔","NAME_ZHT":"尼日","FCLASS_ISO":"Admin-0 country","TLC_DIFF":null,"FCLASS_TLC":"Admin-0 country","FCLASS_US":null,"FCLASS_FR":null,"FCLASS_RU":null,"FCLASS_ES":null,"FCLASS_CN":null,"FCLASS_TW":null,"FCLASS_IN":null,"FCLASS_NP":null,"FCLASS_PK":null,"FCLASS_DE":null,"FCLASS_GB":null,"FCLASS_BR":null,"FCLASS_IL":null,"FCLASS_PS":null,"FCLASS_SA":null,"FCLASS_EG":null,"FCLASS_MA":null,"FCLASS_PT":null,"FCLASS_AR":null,"FCLASS_JP":null,"FCLASS_KO":null,"FCLASS_VN":null,"FCLASS_TR":null,"FCLASS_ID":null,"FCLASS_PL":null,"FCLASS_GR":null,"FCLASS_IT":null,"FCLASS_NL":null,"FCLASS_SE":null,"FCLASS_BD":null,"FCLASS_UA":null,"layer":"border"},"bbox":[0.295646,11.660167,15.903247,23.471668],"geometry":{"type":"Polygon","coordinates":[[[14.8513,22.86295],[15.096888,21.308519],[15.47106,21.04845],[15.487148,20.730415],[15.903247,20.387619],[15.685741,19.95718],[15.300441,17.92795],[15.247731,16.627306],[13.97217,15.68437],[13.540394,14.367134],[13.956699,13.996691],[13.954477,13.353449],[14.595781,13.330427],[14.495787,12.859396],[14.213531,12.802035],[14.181336,12.483657],[13.995353,12.461565],[13.318702,13.556356],[13.083987,13.596147],[12.302071,13.037189],[11.527803,13.32898],[10.989593,13.387323],[10.701032,13.246918],[10.114814,13.277252],[9.524928,12.851102],[9.014933,12.826659],[7.804671,13.343527],[7.330747,13.098038],[6.820442,13.115091],[6.445426,13.492768],[5.443058,13.865924],[4.368344,13.747482],[4.107946,13.531216],[3.967283,12.956109],[3.680634,12.552903],[3.61118,11.660167],[2.848643,12.235636],[2.490164,12.233052],[2.154474,11.94015],[2.177108,12.625018],[1.024103,12.851826],[0.993046,13.33575],[0.429928,13.988733],[0.295646,14.444235],[0.374892,14.928908],[1.015783,14.968182],[1.385528,15.323561],[2.749993,15.409525],[3.638259,15.56812],[3.723422,16.184284],[4.27021,16.852227],[4.267419,19.155265],[5.677566,19.601207],[8.572893,21.565661],[11.999506,23.471668],[13.581425,23.040506],[14.143871,22.491289],[14.8513,22.86295]]]}},{"type":"Feature","properties":{"featurecla":"Admin-0 country","scalerank":1,"LABELRANK":2,"SOVEREIGNT":"Nigeria","SOV_A3":"NGA","ADM0_DIF":0,"LEVEL":2,"TYPE":"Sovereign country","TLC":"1","ADMIN":"Nigeria","ADM0_A3":"NGA","GEOU_DIF":0,"GEOUNIT":"Nigeria","GU_A3":"NGA","SU_DIF":0,"SUBUNIT":"Nigeria","SU_A3":"NGA","BRK_DIFF":0,"NAME":"Nigeria","NAME_LONG":"Nigeria","BRK_A3":"NGA","BRK_NAME":"Nigeria","BRK_GROUP":null,"ABBREV":"Nigeria","POSTAL":"NG","FORMAL_EN":"Federal Republic of Nigeria","FORMAL_FR":null,"NAME_CIAWF":"Nigeria","NOTE_ADM0":null,"NOTE_BRK":null,"NAME_SORT":"Nigeria","NAME_ALT":null,"MAPCOLOR7":3,"MAPCOLOR8":2,"MAPCOLOR9":5,"MAPCOLOR13":2,"POP_EST":200963599,"POP_RANK":17,"POP_YEAR":2019,"GDP_MD":448120,"GDP_YEAR":2019,"ECONOMY":"5. Emerging region: G20","INCOME_GRP":"4. Lower middle income","FIPS_10":"NI","ISO_A2":"NG","ISO_A2_EH":"NG","ISO_A3":"NGA","ISO_A3_EH":"NGA","ISO_N3":"566","ISO_N3_EH":"566","UN_A3":"566","WB_A2":"NG","WB_A3":"NGA","WOE_ID":23424908,"WOE_ID_EH":23424908,"WOE_NOTE":"Exact WOE match as country","ADM0_ISO":"NGA","ADM0_DIFF":null,"ADM0_TLC":"NGA","ADM0_A3_US":"NGA","ADM0_A3_FR":"NGA","ADM0_A3_RU":"NGA","ADM0_A3_ES":"NGA","ADM0_A3_CN":"NGA","ADM0_A3_TW":"NGA","ADM0_A3_IN":"NGA","ADM0_A3_NP":"NGA","ADM0_A3_PK":"NGA","ADM0_A3_DE":"NGA","ADM0_A3_GB":"NGA","ADM0_A3_BR":"NGA","ADM0_A3_IL":"NGA","ADM0_A3_PS":"NGA","ADM0_A3_SA":"NGA","ADM0_A3_EG":"NGA","ADM0_A3_MA":"NGA","ADM0_A3_PT":"NGA","ADM0_A3_AR":"NGA","ADM0_A3_JP":"NGA","ADM0_A3_KO":"NGA","ADM0_A3_VN":"NGA","ADM0_A3_TR":"NGA","ADM0_A3_ID":"NGA","ADM0_A3_PL":"NGA","ADM0_A3_GR":"NGA","ADM0_A3_IT":"NGA","ADM0_A3_NL":"NGA","ADM0_A3_SE":"NGA","ADM0_A3_BD":"NGA","ADM0_A3_UA":"NGA","ADM0_A3_UN":-99,"ADM0_A3_WB":-99,"CONTINENT":"Africa","REGION_UN":"Africa","SUBREGION":"Western Africa","REGION_WB":"Sub-Saharan Africa","NAME_LEN":7,"LONG_LEN":7,"ABBREV_LEN":7,"TINY":-99,"HOMEPART":1,"MIN_ZOOM":0,"MIN_LABEL":1.7,"MAX_LABEL":6.7,"LABEL_X":7.50322,"LABEL_Y":9.439799,"NE_ID":1159321089,"WIKIDATAID":"Q1033","NAME_AR":"نيجيريا","NAME_BN":"নাইজেরিয়া","NAME_DE":"Nigeria","NAME_EN":"Nigeria","NAME_ES":"Nigeria","NAME_FA":"نیجریه","NAME_FR":"Nigeria","NAME_EL":"Νιγηρία","NAME_HE":"ניגריה","NAME_HI":"नाईजीरिया","NAME_HU":"Nigéria","NAME_ID":"Nigeria","NAME_IT":"Nigeria","NAME_JA":"ナイジェリア","NAME_KO":"나이지리아","NAME_NL":"Nigeria","NAME_PL":"Nigeria","NAME_PT":"Nigéria","NAME_RU":"Нигерия","NAME_SV":"Nigeria","NAME_TR":"Nijerya","NAME_UK":"Нігерія","NAME_UR":"نائجیریا","NAME_VI":"Nigeria","NAME_ZH":"尼日利亚","NAME_ZHT":"奈及利亞","FCLASS_ISO":"Admin-0 country","TLC_DIFF":null,"FCLASS_TLC":"Admin-0 country","FCLASS_US":null,"FCLASS_FR":null,"FCLASS_RU":null,"FCLASS_ES":null,"FCLASS_CN":null,"FCLASS_TW":null,"FCLASS_IN":null,"FCLASS_NP":null,"FCLASS_PK":null,"FCLASS_DE":null,"FCLASS_GB":null,"FCLASS_BR":null,"FCLASS_IL":null,"FCLASS_PS":null,"FCLASS_SA":null,"FCLASS_EG":null,"FCLASS_MA":null,"FCLASS_PT":null,"FCLASS_AR":null,"FCLASS_JP":null,"FCLASS_KO":null,"FCLASS_VN":null,"FCLASS_TR":null,"FCLASS_ID":null,"FCLASS_PL":null,"FCLASS_GR":null,"FCLASS_IT":null,"FCLASS_NL":null,"FCLASS_SE":null,"FCLASS_BD":null,"FCLASS_UA":null,"layer":"border"},"bbox":[2.691702,4.240594,14.577178,13.865924],"geometry":{"type":"Polygon","coordinates":[[[2.691702,6.258817],[2.749063,7.870734],[2.723793,8.506845],[2.912308,9.137608],[3.220352,9.444153],[3.705438,10.06321],[3.60007,10.332186],[3.797112,10.734746],[3.572216,11.327939],[3.61118,11.660167],[3.680634,12.552903],[3.967283,12.956109],[4.107946,13.531216],[4.368344,13.747482],[5.443058,13.865924],[6.445426,13.492768],[6.820442,13.115091],[7.330747,13.098038],[7.804671,13.343527],[9.014933,12.826659],[9.524928,12.851102],[10.114814,13.277252],[10.701032,13.246918],[10.989593,13.387323],[11.527803,13.32898],[12.302071,13.037189],[13.083987,13.596147],[13.318702,13.556356],[13.995353,12.461565],[14.181336,12.483657],[14.577178,12.085361],[14.468192,11.904752],[14.415379,11.572369],[13.57295,10.798566],[13.308676,10.160362],[13.1676,9.640626],[12.955468,9.417772],[12.753672,8.717763],[12.218872,8.305824],[12.063946,7.799808],[11.839309,7.397042],[11.745774,6.981383],[11.058788,6.644427],[10.497375,7.055358],[10.118277,7.03877],[9.522706,6.453482],[9.233163,6.444491],[8.757533,5.479666],[8.500288,4.771983],[7.462108,4.412108],[7.082596,4.464689],[6.698072,4.240594],[5.898173,4.262453],[5.362805,4.887971],[5.033574,5.611802],[4.325607,6.270651],[3.57418,6.2583],[2.691702,6.258817]]]}},{"type":"Feature","properties":{"featurecla":"Admin-0 country","scalerank":1,"LABELRANK":3,"SOVEREIGNT":"Cameroon","SOV_A3":"CMR","ADM0_DIF":0,"LEVEL":2,"TYPE":"Sovereign country","TLC":"1","ADMIN":"Cameroon","ADM0_A3":"CMR","GEOU_DIF":0,"GEOUNIT":"Cameroon","GU_A3":"CMR","SU_DIF":0,"SUBUNIT":"Cameroon","SU_A3":"CMR","BRK_DIFF":0,"NAME":"Cameroon","NAME_LONG":"Cameroon","BRK_A3":"CMR","BRK_NAME":"Cameroon","BRK_GROUP":null,"ABBREV":"Cam.","POSTAL":"CM","FORMAL_EN":"Republic of Cameroon","FORMAL_FR":null,"NAME_CIAWF":"Cameroon","NOTE_ADM0":null,"NOTE_BRK":null,"NAME_SORT":"Cameroon","NAME_ALT":null,"MAPCOLOR7":1,"MAPCOLOR8":4,"MAPCOLOR9":1,"MAPCOLOR13":3,"POP_EST":25876380,"POP_RANK":15,"POP_YEAR":2019,"GDP_MD":39007,"GDP_YEAR":2019,"ECONOMY":"6. Developing region","INCOME_GRP":"4. Lower middle income","FIPS_10":"CM","ISO_A2":"CM","ISO_A2_EH":"CM","ISO_A3":"CMR","ISO_A3_EH":"CMR","ISO_N3":"120","ISO_N3_EH":"120","UN_A3":"120","WB_A2":"CM","WB_A3":"CMR","WOE_ID":23424785,"WOE_ID_EH":23424785,"WOE_NOTE":"Exact WOE match as country","ADM0_ISO":"CMR","ADM0_DIFF":null,"ADM0_TLC":"CMR","ADM0_A3_US":"CMR","ADM0_A3_FR":"CMR","ADM0_A3_RU":"CMR","ADM0_A3_ES":"CMR","ADM0_A3_CN":"CMR","ADM0_A3_TW":"CMR","ADM0_A3_IN":"CMR","ADM0_A3_NP":"CMR","ADM0_A3_PK":"CMR","ADM0_A3_DE":"CMR","ADM0_A3_GB":"CMR","ADM0_A3_BR":"CMR","ADM0_A3_IL":"CMR","ADM0_A3_PS":"CMR","ADM0_A3_SA":"CMR","ADM0_A3_EG":"CMR","ADM0_A3_MA":"CMR","ADM0_A3_PT":"CMR","ADM0_A3_AR":"CMR","ADM0_A3_JP":"CMR","ADM0_A3_KO":"CMR","ADM0_A3_VN":"CMR","ADM0_A3_TR":"CMR","ADM0_A3_ID":"CMR","ADM0_A3_PL":"CMR","ADM0_A3_GR":"CMR","ADM0_A3_IT":"CMR","ADM0_A3_NL":"CMR","ADM0_A3_SE":"CMR","ADM0_A3_BD":"CMR","ADM0_A3_UA":"CMR","ADM0_A3_UN":-99,"ADM0_A3_WB":-99,"CONTINENT":"Africa","REGION_UN":"Africa","SUBREGION":"Middle Africa","REGION_WB":"Sub-Saharan Africa","NAME_LEN":8,"LONG_LEN":8,"ABBREV_LEN":4,"TINY":-99,"HOMEPART":1,"MIN_ZOOM":0,"MIN_LABEL":3,"MAX_LABEL":8,"LABEL_X":12.473488,"LABEL_Y":4.585041,"NE_ID":1159320509,"WIKIDATAID":"Q1009","NAME_AR":"الكاميرون","NAME_BN":"ক্যামেরুন","NAME_DE":"Kamerun","NAME_EN":"Cameroon","NAME_ES":"Camerún","NAME_FA":"کامرون","NAME_FR":"Cameroun","NAME_EL":"Καμερούν","NAME_HE":"קמרון","NAME_HI":"कैमरुन","NAME_HU":"Kamerun","NAME_ID":"Kamerun","NAME_IT":"Camerun","NAME_JA":"カメルーン","NAME_KO":"카메룬","NAME_NL":"Kameroen","NAME_PL":"Kamerun","NAME_PT":"Camarões","NAME_RU":"Камерун","NAME_SV":"Kamerun","NAME_TR":"Kamerun","NAME_UK":"Камерун","NAME_UR":"کیمرون","NAME_VI":"Cameroon","NAME_ZH":"喀麦隆","NAME_ZHT":"喀麥隆","FCLASS_ISO":"Admin-0 country","TLC_DIFF":null,"FCLASS_TLC":"Admin-0 country","FCLASS_US":null,"FCLASS_FR":null,"FCLASS_RU":null,"FCLASS_ES":null,"FCLASS_CN":null,"FCLASS_TW":null,"FCLASS_IN":null,"FCLASS_NP":null,"FCLASS_PK":null,"FCLASS_DE":null,"FCLASS_GB":null,"FCLASS_BR":null,"FCLASS_IL":null,"FCLASS_PS":null,"FCLASS_SA":null,"FCLASS_EG":null,"FCLASS_MA":null,"FCLASS_PT":null,"FCLASS_AR":null,"FCLASS_JP":null,"FCLASS_KO":null,"FCLASS_VN":null,"FCLASS_TR":null,"FCLASS_ID":null,"FCLASS_PL":null,"FCLASS_GR":null,"FCLASS_IT":null,"FCLASS_NL":null,"FCLASS_SE":null,"FCLASS_BD":null,"FCLASS_UA":null,"layer":"border"},"bbox":[8.488816,1.727673,16.012852,12.859396],"geometry":{"type":"Polygon","coordinates":[[[14.495787,12.859396],[14.89336,12.21905],[14.960152,11.555574],[14.923565,10.891325],[15.467873,9.982337],[14.909354,9.992129],[14.627201,9.920919],[14.171466,10.021378],[13.954218,9.549495],[14.544467,8.965861],[14.979996,8.796104],[15.120866,8.38215],[15.436092,7.692812],[15.27946,7.421925],[14.776545,6.408498],[14.53656,6.226959],[14.459407,5.451761],[14.558936,5.030598],[14.478372,4.732605],[14.950953,4.210389],[15.03622,3.851367],[15.405396,3.335301],[15.862732,3.013537],[15.907381,2.557389],[16.012852,2.26764],[15.940919,1.727673],[15.146342,1.964015],[14.337813,2.227875],[13.075822,2.267097],[12.951334,2.321616],[12.35938,2.192812],[11.751665,2.326758],[11.276449,2.261051],[9.649158,2.283866],[9.795196,3.073404],[9.404367,3.734527],[8.948116,3.904129],[8.744924,4.352215],[8.488816,4.495617],[8.500288,4.771983],[8.757533,5.479666],[9.233163,6.444491],[9.522706,6.453482],[10.118277,7.03877],[10.497375,7.055358],[11.058788,6.644427],[11.745774,6.981383],[11.839309,7.397042],[12.063946,7.799808],[12.218872,8.305824],[12.753672,8.717763],[12.955468,9.417772],[13.1676,9.640626],[13.308676,10.160362],[13.57295,10.798566],[14.415379,11.572369],[14.468192,11.904752],[14.577178,12.085361],[14.181336,12.483657],[14.213531,12.802035],[14.495787,12.859396]]]}},{"type":"Feature","properties":{"featurecla":"Admin-0 country","scalerank":1,"LABELRANK":3,"SOVEREIGNT":"Guinea","SOV_A3":"GIN","ADM0_DIF":0,"LEVEL":2,"TYPE":"Sovereign country","TLC":"1","ADMIN":"Guinea","ADM0_A3":"GIN","GEOU_DIF":0,"GEOUNIT":"Guinea","GU_A3":"GIN","SU_DIF":0,"SUBUNIT":"Guinea","SU_A3":"GIN","BRK_DIFF":0,"NAME":"Guinea","NAME_LONG":"Guinea","BRK_A3":"GIN","BRK_NAME":"Guinea","BRK_GROUP":null,"ABBREV":"Gin.","POSTAL":"GN","FORMAL_EN":"Republic of Guinea","FORMAL_FR":null,"NAME_CIAWF":"Guinea","NOTE_ADM0":null,"NOTE_BRK":null,"NAME_SORT":"Guinea","NAME_ALT":null,"MAPCOLOR7":6,"MAPCOLOR8":3,"MAPCOLOR9":7,"MAPCOLOR13":2,"POP_EST":12771246,"POP_RANK":14,"POP_YEAR":2019,"GDP_MD":12296,"GDP_YEAR":2019,"ECONOMY":"7. Least developed region","INCOME_GRP":"5. Low income","FIPS_10":"GV","ISO_A2":"GN","ISO_A2_EH":"GN","ISO_A3":"GIN","ISO_A3_EH":"GIN","ISO_N3":"324","ISO_N3_EH":"324","UN_A3":"324","WB_A2":"GN","WB_A3":"GIN","WOE_ID":23424835,"WOE_ID_EH":23424835,"WOE_NOTE":"Exact WOE match as country","ADM0_ISO":"GIN","ADM0_DIFF":null,"ADM0_TLC":"GIN","ADM0_A3_US":"GIN","ADM0_A3_FR":"GIN","ADM0_A3_RU":"GIN","ADM0_A3_ES":"GIN","ADM0_A3_CN":"GIN","ADM0_A3_TW":"GIN","ADM0_A3_IN":"GIN","ADM0_A3_NP":"GIN","ADM0_A3_PK":"GIN","ADM0_A3_DE":"GIN","ADM0_A3_GB":"GIN","ADM0_A3_BR":"GIN","ADM0_A3_IL":"GIN","ADM0_A3_PS":"GIN","ADM0_A3_SA":"GIN","ADM0_A3_EG":"GIN","ADM0_A3_MA":"GIN","ADM0_A3_PT":"GIN","ADM0_A3_AR":"GIN","ADM0_A3_JP":"GIN","ADM0_A3_KO":"GIN","ADM0_A3_VN":"GIN","ADM0_A3_TR":"GIN","ADM0_A3_ID":"GIN","ADM0_A3_PL":"GIN","ADM0_A3_GR":"GIN","ADM0_A3_IT":"GIN","ADM0_A3_NL":"GIN","ADM0_A3_SE":"GIN","ADM0_A3_BD":"GIN","ADM0_A3_UA":"GIN","ADM0_A3_UN":-99,"ADM0_A3_WB":-99,"CONTINENT":"Africa","REGION_UN":"Africa","SUBREGION":"Western Africa","REGION_WB":"Sub-Saharan Africa","NAME_LEN":6,"LONG_LEN":6,"ABBREV_LEN":4,"TINY":-99,"HOMEPART":1,"MIN_ZOOM":0,"MIN_LABEL":3,"MAX_LABEL":8,"LABEL_X":-10.016402,"LABEL_Y":10.618516,"NE_ID":1159320795,"WIKIDATAID":"Q1006","NAME_AR":"غينيا","NAME_BN":"গিনি","NAME_DE":"Guinea","NAME_EN":"Guinea","NAME_ES":"Guinea","NAME_FA":"گینه","NAME_FR":"Guinée","NAME_EL":"Γουινέα","NAME_HE":"גינאה","NAME_HI":"गिनी","NAME_HU":"Guinea","NAME_ID":"Guinea","NAME_IT":"Guinea","NAME_JA":"ギニア","NAME_KO":"기니","NAME_NL":"Guinee","NAME_PL":"Gwinea","NAME_PT":"Guiné","NAME_RU":"Гвинея","NAME_SV":"Guinea","NAME_TR":"Gine","NAME_UK":"Гвінея","NAME_UR":"جمہوریہ گنی","NAME_VI":"Guinée","NAME_ZH":"几内亚","NAME_ZHT":"幾內亞","FCLASS_ISO":"Admin-0 country","TLC_DIFF":null,"FCLASS_TLC":"Admin-0 country","FCLASS_US":null,"FCLASS_FR":null,"FCLASS_RU":null,"FCLASS_ES":null,"FCLASS_CN":null,"FCLASS_TW":null,"FCLASS_IN":null,"FCLASS_NP":null,"FCLASS_PK":null,"FCLASS_DE":null,"FCLASS_GB":null,"FCLASS_BR":null,"FCLASS_IL":null,"FCLASS_PS":null,"FCLASS_SA":null,"FCLASS_EG":null,"FCLASS_MA":null,"FCLASS_PT":null,"FCLASS_AR":null,"FCLASS_JP":null,"FCLASS_KO":null,"FCLASS_VN":null,"FCLASS_TR":null,"FCLASS_ID":null,"FCLASS_PL":null,"FCLASS_GR":null,"FCLASS_IT":null,"FCLASS_NL":null,"FCLASS_SE":null,"FCLASS_BD":null,"FCLASS_UA":null,"layer":"border"},"bbox":[-15.130311,7.309037,-7.8321,12.586183],"geometry":{"type":"Polygon","coordinates":[[[-13.700476,12.586183],[-13.217818,12.575874],[-12.499051,12.33209],[-12.278599,12.35444],[-12.203565,12.465648],[-11.658301,12.386583],[-11.513943,12.442988],[-11.456169,12.076834],[-11.297574,12.077971],[-11.036556,12.211245],[-10.87083,12.177887],[-10.593224,11.923975],[-10.165214,11.844084],[-9.890993,12.060479],[-9.567912,12.194243],[-9.327616,12.334286],[-9.127474,12.30806],[-8.905265,12.088358],[-8.786099,11.812561],[-8.376305,11.393646],[-8.581305,11.136246],[-8.620321,10.810891],[-8.407311,10.909257],[-8.282357,10.792597],[-8.335377,10.494812],[-8.029944,10.206535],[-8.229337,10.12902],[-8.309616,9.789532],[-8.079114,9.376224],[-7.8321,8.575704],[-8.203499,8.455453],[-8.299049,8.316444],[-8.221792,8.123329],[-8.280703,7.68718],[-8.439298,7.686043],[-8.722124,7.711674],[-8.926065,7.309037],[-9.208786,7.313921],[-9.403348,7.526905],[-9.33728,7.928534],[-9.755342,8.541055],[-10.016567,8.428504],[-10.230094,8.406206],[-10.505477,8.348896],[-10.494315,8.715541],[-10.65477,8.977178],[-10.622395,9.26791],[-10.839152,9.688246],[-11.117481,10.045873],[-11.917277,10.046984],[-12.150338,9.858572],[-12.425929,9.835834],[-12.596719,9.620188],[-12.711958,9.342712],[-13.24655,8.903049],[-13.685154,9.494744],[-14.074045,9.886167],[-14.330076,10.01572],[-14.579699,10.214467],[-14.693232,10.656301],[-14.839554,10.876572],[-15.130311,11.040412],[-14.685687,11.527824],[-14.382192,11.509272],[-14.121406,11.677117],[-13.9008,11.678719],[-13.743161,11.811269],[-13.828272,12.142644],[-13.718744,12.247186],[-13.700476,12.586183]]]}},{"type":"Feature","properties":{"featurecla":"Admin-0 country","scalerank":1,"LABELRANK":3,"SOVEREIGNT":"Burkina Faso","SOV_A3":"BFA","ADM0_DIF":0,"LEVEL":2,"TYPE":"Sovereign country","TLC":"1","ADMIN":"Burkina Faso","ADM0_A3":"BFA","GEOU_DIF":0,"GEOUNIT":"Burkina Faso","GU_A3":"BFA","SU_DIF":0,"SUBUNIT":"Burkina Faso","SU_A3":"BFA","BRK_DIFF":0,"NAME":"Burkina Faso","NAME_LONG":"Burkina Faso","BRK_A3":"BFA","BRK_NAME":"Burkina Faso","BRK_GROUP":null,"ABBREV":"B.F.","POSTAL":"BF","FORMAL_EN":"Burkina Faso","FORMAL_FR":null,"NAME_CIAWF":"Burkina Faso","NOTE_ADM0":null,"NOTE_BRK":null,"NAME_SORT":"Burkina Faso","NAME_ALT":null,"MAPCOLOR7":2,"MAPCOLOR8":1,"MAPCOLOR9":5,"MAPCOLOR13":11,"POP_EST":20321378,"POP_RANK":15,"POP_YEAR":2019,"GDP_MD":15990,"GDP_YEAR":2019,"ECONOMY":"7. Least developed region","INCOME_GRP":"5. Low income","FIPS_10":"UV","ISO_A2":"BF","ISO_A2_EH":"BF","ISO_A3":"BFA","ISO_A3_EH":"BFA","ISO_N3":"854","ISO_N3_EH":"854","UN_A3":"854","WB_A2":"BF","WB_A3":"BFA","WOE_ID":23424978,"WOE_ID_EH":23424978,"WOE_NOTE":"Exact WOE match as country","ADM0_ISO":"BFA","ADM0_DIFF":null,"ADM0_TLC":"BFA","ADM0_A3_US":"BFA","ADM0_A3_FR":"BFA","ADM0_A3_RU":"BFA","ADM0_A3_ES":"BFA","ADM0_A3_CN":"BFA","ADM0_A3_TW":"BFA","ADM0_A3_IN":"BFA","ADM0_A3_NP":"BFA","ADM0_A3_PK":"BFA","ADM0_A3_DE":"BFA","ADM0_A3_GB":"BFA","ADM0_A3_BR":"BFA","ADM0_A3_IL":"BFA","ADM0_A3_PS":"BFA","ADM0_A3_SA":"BFA","ADM0_A3_EG":"BFA","ADM0_A3_MA":"BFA","ADM0_A3_PT":"BFA","ADM0_A3_AR":"BFA","ADM0_A3_JP":"BFA","ADM0_A3_KO":"BFA","ADM0_A3_VN":"BFA","ADM0_A3_TR":"BFA","ADM0_A3_ID":"BFA","ADM0_A3_PL":"BFA","ADM0_A3_GR":"BFA","ADM0_A3_IT":"BFA","ADM0_A3_NL":"BFA","ADM0_A3_SE":"BFA","ADM0_A3_BD":"BFA","ADM0_A3_UA":"BFA","ADM0_A3_UN":-99,"ADM0_A3_WB":-99,"CONTINENT":"Africa","REGION_UN":"Africa","SUBREGION":"Western Africa","REGION_WB":"Sub-Saharan Africa","NAME_LEN":12,"LONG_LEN":12,"ABBREV_LEN":4,"TINY":-99,"HOMEPART":1,"MIN_ZOOM":0,"MIN_LABEL":3,"MAX_LABEL":8,"LABEL_X":-1.36388,"LABEL_Y":12.673048,"NE_ID":1159320405,"WIKIDATAID":"Q965","NAME_AR":"بوركينا فاسو","NAME_BN":"বুর্কিনা ফাসো","NAME_DE":"Burkina Faso","NAME_EN":"Burkina Faso","NAME_ES":"Burkina Faso","NAME_FA":"بورکینافاسو","NAME_FR":"Burkina Faso","NAME_EL":"Μπουρκίνα Φάσο","NAME_HE":"בורקינה פאסו","NAME_HI":"बुर्किना फासो","NAME_HU":"Burkina Faso","NAME_ID":"Burkina Faso","NAME_IT":"Burkina Faso","NAME_JA":"ブルキナファソ","NAME_KO":"부르키나파소","NAME_NL":"Burkina Faso","NAME_PL":"Burkina Faso","NAME_PT":"Burkina Faso","NAME_RU":"Буркина-Фасо","NAME_SV":"Burkina Faso","NAME_TR":"Burkina Faso","NAME_UK":"Буркіна-Фасо","NAME_UR":"برکینا فاسو","NAME_VI":"Burkina Faso","NAME_ZH":"布基纳法索","NAME_ZHT":"布基納法索","FCLASS_ISO":"Admin-0 country","TLC_DIFF":null,"FCLASS_TLC":"Admin-0 country","FCLASS_US":null,"FCLASS_FR":null,"FCLASS_RU":null,"FCLASS_ES":null,"FCLASS_CN":null,"FCLASS_TW":null,"FCLASS_IN":null,"FCLASS_NP":null,"FCLASS_PK":null,"FCLASS_DE":null,"FCLASS_GB":null,"FCLASS_BR":null,"FCLASS_IL":null,"FCLASS_PS":null,"FCLASS_SA":null,"FCLASS_EG":null,"FCLASS_MA":null,"FCLASS_PT":null,"FCLASS_AR":null,"FCLASS_JP":null,"FCLASS_KO":null,"FCLASS_VN":null,"FCLASS_TR":null,"FCLASS_ID":null,"FCLASS_PL":null,"FCLASS_GR":null,"FCLASS_IT":null,"FCLASS_NL":null,"FCLASS_SE":null,"FCLASS_BD":null,"FCLASS_UA":null,"layer":"border"},"bbox":[-5.470565,9.610835,2.177108,15.116158],"geometry":{"type":"Polygon","coordinates":[[[-5.404342,10.370737],[-5.470565,10.95127],[-5.197843,11.375146],[-5.220942,11.713859],[-4.427166,12.542646],[-4.280405,13.228444],[-4.006391,13.472485],[-3.522803,13.337662],[-3.103707,13.541267],[-2.967694,13.79815],[-2.191825,14.246418],[-2.001035,14.559008],[-1.066363,14.973815],[-0.515854,15.116158],[-0.266257,14.924309],[0.374892,14.928908],[0.295646,14.444235],[0.429928,13.988733],[0.993046,13.33575],[1.024103,12.851826],[2.177108,12.625018],[2.154474,11.94015],[1.935986,11.64115],[1.447178,11.547719],[1.24347,11.110511],[0.899563,10.997339],[0.023803,11.018682],[-0.438702,11.098341],[-0.761576,10.93693],[-1.203358,11.009819],[-2.940409,10.96269],[-2.963896,10.395335],[-2.827496,9.642461],[-3.511899,9.900326],[-3.980449,9.862344],[-4.330247,9.610835],[-4.779884,9.821985],[-4.954653,10.152714],[-5.404342,10.370737]]]}},{"type":"Feature","properties":{"featurecla":"Admin-0 country","scalerank":1,"LABELRANK":4,"SOVEREIGNT":"Israel","SOV_A3":"IS1","ADM0_DIF":1,"LEVEL":2,"TYPE":"Disputed","TLC":"1","ADMIN":"Israel","ADM0_A3":"ISR","GEOU_DIF":0,"GEOUNIT":"Israel","GU_A3":"ISR","SU_DIF":0,"SUBUNIT":"Israel","SU_A3":"ISR","BRK_DIFF":1,"NAME":"Israel","NAME_LONG":"Israel","BRK_A3":"ISR","BRK_NAME":"Israel","BRK_GROUP":null,"ABBREV":"Isr.","POSTAL":"IS","FORMAL_EN":"State of Israel","FORMAL_FR":null,"NAME_CIAWF":"Israel","NOTE_ADM0":null,"NOTE_BRK":null,"NAME_SORT":"Israel","NAME_ALT":null,"MAPCOLOR7":3,"MAPCOLOR8":2,"MAPCOLOR9":5,"MAPCOLOR13":9,"POP_EST":9053300,"POP_RANK":13,"POP_YEAR":2019,"GDP_MD":394652,"GDP_YEAR":2019,"ECONOMY":"2. Developed region: nonG7","INCOME_GRP":"1. High income: OECD","FIPS_10":"-99","ISO_A2":"IL","ISO_A2_EH":"IL","ISO_A3":"ISR","ISO_A3_EH":"ISR","ISO_N3":"376","ISO_N3_EH":"376","UN_A3":"376","WB_A2":"IL","WB_A3":"ISR","WOE_ID":23424852,"WOE_ID_EH":23424852,"WOE_NOTE":"Exact WOE match as country","ADM0_ISO":"ISR","ADM0_DIFF":null,"ADM0_TLC":"ISR","ADM0_A3_US":"ISR","ADM0_A3_FR":"ISR","ADM0_A3_RU":"ISR","ADM0_A3_ES":"ISR","ADM0_A3_CN":"ISR","ADM0_A3_TW":"ISR","ADM0_A3_IN":"ISR","ADM0_A3_NP":"ISR","ADM0_A3_PK":"PSX","ADM0_A3_DE":"ISR","ADM0_A3_GB":"ISR","ADM0_A3_BR":"ISR","ADM0_A3_IL":"ISR","ADM0_A3_PS":"ISR","ADM0_A3_SA":"PSX","ADM0_A3_EG":"ISR","ADM0_A3_MA":"ISR","ADM0_A3_PT":"ISR","ADM0_A3_AR":"ISR","ADM0_A3_JP":"ISR","ADM0_A3_KO":"ISR","ADM0_A3_VN":"ISR","ADM0_A3_TR":"ISR","ADM0_A3_ID":"ISR","ADM0_A3_PL":"ISR","ADM0_A3_GR":"ISR","ADM0_A3_IT":"ISR","ADM0_A3_NL":"ISR","ADM0_A3_SE":"ISR","ADM0_A3_BD":"PSX","ADM0_A3_UA":"ISR","ADM0_A3_UN":-99,"ADM0_A3_WB":-99,"CONTINENT":"Asia","REGION_UN":"Asia","SUBREGION":"Western Asia","REGION_WB":"Middle East & North Africa","NAME_LEN":6,"LONG_LEN":6,"ABBREV_LEN":4,"TINY":-99,"HOMEPART":1,"MIN_ZOOM":0,"MIN_LABEL":3,"MAX_LABEL":8,"LABEL_X":34.847915,"LABEL_Y":30.911148,"NE_ID":1159320895,"WIKIDATAID":"Q801","NAME_AR":"إسرائيل","NAME_BN":"ইসরায়েল","NAME_DE":"Israel","NAME_EN":"Israel","NAME_ES":"Israel","NAME_FA":"اسرائیل","NAME_FR":"Israël","NAME_EL":"Ισραήλ","NAME_HE":"ישראל","NAME_HI":"इज़राइल","NAME_HU":"Izrael","NAME_ID":"Israel","NAME_IT":"Israele","NAME_JA":"イスラエル","NAME_KO":"이스라엘","NAME_NL":"Israël","NAME_PL":"Izrael","NAME_PT":"Israel","NAME_RU":"Израиль","NAME_SV":"Israel","NAME_TR":"İsrail","NAME_UK":"Ізраїль","NAME_UR":"اسرائیل","NAME_VI":"Israel","NAME_ZH":"以色列","NAME_ZHT":"以色列","FCLASS_ISO":"Admin-0 country","TLC_DIFF":null,"FCLASS_TLC":"Admin-0 country","FCLASS_US":null,"FCLASS_FR":null,"FCLASS_RU":null,"FCLASS_ES":null,"FCLASS_CN":null,"FCLASS_TW":null,"FCLASS_IN":null,"FCLASS_NP":null,"FCLASS_PK":"Unrecognized","FCLASS_DE":null,"FCLASS_GB":null,"FCLASS_BR":null,"FCLASS_IL":null,"FCLASS_PS":null,"FCLASS_SA":"Unrecognized","FCLASS_EG":null,"FCLASS_MA":null,"FCLASS_PT":null,"FCLASS_AR":null,"FCLASS_JP":null,"FCLASS_KO":null,"FCLASS_VN":null,"FCLASS_TR":null,"FCLASS_ID":null,"FCLASS_PL":null,"FCLASS_GR":null,"FCLASS_IT":null,"FCLASS_NL":null,"FCLASS_SE":null,"FCLASS_BD":"Unrecognized","FCLASS_UA":null,"layer":"border"},"bbox":[34.265433,29.501326,35.836397,33.277426],"geometry":{"type":"Polygon","coordinates":[[[35.719918,32.709192],[35.545665,32.393992],[35.18393,32.532511],[34.974641,31.866582],[35.225892,31.754341],[34.970507,31.616778],[34.927408,31.353435],[35.397561,31.489086],[35.420918,31.100066],[34.922603,29.501326],[34.823243,29.761081],[34.26544,31.21936],[34.265435,31.219357],[34.265433,31.219361],[34.556372,31.548824],[34.488107,31.605539],[34.752587,32.072926],[34.955417,32.827376],[35.098457,33.080539],[35.126053,33.0909],[35.460709,33.08904],[35.552797,33.264275],[35.821101,33.277426],[35.836397,32.868123],[35.700798,32.716014],[35.719918,32.709192]]]}},{"type":"Feature","properties":{"featurecla":"Admin-0 country","scalerank":1,"LABELRANK":5,"SOVEREIGNT":"Lebanon","SOV_A3":"LBN","ADM0_DIF":0,"LEVEL":2,"TYPE":"Sovereign country","TLC":"1","ADMIN":"Lebanon","ADM0_A3":"LBN","GEOU_DIF":0,"GEOUNIT":"Lebanon","GU_A3":"LBN","SU_DIF":0,"SUBUNIT":"Lebanon","SU_A3":"LBN","BRK_DIFF":0,"NAME":"Lebanon","NAME_LONG":"Lebanon","BRK_A3":"LBN","BRK_NAME":"Lebanon","BRK_GROUP":null,"ABBREV":"Leb.","POSTAL":"LB","FORMAL_EN":"Lebanese Republic","FORMAL_FR":null,"NAME_CIAWF":"Lebanon","NOTE_ADM0":null,"NOTE_BRK":null,"NAME_SORT":"Lebanon","NAME_ALT":null,"MAPCOLOR7":4,"MAPCOLOR8":4,"MAPCOLOR9":4,"MAPCOLOR13":12,"POP_EST":6855713,"POP_RANK":13,"POP_YEAR":2019,"GDP_MD":51991,"GDP_YEAR":2019,"ECONOMY":"6. Developing region","INCOME_GRP":"3. Upper middle income","FIPS_10":"LE","ISO_A2":"LB","ISO_A2_EH":"LB","ISO_A3":"LBN","ISO_A3_EH":"LBN","ISO_N3":"422","ISO_N3_EH":"422","UN_A3":"422","WB_A2":"LB","WB_A3":"LBN","WOE_ID":23424873,"WOE_ID_EH":23424873,"WOE_NOTE":"Exact WOE match as country","ADM0_ISO":"LBN","ADM0_DIFF":null,"ADM0_TLC":"LBN","ADM0_A3_US":"LBN","ADM0_A3_FR":"LBN","ADM0_A3_RU":"LBN","ADM0_A3_ES":"LBN","ADM0_A3_CN":"LBN","ADM0_A3_TW":"LBN","ADM0_A3_IN":"LBN","ADM0_A3_NP":"LBN","ADM0_A3_PK":"LBN","ADM0_A3_DE":"LBN","ADM0_A3_GB":"LBN","ADM0_A3_BR":"LBN","ADM0_A3_IL":"LBN","ADM0_A3_PS":"LBN","ADM0_A3_SA":"LBN","ADM0_A3_EG":"LBN","ADM0_A3_MA":"LBN","ADM0_A3_PT":"LBN","ADM0_A3_AR":"LBN","ADM0_A3_JP":"LBN","ADM0_A3_KO":"LBN","ADM0_A3_VN":"LBN","ADM0_A3_TR":"LBN","ADM0_A3_ID":"LBN","ADM0_A3_PL":"LBN","ADM0_A3_GR":"LBN","ADM0_A3_IT":"LBN","ADM0_A3_NL":"LBN","ADM0_A3_SE":"LBN","ADM0_A3_BD":"LBN","ADM0_A3_UA":"LBN","ADM0_A3_UN":-99,"ADM0_A3_WB":-99,"CONTINENT":"Asia","REGION_UN":"Asia","SUBREGION":"Western Asia","REGION_WB":"Middle East & North Africa","NAME_LEN":7,"LONG_LEN":7,"ABBREV_LEN":4,"TINY":4,"HOMEPART":1,"MIN_ZOOM":0,"MIN_LABEL":4,"MAX_LABEL":9,"LABEL_X":35.992892,"LABEL_Y":34.133368,"NE_ID":1159321013,"WIKIDATAID":"Q822","NAME_AR":"لبنان","NAME_BN":"লেবানন","NAME_DE":"Libanon","NAME_EN":"Lebanon","NAME_ES":"Líbano","NAME_FA":"لبنان","NAME_FR":"Liban","NAME_EL":"Λίβανος","NAME_HE":"לבנון","NAME_HI":"लेबनान","NAME_HU":"Libanon","NAME_ID":"Lebanon","NAME_IT":"Libano","NAME_JA":"レバノン","NAME_KO":"레바논","NAME_NL":"Libanon","NAME_PL":"Liban","NAME_PT":"Líbano","NAME_RU":"Ливан","NAME_SV":"Libanon","NAME_TR":"Lübnan","NAME_UK":"Ліван","NAME_UR":"لبنان","NAME_VI":"Liban","NAME_ZH":"黎巴嫩","NAME_ZHT":"黎巴嫩","FCLASS_ISO":"Admin-0 country","TLC_DIFF":null,"FCLASS_TLC":"Admin-0 country","FCLASS_US":null,"FCLASS_FR":null,"FCLASS_RU":null,"FCLASS_ES":null,"FCLASS_CN":null,"FCLASS_TW":null,"FCLASS_IN":null,"FCLASS_NP":null,"FCLASS_PK":null,"FCLASS_DE":null,"FCLASS_GB":null,"FCLASS_BR":null,"FCLASS_IL":null,"FCLASS_PS":null,"FCLASS_SA":null,"FCLASS_EG":null,"FCLASS_MA":null,"FCLASS_PT":null,"FCLASS_AR":null,"FCLASS_JP":null,"FCLASS_KO":null,"FCLASS_VN":null,"FCLASS_TR":null,"FCLASS_ID":null,"FCLASS_PL":null,"FCLASS_GR":null,"FCLASS_IT":null,"FCLASS_NL":null,"FCLASS_SE":null,"FCLASS_BD":null,"FCLASS_UA":null,"layer":"border"},"bbox":[35.126053,33.08904,36.61175,34.644914],"geometry":{"type":"Polygon","coordinates":[[[35.821101,33.277426],[35.552797,33.264275],[35.460709,33.08904],[35.126053,33.0909],[35.482207,33.90545],[35.979592,34.610058],[35.998403,34.644914],[36.448194,34.593935],[36.61175,34.201789],[36.06646,33.824912],[35.821101,33.277426]]]}},{"type":"Feature","properties":{"featurecla":"Admin-0 country","scalerank":1,"LABELRANK":5,"SOVEREIGNT":"Israel","SOV_A3":"IS1","ADM0_DIF":1,"LEVEL":2,"TYPE":"Indeterminate","TLC":"1","ADMIN":"Palestine","ADM0_A3":"PSX","GEOU_DIF":0,"GEOUNIT":"Palestine","GU_A3":"PSX","SU_DIF":0,"SUBUNIT":"Palestine","SU_A3":"PSX","BRK_DIFF":0,"NAME":"Palestine","NAME_LONG":"Palestine","BRK_A3":"PSX","BRK_NAME":"Palestine","BRK_GROUP":null,"ABBREV":"Pal.","POSTAL":"PAL","FORMAL_EN":"West Bank and Gaza","FORMAL_FR":null,"NAME_CIAWF":null,"NOTE_ADM0":null,"NOTE_BRK":"Partial self-admin.","NAME_SORT":"Palestine (West Bank and Gaza)","NAME_ALT":null,"MAPCOLOR7":3,"MAPCOLOR8":2,"MAPCOLOR9":5,"MAPCOLOR13":8,"POP_EST":4685306,"POP_RANK":12,"POP_YEAR":2019,"GDP_MD":16276,"GDP_YEAR":2018,"ECONOMY":"6. Developing region","INCOME_GRP":"4. Lower middle income","FIPS_10":"-99","ISO_A2":"PS","ISO_A2_EH":"PS","ISO_A3":"PSE","ISO_A3_EH":"PSE","ISO_N3":"275","ISO_N3_EH":"275","UN_A3":"275","WB_A2":"GZ","WB_A3":"WBG","WOE_ID":28289408,"WOE_ID_EH":28289408,"WOE_NOTE":"Exact WOE match as country","ADM0_ISO":"PSX","ADM0_DIFF":null,"ADM0_TLC":"PSX","ADM0_A3_US":"PSX","ADM0_A3_FR":"PSX","ADM0_A3_RU":"PSX","ADM0_A3_ES":"PSX","ADM0_A3_CN":"PSX","ADM0_A3_TW":"PSX","ADM0_A3_IN":"PSX","ADM0_A3_NP":"PSX","ADM0_A3_PK":"PSX","ADM0_A3_DE":"PSX","ADM0_A3_GB":"PSX","ADM0_A3_BR":"PSX","ADM0_A3_IL":"PSX","ADM0_A3_PS":"PSX","ADM0_A3_SA":"PSX","ADM0_A3_EG":"PSX","ADM0_A3_MA":"PSX","ADM0_A3_PT":"PSX","ADM0_A3_AR":"PSX","ADM0_A3_JP":"PSX","ADM0_A3_KO":"PSX","ADM0_A3_VN":"PSX","ADM0_A3_TR":"PSX","ADM0_A3_ID":"PSX","ADM0_A3_PL":"PSX","ADM0_A3_GR":"PSX","ADM0_A3_IT":"PSX","ADM0_A3_NL":"PSX","ADM0_A3_SE":"PSX","ADM0_A3_BD":"PSX","ADM0_A3_UA":"PSX","ADM0_A3_UN":-99,"ADM0_A3_WB":-99,"CONTINENT":"Asia","REGION_UN":"Asia","SUBREGION":"Western Asia","REGION_WB":"Middle East & North Africa","NAME_LEN":9,"LONG_LEN":9,"ABBREV_LEN":4,"TINY":-99,"HOMEPART":-99,"MIN_ZOOM":7,"MIN_LABEL":4.5,"MAX_LABEL":9.5,"LABEL_X":35.291341,"LABEL_Y":32.047431,"NE_ID":1159320899,"WIKIDATAID":"Q23792","NAME_AR":"فلسطين","NAME_BN":"ফিলিস্তিন অঞ্চল","NAME_DE":"Palästina","NAME_EN":"Palestine","NAME_ES":"Palestina","NAME_FA":"فلسطین","NAME_FR":"Palestine","NAME_EL":"Παλαιστίνη","NAME_HE":"ארץ ישראל","NAME_HI":"फ़िलिस्तीनी राज्यक्षेत्र","NAME_HU":"Palesztina","NAME_ID":"Palestina","NAME_IT":"Palestina","NAME_JA":"パレスチナ","NAME_KO":"팔레스타인","NAME_NL":"Palestina","NAME_PL":"Palestyna","NAME_PT":"Palestina","NAME_RU":"Палестина","NAME_SV":"Palestina","NAME_TR":"Filistin","NAME_UK":"Палестина","NAME_UR":"فلسطین","NAME_VI":"Palestine","NAME_ZH":"巴勒斯坦","NAME_ZHT":"巴勒斯坦地區","FCLASS_ISO":"Admin-0 dependency","TLC_DIFF":null,"FCLASS_TLC":"Admin-0 dependency","FCLASS_US":null,"FCLASS_FR":null,"FCLASS_RU":null,"FCLASS_ES":null,"FCLASS_CN":null,"FCLASS_TW":null,"FCLASS_IN":null,"FCLASS_NP":null,"FCLASS_PK":"Admin-0 country","FCLASS_DE":null,"FCLASS_GB":null,"FCLASS_BR":null,"FCLASS_IL":null,"FCLASS_PS":"Admin-0 country","FCLASS_SA":"Admin-0 country","FCLASS_EG":null,"FCLASS_MA":null,"FCLASS_PT":null,"FCLASS_AR":null,"FCLASS_JP":null,"FCLASS_KO":null,"FCLASS_VN":null,"FCLASS_TR":null,"FCLASS_ID":null,"FCLASS_PL":null,"FCLASS_GR":null,"FCLASS_IT":null,"FCLASS_NL":null,"FCLASS_SE":null,"FCLASS_BD":"Admin-0 country","FCLASS_UA":null,"layer":"border"},"bbox":[34.927408,31.353435,35.545665,32.532511],"geometry":{"type":"Polygon","coordinates":[[[35.397561,31.489086],[34.927408,31.353435],[34.970507,31.616778],[35.225892,31.754341],[34.974641,31.866582],[35.18393,32.532511],[35.545665,32.393992],[35.545252,31.782505],[35.397561,31.489086]]]}},{"type":"Feature","properties":{"featurecla":"Admin-0 country","scalerank":1,"LABELRANK":3,"SOVEREIGNT":"Tunisia","SOV_A3":"TUN","ADM0_DIF":0,"LEVEL":2,"TYPE":"Sovereign country","TLC":"1","ADMIN":"Tunisia","ADM0_A3":"TUN","GEOU_DIF":0,"GEOUNIT":"Tunisia","GU_A3":"TUN","SU_DIF":0,"SUBUNIT":"Tunisia","SU_A3":"TUN","BRK_DIFF":0,"NAME":"Tunisia","NAME_LONG":"Tunisia","BRK_A3":"TUN","BRK_NAME":"Tunisia","BRK_GROUP":null,"ABBREV":"Tun.","POSTAL":"TN","FORMAL_EN":"Republic of Tunisia","FORMAL_FR":null,"NAME_CIAWF":"Tunisia","NOTE_ADM0":null,"NOTE_BRK":null,"NAME_SORT":"Tunisia","NAME_ALT":null,"MAPCOLOR7":4,"MAPCOLOR8":3,"MAPCOLOR9":3,"MAPCOLOR13":2,"POP_EST":11694719,"POP_RANK":14,"POP_YEAR":2019,"GDP_MD":38796,"GDP_YEAR":2019,"ECONOMY":"6. Developing region","INCOME_GRP":"3. Upper middle income","FIPS_10":"TS","ISO_A2":"TN","ISO_A2_EH":"TN","ISO_A3":"TUN","ISO_A3_EH":"TUN","ISO_N3":"788","ISO_N3_EH":"788","UN_A3":"788","WB_A2":"TN","WB_A3":"TUN","WOE_ID":23424967,"WOE_ID_EH":23424967,"WOE_NOTE":"Exact WOE match as country","ADM0_ISO":"TUN","ADM0_DIFF":null,"ADM0_TLC":"TUN","ADM0_A3_US":"TUN","ADM0_A3_FR":"TUN","ADM0_A3_RU":"TUN","ADM0_A3_ES":"TUN","ADM0_A3_CN":"TUN","ADM0_A3_TW":"TUN","ADM0_A3_IN":"TUN","ADM0_A3_NP":"TUN","ADM0_A3_PK":"TUN","ADM0_A3_DE":"TUN","ADM0_A3_GB":"TUN","ADM0_A3_BR":"TUN","ADM0_A3_IL":"TUN","ADM0_A3_PS":"TUN","ADM0_A3_SA":"TUN","ADM0_A3_EG":"TUN","ADM0_A3_MA":"TUN","ADM0_A3_PT":"TUN","ADM0_A3_AR":"TUN","ADM0_A3_JP":"TUN","ADM0_A3_KO":"TUN","ADM0_A3_VN":"TUN","ADM0_A3_TR":"TUN","ADM0_A3_ID":"TUN","ADM0_A3_PL":"TUN","ADM0_A3_GR":"TUN","ADM0_A3_IT":"TUN","ADM0_A3_NL":"TUN","ADM0_A3_SE":"TUN","ADM0_A3_BD":"TUN","ADM0_A3_UA":"TUN","ADM0_A3_UN":-99,"ADM0_A3_WB":-99,"CONTINENT":"Africa","REGION_UN":"Africa","SUBREGION":"Northern Africa","REGION_WB":"Middle East & North Africa","NAME_LEN":7,"LONG_LEN":7,"ABBREV_LEN":4,"TINY":-99,"HOMEPART":1,"MIN_ZOOM":0,"MIN_LABEL":3,"MAX_LABEL":8,"LABEL_X":9.007881,"LABEL_Y":33.687263,"NE_ID":1159321327,"WIKIDATAID":"Q948","NAME_AR":"تونس","NAME_BN":"তিউনিসিয়া","NAME_DE":"Tunesien","NAME_EN":"Tunisia","NAME_ES":"Túnez","NAME_FA":"تونس","NAME_FR":"Tunisie","NAME_EL":"Τυνησία","NAME_HE":"תוניסיה","NAME_HI":"ट्यूनिशिया","NAME_HU":"Tunézia","NAME_ID":"Tunisia","NAME_IT":"Tunisia","NAME_JA":"チュニジア","NAME_KO":"튀니지","NAME_NL":"Tunesië","NAME_PL":"Tunezja","NAME_PT":"Tunísia","NAME_RU":"Тунис","NAME_SV":"Tunisien","NAME_TR":"Tunus","NAME_UK":"Туніс","NAME_UR":"تونس","NAME_VI":"Tuy-ni-di","NAME_ZH":"突尼斯","NAME_ZHT":"突尼西亞","FCLASS_ISO":"Admin-0 country","TLC_DIFF":null,"FCLASS_TLC":"Admin-0 country","FCLASS_US":null,"FCLASS_FR":null,"FCLASS_RU":null,"FCLASS_ES":null,"FCLASS_CN":null,"FCLASS_TW":null,"FCLASS_IN":null,"FCLASS_NP":null,"FCLASS_PK":null,"FCLASS_DE":null,"FCLASS_GB":null,"FCLASS_BR":null,"FCLASS_IL":null,"FCLASS_PS":null,"FCLASS_SA":null,"FCLASS_EG":null,"FCLASS_MA":null,"FCLASS_PT":null,"FCLASS_AR":null,"FCLASS_JP":null,"FCLASS_KO":null,"FCLASS_VN":null,"FCLASS_TR":null,"FCLASS_ID":null,"FCLASS_PL":null,"FCLASS_GR":null,"FCLASS_IT":null,"FCLASS_NL":null,"FCLASS_SE":null,"FCLASS_BD":null,"FCLASS_UA":null,"layer":"border"},"bbox":[7.524482,30.307556,11.488787,37.349994],"geometry":{"type":"Polygon","coordinates":[[[9.48214,30.307556],[9.055603,32.102692],[8.439103,32.506285],[8.430473,32.748337],[7.612642,33.344115],[7.524482,34.097376],[8.140981,34.655146],[8.376368,35.479876],[8.217824,36.433177],[8.420964,36.946427],[9.509994,37.349994],[10.210002,37.230002],[10.18065,36.724038],[11.028867,37.092103],[11.100026,36.899996],[10.600005,36.41],[10.593287,35.947444],[10.939519,35.698984],[10.807847,34.833507],[10.149593,34.330773],[10.339659,33.785742],[10.856836,33.76874],[11.108501,33.293343],[11.488787,33.136996],[11.432253,32.368903],[10.94479,32.081815],[10.636901,31.761421],[9.950225,31.37607],[10.056575,30.961831],[9.970017,30.539325],[9.48214,30.307556]]]}},{"type":"Feature","properties":{"featurecla":"Admin-0 country","scalerank":1,"LABELRANK":3,"SOVEREIGNT":"Algeria","SOV_A3":"DZA","ADM0_DIF":0,"LEVEL":2,"TYPE":"Sovereign country","TLC":"1","ADMIN":"Algeria","ADM0_A3":"DZA","GEOU_DIF":0,"GEOUNIT":"Algeria","GU_A3":"DZA","SU_DIF":0,"SUBUNIT":"Algeria","SU_A3":"DZA","BRK_DIFF":0,"NAME":"Algeria","NAME_LONG":"Algeria","BRK_A3":"DZA","BRK_NAME":"Algeria","BRK_GROUP":null,"ABBREV":"Alg.","POSTAL":"DZ","FORMAL_EN":"People's Democratic Republic of Algeria","FORMAL_FR":null,"NAME_CIAWF":"Algeria","NOTE_ADM0":null,"NOTE_BRK":null,"NAME_SORT":"Algeria","NAME_ALT":null,"MAPCOLOR7":5,"MAPCOLOR8":1,"MAPCOLOR9":6,"MAPCOLOR13":3,"POP_EST":43053054,"POP_RANK":15,"POP_YEAR":2019,"GDP_MD":171091,"GDP_YEAR":2019,"ECONOMY":"6. Developing region","INCOME_GRP":"3. Upper middle income","FIPS_10":"AG","ISO_A2":"DZ","ISO_A2_EH":"DZ","ISO_A3":"DZA","ISO_A3_EH":"DZA","ISO_N3":"012","ISO_N3_EH":"012","UN_A3":"012","WB_A2":"DZ","WB_A3":"DZA","WOE_ID":23424740,"WOE_ID_EH":23424740,"WOE_NOTE":"Exact WOE match as country","ADM0_ISO":"DZA","ADM0_DIFF":null,"ADM0_TLC":"DZA","ADM0_A3_US":"DZA","ADM0_A3_FR":"DZA","ADM0_A3_RU":"DZA","ADM0_A3_ES":"DZA","ADM0_A3_CN":"DZA","ADM0_A3_TW":"DZA","ADM0_A3_IN":"DZA","ADM0_A3_NP":"DZA","ADM0_A3_PK":"DZA","ADM0_A3_DE":"DZA","ADM0_A3_GB":"DZA","ADM0_A3_BR":"DZA","ADM0_A3_IL":"DZA","ADM0_A3_PS":"DZA","ADM0_A3_SA":"DZA","ADM0_A3_EG":"DZA","ADM0_A3_MA":"DZA","ADM0_A3_PT":"DZA","ADM0_A3_AR":"DZA","ADM0_A3_JP":"DZA","ADM0_A3_KO":"DZA","ADM0_A3_VN":"DZA","ADM0_A3_TR":"DZA","ADM0_A3_ID":"DZA","ADM0_A3_PL":"DZA","ADM0_A3_GR":"DZA","ADM0_A3_IT":"DZA","ADM0_A3_NL":"DZA","ADM0_A3_SE":"DZA","ADM0_A3_BD":"DZA","ADM0_A3_UA":"DZA","ADM0_A3_UN":-99,"ADM0_A3_WB":-99,"CONTINENT":"Africa","REGION_UN":"Africa","SUBREGION":"Northern Africa","REGION_WB":"Middle East & North Africa","NAME_LEN":7,"LONG_LEN":7,"ABBREV_LEN":4,"TINY":-99,"HOMEPART":1,"MIN_ZOOM":0,"MIN_LABEL":2.5,"MAX_LABEL":7,"LABEL_X":2.808241,"LABEL_Y":27.397406,"NE_ID":1159320565,"WIKIDATAID":"Q262","NAME_AR":"الجزائر","NAME_BN":"আলজেরিয়া","NAME_DE":"Algerien","NAME_EN":"Algeria","NAME_ES":"Argelia","NAME_FA":"الجزایر","NAME_FR":"Algérie","NAME_EL":"Αλγερία","NAME_HE":"אלג'יריה","NAME_HI":"अल्जीरिया","NAME_HU":"Algéria","NAME_ID":"Aljazair","NAME_IT":"Algeria","NAME_JA":"アルジェリア","NAME_KO":"알제리","NAME_NL":"Algerije","NAME_PL":"Algieria","NAME_PT":"Argélia","NAME_RU":"Алжир","NAME_SV":"Algeriet","NAME_TR":"Cezayir","NAME_UK":"Алжир","NAME_UR":"الجزائر","NAME_VI":"Algérie","NAME_ZH":"阿尔及利亚","NAME_ZHT":"阿爾及利亞","FCLASS_ISO":"Admin-0 country","TLC_DIFF":null,"FCLASS_TLC":"Admin-0 country","FCLASS_US":null,"FCLASS_FR":null,"FCLASS_RU":null,"FCLASS_ES":null,"FCLASS_CN":null,"FCLASS_TW":null,"FCLASS_IN":null,"FCLASS_NP":null,"FCLASS_PK":null,"FCLASS_DE":null,"FCLASS_GB":null,"FCLASS_BR":null,"FCLASS_IL":null,"FCLASS_PS":null,"FCLASS_SA":null,"FCLASS_EG":null,"FCLASS_MA":null,"FCLASS_PT":null,"FCLASS_AR":null,"FCLASS_JP":null,"FCLASS_KO":null,"FCLASS_VN":null,"FCLASS_TR":null,"FCLASS_ID":null,"FCLASS_PL":null,"FCLASS_GR":null,"FCLASS_IT":null,"FCLASS_NL":null,"FCLASS_SE":null,"FCLASS_BD":null,"FCLASS_UA":null,"layer":"border"},"bbox":[-8.6844,19.057364,11.999506,37.118381],"geometry":{"type":"Polygon","coordinates":[[[-8.6844,27.395744],[-8.665124,27.589479],[-8.66559,27.656426],[-8.674116,28.841289],[-7.059228,29.579228],[-6.060632,29.7317],[-5.242129,30.000443],[-4.859646,30.501188],[-3.690441,30.896952],[-3.647498,31.637294],[-3.06898,31.724498],[-2.616605,32.094346],[-1.307899,32.262889],[-1.124551,32.651522],[-1.388049,32.864015],[-1.733455,33.919713],[-1.792986,34.527919],[-2.169914,35.168396],[-1.208603,35.714849],[-0.127454,35.888662],[0.503877,36.301273],[1.466919,36.605647],[3.161699,36.783905],[4.815758,36.865037],[5.32012,36.716519],[6.26182,37.110655],[7.330385,37.118381],[7.737078,36.885708],[8.420964,36.946427],[8.217824,36.433177],[8.376368,35.479876],[8.140981,34.655146],[7.524482,34.097376],[7.612642,33.344115],[8.430473,32.748337],[8.439103,32.506285],[9.055603,32.102692],[9.48214,30.307556],[9.805634,29.424638],[9.859998,28.95999],[9.683885,28.144174],[9.756128,27.688259],[9.629056,27.140953],[9.716286,26.512206],[9.319411,26.094325],[9.910693,25.365455],[9.948261,24.936954],[10.303847,24.379313],[10.771364,24.562532],[11.560669,24.097909],[11.999506,23.471668],[8.572893,21.565661],[5.677566,19.601207],[4.267419,19.155265],[3.158133,19.057364],[3.146661,19.693579],[2.683588,19.85623],[2.060991,20.142233],[1.823228,20.610809],[-1.550055,22.792666],[-4.923337,24.974574],[-8.6844,27.395744]]]}},{"type":"Feature","properties":{"featurecla":"Admin-0 country","scalerank":1,"LABELRANK":4,"SOVEREIGNT":"Jordan","SOV_A3":"JOR","ADM0_DIF":0,"LEVEL":2,"TYPE":"Sovereign country","TLC":"1","ADMIN":"Jordan","ADM0_A3":"JOR","GEOU_DIF":0,"GEOUNIT":"Jordan","GU_A3":"JOR","SU_DIF":0,"SUBUNIT":"Jordan","SU_A3":"JOR","BRK_DIFF":0,"NAME":"Jordan","NAME_LONG":"Jordan","BRK_A3":"JOR","BRK_NAME":"Jordan","BRK_GROUP":null,"ABBREV":"Jord.","POSTAL":"J","FORMAL_EN":"Hashemite Kingdom of Jordan","FORMAL_FR":null,"NAME_CIAWF":"Jordan","NOTE_ADM0":null,"NOTE_BRK":null,"NAME_SORT":"Jordan","NAME_ALT":null,"MAPCOLOR7":5,"MAPCOLOR8":3,"MAPCOLOR9":4,"MAPCOLOR13":4,"POP_EST":10101694,"POP_RANK":14,"POP_YEAR":2019,"GDP_MD":44502,"GDP_YEAR":2019,"ECONOMY":"6. Developing region","INCOME_GRP":"3. Upper middle income","FIPS_10":"JO","ISO_A2":"JO","ISO_A2_EH":"JO","ISO_A3":"JOR","ISO_A3_EH":"JOR","ISO_N3":"400","ISO_N3_EH":"400","UN_A3":"400","WB_A2":"JO","WB_A3":"JOR","WOE_ID":23424860,"WOE_ID_EH":23424860,"WOE_NOTE":"Exact WOE match as country","ADM0_ISO":"JOR","ADM0_DIFF":null,"ADM0_TLC":"JOR","ADM0_A3_US":"JOR","ADM0_A3_FR":"JOR","ADM0_A3_RU":"JOR","ADM0_A3_ES":"JOR","ADM0_A3_CN":"JOR","ADM0_A3_TW":"JOR","ADM0_A3_IN":"JOR","ADM0_A3_NP":"JOR","ADM0_A3_PK":"JOR","ADM0_A3_DE":"JOR","ADM0_A3_GB":"JOR","ADM0_A3_BR":"JOR","ADM0_A3_IL":"JOR","ADM0_A3_PS":"JOR","ADM0_A3_SA":"JOR","ADM0_A3_EG":"JOR","ADM0_A3_MA":"JOR","ADM0_A3_PT":"JOR","ADM0_A3_AR":"JOR","ADM0_A3_JP":"JOR","ADM0_A3_KO":"JOR","ADM0_A3_VN":"JOR","ADM0_A3_TR":"JOR","ADM0_A3_ID":"JOR","ADM0_A3_PL":"JOR","ADM0_A3_GR":"JOR","ADM0_A3_IT":"JOR","ADM0_A3_NL":"JOR","ADM0_A3_SE":"JOR","ADM0_A3_BD":"JOR","ADM0_A3_UA":"JOR","ADM0_A3_UN":-99,"ADM0_A3_WB":-99,"CONTINENT":"Asia","REGION_UN":"Asia","SUBREGION":"Western Asia","REGION_WB":"Middle East & North Africa","NAME_LEN":6,"LONG_LEN":6,"ABBREV_LEN":5,"TINY":-99,"HOMEPART":1,"MIN_ZOOM":0,"MIN_LABEL":4,"MAX_LABEL":9,"LABEL_X":36.375991,"LABEL_Y":30.805025,"NE_ID":1159320935,"WIKIDATAID":"Q810","NAME_AR":"الأردن","NAME_BN":"জর্ডান","NAME_DE":"Jordanien","NAME_EN":"Jordan","NAME_ES":"Jordania","NAME_FA":"اردن","NAME_FR":"Jordanie","NAME_EL":"Ιορδανία","NAME_HE":"ירדן","NAME_HI":"जॉर्डन","NAME_HU":"Jordánia","NAME_ID":"Yordania","NAME_IT":"Giordania","NAME_JA":"ヨルダン","NAME_KO":"요르단","NAME_NL":"Jordanië","NAME_PL":"Jordania","NAME_PT":"Jordânia","NAME_RU":"Иордания","NAME_SV":"Jordanien","NAME_TR":"Ürdün","NAME_UK":"Йорданія","NAME_UR":"اردن","NAME_VI":"Jordan","NAME_ZH":"约旦","NAME_ZHT":"約旦","FCLASS_ISO":"Admin-0 country","TLC_DIFF":null,"FCLASS_TLC":"Admin-0 country","FCLASS_US":null,"FCLASS_FR":null,"FCLASS_RU":null,"FCLASS_ES":null,"FCLASS_CN":null,"FCLASS_TW":null,"FCLASS_IN":null,"FCLASS_NP":null,"FCLASS_PK":null,"FCLASS_DE":null,"FCLASS_GB":null,"FCLASS_BR":null,"FCLASS_IL":null,"FCLASS_PS":null,"FCLASS_SA":null,"FCLASS_EG":null,"FCLASS_MA":null,"FCLASS_PT":null,"FCLASS_AR":null,"FCLASS_JP":null,"FCLASS_KO":null,"FCLASS_VN":null,"FCLASS_TR":null,"FCLASS_ID":null,"FCLASS_PL":null,"FCLASS_GR":null,"FCLASS_IT":null,"FCLASS_NL":null,"FCLASS_SE":null,"FCLASS_BD":null,"FCLASS_UA":null,"layer":"border"},"bbox":[34.922603,29.197495,39.195468,33.378686],"geometry":{"type":"Polygon","coordinates":[[[35.545665,32.393992],[35.719918,32.709192],[36.834062,32.312938],[38.792341,33.378686],[39.195468,32.161009],[39.004886,32.010217],[37.002166,31.508413],[37.998849,30.5085],[37.66812,30.338665],[37.503582,30.003776],[36.740528,29.865283],[36.501214,29.505254],[36.068941,29.197495],[34.956037,29.356555],[34.922603,29.501326],[35.420918,31.100066],[35.397561,31.489086],[35.545252,31.782505],[35.545665,32.393992]]]}},{"type":"Feature","properties":{"featurecla":"Admin-0 country","scalerank":1,"LABELRANK":4,"SOVEREIGNT":"United Arab Emirates","SOV_A3":"ARE","ADM0_DIF":0,"LEVEL":2,"TYPE":"Sovereign country","TLC":"1","ADMIN":"United Arab Emirates","ADM0_A3":"ARE","GEOU_DIF":0,"GEOUNIT":"United Arab Emirates","GU_A3":"ARE","SU_DIF":0,"SUBUNIT":"United Arab Emirates","SU_A3":"ARE","BRK_DIFF":0,"NAME":"United Arab Emirates","NAME_LONG":"United Arab Emirates","BRK_A3":"ARE","BRK_NAME":"United Arab Emirates","BRK_GROUP":null,"ABBREV":"U.A.E.","POSTAL":"AE","FORMAL_EN":"United Arab Emirates","FORMAL_FR":null,"NAME_CIAWF":"United Arab Emirates","NOTE_ADM0":null,"NOTE_BRK":null,"NAME_SORT":"United Arab Emirates","NAME_ALT":null,"MAPCOLOR7":2,"MAPCOLOR8":1,"MAPCOLOR9":3,"MAPCOLOR13":3,"POP_EST":9770529,"POP_RANK":13,"POP_YEAR":2019,"GDP_MD":421142,"GDP_YEAR":2019,"ECONOMY":"6. Developing region","INCOME_GRP":"2. High income: nonOECD","FIPS_10":"AE","ISO_A2":"AE","ISO_A2_EH":"AE","ISO_A3":"ARE","ISO_A3_EH":"ARE","ISO_N3":"784","ISO_N3_EH":"784","UN_A3":"784","WB_A2":"AE","WB_A3":"ARE","WOE_ID":23424738,"WOE_ID_EH":23424738,"WOE_NOTE":"Exact WOE match as country","ADM0_ISO":"ARE","ADM0_DIFF":null,"ADM0_TLC":"ARE","ADM0_A3_US":"ARE","ADM0_A3_FR":"ARE","ADM0_A3_RU":"ARE","ADM0_A3_ES":"ARE","ADM0_A3_CN":"ARE","ADM0_A3_TW":"ARE","ADM0_A3_IN":"ARE","ADM0_A3_NP":"ARE","ADM0_A3_PK":"ARE","ADM0_A3_DE":"ARE","ADM0_A3_GB":"ARE","ADM0_A3_BR":"ARE","ADM0_A3_IL":"ARE","ADM0_A3_PS":"ARE","ADM0_A3_SA":"ARE","ADM0_A3_EG":"ARE","ADM0_A3_MA":"ARE","ADM0_A3_PT":"ARE","ADM0_A3_AR":"ARE","ADM0_A3_JP":"ARE","ADM0_A3_KO":"ARE","ADM0_A3_VN":"ARE","ADM0_A3_TR":"ARE","ADM0_A3_ID":"ARE","ADM0_A3_PL":"ARE","ADM0_A3_GR":"ARE","ADM0_A3_IT":"ARE","ADM0_A3_NL":"ARE","ADM0_A3_SE":"ARE","ADM0_A3_BD":"ARE","ADM0_A3_UA":"ARE","ADM0_A3_UN":-99,"ADM0_A3_WB":-99,"CONTINENT":"Asia","REGION_UN":"Asia","SUBREGION":"Western Asia","REGION_WB":"Middle East & North Africa","NAME_LEN":20,"LONG_LEN":20,"ABBREV_LEN":6,"TINY":-99,"HOMEPART":1,"MIN_ZOOM":0,"MIN_LABEL":4,"MAX_LABEL":9,"LABEL_X":54.547256,"LABEL_Y":23.466285,"NE_ID":1159320329,"WIKIDATAID":"Q878","NAME_AR":"الإمارات العربية المتحدة","NAME_BN":"সংযুক্ত আরব আমিরাত","NAME_DE":"Vereinigte Arabische Emirate","NAME_EN":"United Arab Emirates","NAME_ES":"Emiratos Árabes Unidos","NAME_FA":"امارات متحده عربی","NAME_FR":"Émirats arabes unis","NAME_EL":"Ηνωμένα Αραβικά Εμιράτα","NAME_HE":"איחוד האמירויות הערביות","NAME_HI":"संयुक्त अरब अमीरात","NAME_HU":"Egyesült Arab Emírségek","NAME_ID":"Uni Emirat Arab","NAME_IT":"Emirati Arabi Uniti","NAME_JA":"アラブ首長国連邦","NAME_KO":"아랍에미리트","NAME_NL":"Verenigde Arabische Emiraten","NAME_PL":"Zjednoczone Emiraty Arabskie","NAME_PT":"Emirados Árabes Unidos","NAME_RU":"Объединённые Арабские Эмираты","NAME_SV":"Förenade Arabemiraten","NAME_TR":"Birleşik Arap Emirlikleri","NAME_UK":"Об'єднані Арабські Емірати","NAME_UR":"متحدہ عرب امارات","NAME_VI":"Các Tiểu vương quốc Ả Rập Thống nhất","NAME_ZH":"阿拉伯联合酋长国","NAME_ZHT":"阿拉伯聯合大公國","FCLASS_ISO":"Admin-0 country","TLC_DIFF":null,"FCLASS_TLC":"Admin-0 country","FCLASS_US":null,"FCLASS_FR":null,"FCLASS_RU":null,"FCLASS_ES":null,"FCLASS_CN":null,"FCLASS_TW":null,"FCLASS_IN":null,"FCLASS_NP":null,"FCLASS_PK":null,"FCLASS_DE":null,"FCLASS_GB":null,"FCLASS_BR":null,"FCLASS_IL":null,"FCLASS_PS":null,"FCLASS_SA":null,"FCLASS_EG":null,"FCLASS_MA":null,"FCLASS_PT":null,"FCLASS_AR":null,"FCLASS_JP":null,"FCLASS_KO":null,"FCLASS_VN":null,"FCLASS_TR":null,"FCLASS_ID":null,"FCLASS_PL":null,"FCLASS_GR":null,"FCLASS_IT":null,"FCLASS_NL":null,"FCLASS_SE":null,"FCLASS_BD":null,"FCLASS_UA":null,"layer":"border"},"bbox":[51.579519,22.496948,56.396847,26.055464],"geometry":{"type":"Polygon","coordinates":[[[51.579519,24.245497],[51.757441,24.294073],[51.794389,24.019826],[52.577081,24.177439],[53.404007,24.151317],[54.008001,24.121758],[54.693024,24.797892],[55.439025,25.439145],[56.070821,26.055464],[56.261042,25.714606],[56.396847,24.924732],[55.886233,24.920831],[55.804119,24.269604],[55.981214,24.130543],[55.528632,23.933604],[55.525841,23.524869],[55.234489,23.110993],[55.208341,22.70833],[55.006803,22.496948],[52.000733,23.001154],[51.617708,24.014219],[51.579519,24.245497]]]}},{"type":"Feature","properties":{"featurecla":"Admin-0 country","scalerank":1,"LABELRANK":5,"SOVEREIGNT":"Qatar","SOV_A3":"QAT","ADM0_DIF":0,"LEVEL":2,"TYPE":"Sovereign country","TLC":"1","ADMIN":"Qatar","ADM0_A3":"QAT","GEOU_DIF":0,"GEOUNIT":"Qatar","GU_A3":"QAT","SU_DIF":0,"SUBUNIT":"Qatar","SU_A3":"QAT","BRK_DIFF":0,"NAME":"Qatar","NAME_LONG":"Qatar","BRK_A3":"QAT","BRK_NAME":"Qatar","BRK_GROUP":null,"ABBREV":"Qatar","POSTAL":"QA","FORMAL_EN":"State of Qatar","FORMAL_FR":null,"NAME_CIAWF":"Qatar","NOTE_ADM0":null,"NOTE_BRK":null,"NAME_SORT":"Qatar","NAME_ALT":null,"MAPCOLOR7":3,"MAPCOLOR8":6,"MAPCOLOR9":2,"MAPCOLOR13":4,"POP_EST":2832067,"POP_RANK":12,"POP_YEAR":2019,"GDP_MD":175837,"GDP_YEAR":2019,"ECONOMY":"6. Developing region","INCOME_GRP":"2. High income: nonOECD","FIPS_10":"QA","ISO_A2":"QA","ISO_A2_EH":"QA","ISO_A3":"QAT","ISO_A3_EH":"QAT","ISO_N3":"634","ISO_N3_EH":"634","UN_A3":"634","WB_A2":"QA","WB_A3":"QAT","WOE_ID":23424930,"WOE_ID_EH":23424930,"WOE_NOTE":"Exact WOE match as country","ADM0_ISO":"QAT","ADM0_DIFF":null,"ADM0_TLC":"QAT","ADM0_A3_US":"QAT","ADM0_A3_FR":"QAT","ADM0_A3_RU":"QAT","ADM0_A3_ES":"QAT","ADM0_A3_CN":"QAT","ADM0_A3_TW":"QAT","ADM0_A3_IN":"QAT","ADM0_A3_NP":"QAT","ADM0_A3_PK":"QAT","ADM0_A3_DE":"QAT","ADM0_A3_GB":"QAT","ADM0_A3_BR":"QAT","ADM0_A3_IL":"QAT","ADM0_A3_PS":"QAT","ADM0_A3_SA":"QAT","ADM0_A3_EG":"QAT","ADM0_A3_MA":"QAT","ADM0_A3_PT":"QAT","ADM0_A3_AR":"QAT","ADM0_A3_JP":"QAT","ADM0_A3_KO":"QAT","ADM0_A3_VN":"QAT","ADM0_A3_TR":"QAT","ADM0_A3_ID":"QAT","ADM0_A3_PL":"QAT","ADM0_A3_GR":"QAT","ADM0_A3_IT":"QAT","ADM0_A3_NL":"QAT","ADM0_A3_SE":"QAT","ADM0_A3_BD":"QAT","ADM0_A3_UA":"QAT","ADM0_A3_UN":-99,"ADM0_A3_WB":-99,"CONTINENT":"Asia","REGION_UN":"Asia","SUBREGION":"Western Asia","REGION_WB":"Middle East & North Africa","NAME_LEN":5,"LONG_LEN":5,"ABBREV_LEN":5,"TINY":-99,"HOMEPART":1,"MIN_ZOOM":0,"MIN_LABEL":4,"MAX_LABEL":9,"LABEL_X":51.143509,"LABEL_Y":25.237383,"NE_ID":1159321197,"WIKIDATAID":"Q846","NAME_AR":"قطر","NAME_BN":"কাতার","NAME_DE":"Katar","NAME_EN":"Qatar","NAME_ES":"Catar","NAME_FA":"قطر","NAME_FR":"Qatar","NAME_EL":"Κατάρ","NAME_HE":"קטר","NAME_HI":"क़तर","NAME_HU":"Katar","NAME_ID":"Qatar","NAME_IT":"Qatar","NAME_JA":"カタール","NAME_KO":"카타르","NAME_NL":"Qatar","NAME_PL":"Katar","NAME_PT":"Catar","NAME_RU":"Катар","NAME_SV":"Qatar","NAME_TR":"Katar","NAME_UK":"Катар","NAME_UR":"قطر","NAME_VI":"Qatar","NAME_ZH":"卡塔尔","NAME_ZHT":"卡達","FCLASS_ISO":"Admin-0 country","TLC_DIFF":null,"FCLASS_TLC":"Admin-0 country","FCLASS_US":null,"FCLASS_FR":null,"FCLASS_RU":null,"FCLASS_ES":null,"FCLASS_CN":null,"FCLASS_TW":null,"FCLASS_IN":null,"FCLASS_NP":null,"FCLASS_PK":null,"FCLASS_DE":null,"FCLASS_GB":null,"FCLASS_BR":null,"FCLASS_IL":null,"FCLASS_PS":null,"FCLASS_SA":null,"FCLASS_EG":null,"FCLASS_MA":null,"FCLASS_PT":null,"FCLASS_AR":null,"FCLASS_JP":null,"FCLASS_KO":null,"FCLASS_VN":null,"FCLASS_TR":null,"FCLASS_ID":null,"FCLASS_PL":null,"FCLASS_GR":null,"FCLASS_IT":null,"FCLASS_NL":null,"FCLASS_SE":null,"FCLASS_BD":null,"FCLASS_UA":null,"layer":"border"},"bbox":[50.743911,24.556331,51.6067,26.114582],"geometry":{"type":"Polygon","coordinates":[[[50.810108,24.754743],[50.743911,25.482424],[51.013352,26.006992],[51.286462,26.114582],[51.589079,25.801113],[51.6067,25.21567],[51.389608,24.627386],[51.112415,24.556331],[50.810108,24.754743]]]}},{"type":"Feature","properties":{"featurecla":"Admin-0 country","scalerank":1,"LABELRANK":6,"SOVEREIGNT":"Kuwait","SOV_A3":"KWT","ADM0_DIF":0,"LEVEL":2,"TYPE":"Sovereign country","TLC":"1","ADMIN":"Kuwait","ADM0_A3":"KWT","GEOU_DIF":0,"GEOUNIT":"Kuwait","GU_A3":"KWT","SU_DIF":0,"SUBUNIT":"Kuwait","SU_A3":"KWT","BRK_DIFF":0,"NAME":"Kuwait","NAME_LONG":"Kuwait","BRK_A3":"KWT","BRK_NAME":"Kuwait","BRK_GROUP":null,"ABBREV":"Kwt.","POSTAL":"KW","FORMAL_EN":"State of Kuwait","FORMAL_FR":null,"NAME_CIAWF":"Kuwait","NOTE_ADM0":null,"NOTE_BRK":null,"NAME_SORT":"Kuwait","NAME_ALT":null,"MAPCOLOR7":2,"MAPCOLOR8":2,"MAPCOLOR9":2,"MAPCOLOR13":2,"POP_EST":4207083,"POP_RANK":12,"POP_YEAR":2019,"GDP_MD":134628,"GDP_YEAR":2019,"ECONOMY":"6. Developing region","INCOME_GRP":"2. High income: nonOECD","FIPS_10":"KU","ISO_A2":"KW","ISO_A2_EH":"KW","ISO_A3":"KWT","ISO_A3_EH":"KWT","ISO_N3":"414","ISO_N3_EH":"414","UN_A3":"414","WB_A2":"KW","WB_A3":"KWT","WOE_ID":23424870,"WOE_ID_EH":23424870,"WOE_NOTE":"Exact WOE match as country","ADM0_ISO":"KWT","ADM0_DIFF":null,"ADM0_TLC":"KWT","ADM0_A3_US":"KWT","ADM0_A3_FR":"KWT","ADM0_A3_RU":"KWT","ADM0_A3_ES":"KWT","ADM0_A3_CN":"KWT","ADM0_A3_TW":"KWT","ADM0_A3_IN":"KWT","ADM0_A3_NP":"KWT","ADM0_A3_PK":"KWT","ADM0_A3_DE":"KWT","ADM0_A3_GB":"KWT","ADM0_A3_BR":"KWT","ADM0_A3_IL":"KWT","ADM0_A3_PS":"KWT","ADM0_A3_SA":"KWT","ADM0_A3_EG":"KWT","ADM0_A3_MA":"KWT","ADM0_A3_PT":"KWT","ADM0_A3_AR":"KWT","ADM0_A3_JP":"KWT","ADM0_A3_KO":"KWT","ADM0_A3_VN":"KWT","ADM0_A3_TR":"KWT","ADM0_A3_ID":"KWT","ADM0_A3_PL":"KWT","ADM0_A3_GR":"KWT","ADM0_A3_IT":"KWT","ADM0_A3_NL":"KWT","ADM0_A3_SE":"KWT","ADM0_A3_BD":"KWT","ADM0_A3_UA":"KWT","ADM0_A3_UN":-99,"ADM0_A3_WB":-99,"CONTINENT":"Asia","REGION_UN":"Asia","SUBREGION":"Western Asia","REGION_WB":"Middle East & North Africa","NAME_LEN":6,"LONG_LEN":6,"ABBREV_LEN":4,"TINY":-99,"HOMEPART":1,"MIN_ZOOM":0,"MIN_LABEL":5,"MAX_LABEL":10,"LABEL_X":47.313999,"LABEL_Y":29.413628,"NE_ID":1159321009,"WIKIDATAID":"Q817","NAME_AR":"الكويت","NAME_BN":"কুয়েত","NAME_DE":"Kuwait","NAME_EN":"Kuwait","NAME_ES":"Kuwait","NAME_FA":"کویت","NAME_FR":"Koweït","NAME_EL":"Κουβέιτ","NAME_HE":"כווית","NAME_HI":"कुवैत","NAME_HU":"Kuvait","NAME_ID":"Kuwait","NAME_IT":"Kuwait","NAME_JA":"クウェート","NAME_KO":"쿠웨이트","NAME_NL":"Koeweit","NAME_PL":"Kuwejt","NAME_PT":"Kuwait","NAME_RU":"Кувейт","NAME_SV":"Kuwait","NAME_TR":"Kuveyt","NAME_UK":"Кувейт","NAME_UR":"کویت","NAME_VI":"Kuwait","NAME_ZH":"科威特","NAME_ZHT":"科威特","FCLASS_ISO":"Admin-0 country","TLC_DIFF":null,"FCLASS_TLC":"Admin-0 country","FCLASS_US":null,"FCLASS_FR":null,"FCLASS_RU":null,"FCLASS_ES":null,"FCLASS_CN":null,"FCLASS_TW":null,"FCLASS_IN":null,"FCLASS_NP":null,"FCLASS_PK":null,"FCLASS_DE":null,"FCLASS_GB":null,"FCLASS_BR":null,"FCLASS_IL":null,"FCLASS_PS":null,"FCLASS_SA":null,"FCLASS_EG":null,"FCLASS_MA":null,"FCLASS_PT":null,"FCLASS_AR":null,"FCLASS_JP":null,"FCLASS_KO":null,"FCLASS_VN":null,"FCLASS_TR":null,"FCLASS_ID":null,"FCLASS_PL":null,"FCLASS_GR":null,"FCLASS_IT":null,"FCLASS_NL":null,"FCLASS_SE":null,"FCLASS_BD":null,"FCLASS_UA":null,"layer":"border"},"bbox":[46.568713,28.526063,48.416094,30.05907],"geometry":{"type":"Polygon","coordinates":[[[47.974519,29.975819],[48.183189,29.534477],[48.093943,29.306299],[48.416094,28.552004],[47.708851,28.526063],[47.459822,29.002519],[46.568713,29.099025],[47.302622,30.05907],[47.974519,29.975819]]]}},{"type":"Feature","properties":{"featurecla":"Admin-0 country","scalerank":1,"LABELRANK":3,"SOVEREIGNT":"Iraq","SOV_A3":"IRQ","ADM0_DIF":0,"LEVEL":2,"TYPE":"Sovereign country","TLC":"1","ADMIN":"Iraq","ADM0_A3":"IRQ","GEOU_DIF":0,"GEOUNIT":"Iraq","GU_A3":"IRQ","SU_DIF":0,"SUBUNIT":"Iraq","SU_A3":"IRQ","BRK_DIFF":0,"NAME":"Iraq","NAME_LONG":"Iraq","BRK_A3":"IRQ","BRK_NAME":"Iraq","BRK_GROUP":null,"ABBREV":"Iraq","POSTAL":"IRQ","FORMAL_EN":"Republic of Iraq","FORMAL_FR":null,"NAME_CIAWF":"Iraq","NOTE_ADM0":null,"NOTE_BRK":null,"NAME_SORT":"Iraq","NAME_ALT":null,"MAPCOLOR7":1,"MAPCOLOR8":4,"MAPCOLOR9":3,"MAPCOLOR13":1,"POP_EST":39309783,"POP_RANK":15,"POP_YEAR":2019,"GDP_MD":234094,"GDP_YEAR":2019,"ECONOMY":"6. Developing region","INCOME_GRP":"4. Lower middle income","FIPS_10":"IZ","ISO_A2":"IQ","ISO_A2_EH":"IQ","ISO_A3":"IRQ","ISO_A3_EH":"IRQ","ISO_N3":"368","ISO_N3_EH":"368","UN_A3":"368","WB_A2":"IQ","WB_A3":"IRQ","WOE_ID":23424855,"WOE_ID_EH":23424855,"WOE_NOTE":"Exact WOE match as country","ADM0_ISO":"IRQ","ADM0_DIFF":null,"ADM0_TLC":"IRQ","ADM0_A3_US":"IRQ","ADM0_A3_FR":"IRQ","ADM0_A3_RU":"IRQ","ADM0_A3_ES":"IRQ","ADM0_A3_CN":"IRQ","ADM0_A3_TW":"IRQ","ADM0_A3_IN":"IRQ","ADM0_A3_NP":"IRQ","ADM0_A3_PK":"IRQ","ADM0_A3_DE":"IRQ","ADM0_A3_GB":"IRQ","ADM0_A3_BR":"IRQ","ADM0_A3_IL":"IRQ","ADM0_A3_PS":"IRQ","ADM0_A3_SA":"IRQ","ADM0_A3_EG":"IRQ","ADM0_A3_MA":"IRQ","ADM0_A3_PT":"IRQ","ADM0_A3_AR":"IRQ","ADM0_A3_JP":"IRQ","ADM0_A3_KO":"IRQ","ADM0_A3_VN":"IRQ","ADM0_A3_TR":"IRQ","ADM0_A3_ID":"IRQ","ADM0_A3_PL":"IRQ","ADM0_A3_GR":"IRQ","ADM0_A3_IT":"IRQ","ADM0_A3_NL":"IRQ","ADM0_A3_SE":"IRQ","ADM0_A3_BD":"IRQ","ADM0_A3_UA":"IRQ","ADM0_A3_UN":-99,"ADM0_A3_WB":-99,"CONTINENT":"Asia","REGION_UN":"Asia","SUBREGION":"Western Asia","REGION_WB":"Middle East & North Africa","NAME_LEN":4,"LONG_LEN":4,"ABBREV_LEN":4,"TINY":-99,"HOMEPART":1,"MIN_ZOOM":0,"MIN_LABEL":3,"MAX_LABEL":7.5,"LABEL_X":43.26181,"LABEL_Y":33.09403,"NE_ID":1159320887,"WIKIDATAID":"Q796","NAME_AR":"العراق","NAME_BN":"ইরাক","NAME_DE":"Irak","NAME_EN":"Iraq","NAME_ES":"Irak","NAME_FA":"عراق","NAME_FR":"Irak","NAME_EL":"Ιράκ","NAME_HE":"עיראק","NAME_HI":"इराक","NAME_HU":"Irak","NAME_ID":"Irak","NAME_IT":"Iraq","NAME_JA":"イラク","NAME_KO":"이라크","NAME_NL":"Irak","NAME_PL":"Irak","NAME_PT":"Iraque","NAME_RU":"Ирак","NAME_SV":"Irak","NAME_TR":"Irak","NAME_UK":"Ірак","NAME_UR":"عراق","NAME_VI":"Iraq","NAME_ZH":"伊拉克","NAME_ZHT":"伊拉克","FCLASS_ISO":"Admin-0 country","TLC_DIFF":null,"FCLASS_TLC":"Admin-0 country","FCLASS_US":null,"FCLASS_FR":null,"FCLASS_RU":null,"FCLASS_ES":null,"FCLASS_CN":null,"FCLASS_TW":null,"FCLASS_IN":null,"FCLASS_NP":null,"FCLASS_PK":null,"FCLASS_DE":null,"FCLASS_GB":null,"FCLASS_BR":null,"FCLASS_IL":null,"FCLASS_PS":null,"FCLASS_SA":null,"FCLASS_EG":null,"FCLASS_MA":null,"FCLASS_PT":null,"FCLASS_AR":null,"FCLASS_JP":null,"FCLASS_KO":null,"FCLASS_VN":null,"FCLASS_TR":null,"FCLASS_ID":null,"FCLASS_PL":null,"FCLASS_GR":null,"FCLASS_IT":null,"FCLASS_NL":null,"FCLASS_SE":null,"FCLASS_BD":null,"FCLASS_UA":null,"layer":"border"},"bbox":[38.792341,29.099025,48.567971,37.385264],"geometry":{"type":"Polygon","coordinates":[[[39.195468,32.161009],[38.792341,33.378686],[41.006159,34.419372],[41.383965,35.628317],[41.289707,36.358815],[41.837064,36.605854],[42.349591,37.229873],[42.779126,37.385264],[43.942259,37.256228],[44.293452,37.001514],[44.772677,37.170437],[45.420618,35.977546],[46.07634,35.677383],[46.151788,35.093259],[45.64846,34.748138],[45.416691,33.967798],[46.109362,33.017287],[47.334661,32.469155],[47.849204,31.709176],[47.685286,30.984853],[48.004698,30.985137],[48.014568,30.452457],[48.567971,29.926778],[47.974519,29.975819],[47.302622,30.05907],[46.568713,29.099025],[44.709499,29.178891],[41.889981,31.190009],[40.399994,31.889992],[39.195468,32.161009]]]}},{"type":"Feature","properties":{"featurecla":"Admin-0 country","scalerank":1,"LABELRANK":4,"SOVEREIGNT":"Oman","SOV_A3":"OMN","ADM0_DIF":0,"LEVEL":2,"TYPE":"Sovereign country","TLC":"1","ADMIN":"Oman","ADM0_A3":"OMN","GEOU_DIF":0,"GEOUNIT":"Oman","GU_A3":"OMN","SU_DIF":0,"SUBUNIT":"Oman","SU_A3":"OMN","BRK_DIFF":0,"NAME":"Oman","NAME_LONG":"Oman","BRK_A3":"OMN","BRK_NAME":"Oman","BRK_GROUP":null,"ABBREV":"Oman","POSTAL":"OM","FORMAL_EN":"Sultanate of Oman","FORMAL_FR":null,"NAME_CIAWF":"Oman","NOTE_ADM0":null,"NOTE_BRK":null,"NAME_SORT":"Oman","NAME_ALT":null,"MAPCOLOR7":1,"MAPCOLOR8":4,"MAPCOLOR9":1,"MAPCOLOR13":6,"POP_EST":4974986,"POP_RANK":12,"POP_YEAR":2019,"GDP_MD":76331,"GDP_YEAR":2019,"ECONOMY":"6. Developing region","INCOME_GRP":"2. High income: nonOECD","FIPS_10":"MU","ISO_A2":"OM","ISO_A2_EH":"OM","ISO_A3":"OMN","ISO_A3_EH":"OMN","ISO_N3":"512","ISO_N3_EH":"512","UN_A3":"512","WB_A2":"OM","WB_A3":"OMN","WOE_ID":23424898,"WOE_ID_EH":23424898,"WOE_NOTE":"Exact WOE match as country","ADM0_ISO":"OMN","ADM0_DIFF":null,"ADM0_TLC":"OMN","ADM0_A3_US":"OMN","ADM0_A3_FR":"OMN","ADM0_A3_RU":"OMN","ADM0_A3_ES":"OMN","ADM0_A3_CN":"OMN","ADM0_A3_TW":"OMN","ADM0_A3_IN":"OMN","ADM0_A3_NP":"OMN","ADM0_A3_PK":"OMN","ADM0_A3_DE":"OMN","ADM0_A3_GB":"OMN","ADM0_A3_BR":"OMN","ADM0_A3_IL":"OMN","ADM0_A3_PS":"OMN","ADM0_A3_SA":"OMN","ADM0_A3_EG":"OMN","ADM0_A3_MA":"OMN","ADM0_A3_PT":"OMN","ADM0_A3_AR":"OMN","ADM0_A3_JP":"OMN","ADM0_A3_KO":"OMN","ADM0_A3_VN":"OMN","ADM0_A3_TR":"OMN","ADM0_A3_ID":"OMN","ADM0_A3_PL":"OMN","ADM0_A3_GR":"OMN","ADM0_A3_IT":"OMN","ADM0_A3_NL":"OMN","ADM0_A3_SE":"OMN","ADM0_A3_BD":"OMN","ADM0_A3_UA":"OMN","ADM0_A3_UN":-99,"ADM0_A3_WB":-99,"CONTINENT":"Asia","REGION_UN":"Asia","SUBREGION":"Western Asia","REGION_WB":"Middle East & North Africa","NAME_LEN":4,"LONG_LEN":4,"ABBREV_LEN":4,"TINY":-99,"HOMEPART":1,"MIN_ZOOM":0,"MIN_LABEL":4,"MAX_LABEL":9,"LABEL_X":57.336553,"LABEL_Y":22.120427,"NE_ID":1159321151,"WIKIDATAID":"Q842","NAME_AR":"سلطنة عمان","NAME_BN":"ওমান","NAME_DE":"Oman","NAME_EN":"Oman","NAME_ES":"Omán","NAME_FA":"عمان","NAME_FR":"Oman","NAME_EL":"Ομάν","NAME_HE":"עומאן","NAME_HI":"ओमान","NAME_HU":"Omán","NAME_ID":"Oman","NAME_IT":"Oman","NAME_JA":"オマーン","NAME_KO":"오만","NAME_NL":"Oman","NAME_PL":"Oman","NAME_PT":"Omã","NAME_RU":"Оман","NAME_SV":"Oman","NAME_TR":"Umman","NAME_UK":"Оман","NAME_UR":"عمان","NAME_VI":"Oman","NAME_ZH":"阿曼","NAME_ZHT":"阿曼","FCLASS_ISO":"Admin-0 country","TLC_DIFF":null,"FCLASS_TLC":"Admin-0 country","FCLASS_US":null,"FCLASS_FR":null,"FCLASS_RU":null,"FCLASS_ES":null,"FCLASS_CN":null,"FCLASS_TW":null,"FCLASS_IN":null,"FCLASS_NP":null,"FCLASS_PK":null,"FCLASS_DE":null,"FCLASS_GB":null,"FCLASS_BR":null,"FCLASS_IL":null,"FCLASS_PS":null,"FCLASS_SA":null,"FCLASS_EG":null,"FCLASS_MA":null,"FCLASS_PT":null,"FCLASS_AR":null,"FCLASS_JP":null,"FCLASS_KO":null,"FCLASS_VN":null,"FCLASS_TR":null,"FCLASS_ID":null,"FCLASS_PL":null,"FCLASS_GR":null,"FCLASS_IT":null,"FCLASS_NL":null,"FCLASS_SE":null,"FCLASS_BD":null,"FCLASS_UA":null,"layer":"border"},"bbox":[52.00001,16.651051,59.80806,26.395934],"geometry":{"type":"MultiPolygon","coordinates":[[[[55.208341,22.70833],[55.234489,23.110993],[55.525841,23.524869],[55.528632,23.933604],[55.981214,24.130543],[55.804119,24.269604],[55.886233,24.920831],[56.396847,24.924732],[56.84514,24.241673],[57.403453,23.878594],[58.136948,23.747931],[58.729211,23.565668],[59.180502,22.992395],[59.450098,22.660271],[59.80806,22.533612],[59.806148,22.310525],[59.442191,21.714541],[59.282408,21.433886],[58.861141,21.114035],[58.487986,20.428986],[58.034318,20.481437],[57.826373,20.243002],[57.665762,19.736005],[57.7887,19.06757],[57.694391,18.94471],[57.234264,18.947991],[56.609651,18.574267],[56.512189,18.087113],[56.283521,17.876067],[55.661492,17.884128],[55.269939,17.632309],[55.2749,17.228354],[54.791002,16.950697],[54.239253,17.044981],[53.570508,16.707663],[53.108573,16.651051],[52.782184,17.349742],[52.00001,19.000003],[54.999982,19.999994],[55.666659,22.000001],[55.208341,22.70833]]],[[[56.261042,25.714606],[56.070821,26.055464],[56.362017,26.395934],[56.485679,26.309118],[56.391421,25.895991],[56.261042,25.714606]]]]}},{"type":"Feature","properties":{"featurecla":"Admin-0 country","scalerank":1,"LABELRANK":2,"SOVEREIGNT":"Pakistan","SOV_A3":"PAK","ADM0_DIF":0,"LEVEL":2,"TYPE":"Sovereign country","TLC":"1","ADMIN":"Pakistan","ADM0_A3":"PAK","GEOU_DIF":0,"GEOUNIT":"Pakistan","GU_A3":"PAK","SU_DIF":0,"SUBUNIT":"Pakistan","SU_A3":"PAK","BRK_DIFF":0,"NAME":"Pakistan","NAME_LONG":"Pakistan","BRK_A3":"PAK","BRK_NAME":"Pakistan","BRK_GROUP":null,"ABBREV":"Pak.","POSTAL":"PK","FORMAL_EN":"Islamic Republic of Pakistan","FORMAL_FR":null,"NAME_CIAWF":"Pakistan","NOTE_ADM0":null,"NOTE_BRK":null,"NAME_SORT":"Pakistan","NAME_ALT":null,"MAPCOLOR7":2,"MAPCOLOR8":2,"MAPCOLOR9":3,"MAPCOLOR13":11,"POP_EST":216565318,"POP_RANK":17,"POP_YEAR":2019,"GDP_MD":278221,"GDP_YEAR":2019,"ECONOMY":"5. Emerging region: G20","INCOME_GRP":"4. Lower middle income","FIPS_10":"PK","ISO_A2":"PK","ISO_A2_EH":"PK","ISO_A3":"PAK","ISO_A3_EH":"PAK","ISO_N3":"586","ISO_N3_EH":"586","UN_A3":"586","WB_A2":"PK","WB_A3":"PAK","WOE_ID":23424922,"WOE_ID_EH":23424922,"WOE_NOTE":"Exact WOE match as country","ADM0_ISO":"PAK","ADM0_DIFF":null,"ADM0_TLC":"PAK","ADM0_A3_US":"PAK","ADM0_A3_FR":"PAK","ADM0_A3_RU":"PAK","ADM0_A3_ES":"PAK","ADM0_A3_CN":"PAK","ADM0_A3_TW":"PAK","ADM0_A3_IN":"PAK","ADM0_A3_NP":"PAK","ADM0_A3_PK":"PAK","ADM0_A3_DE":"PAK","ADM0_A3_GB":"PAK","ADM0_A3_BR":"PAK","ADM0_A3_IL":"PAK","ADM0_A3_PS":"PAK","ADM0_A3_SA":"PAK","ADM0_A3_EG":"PAK","ADM0_A3_MA":"PAK","ADM0_A3_PT":"PAK","ADM0_A3_AR":"PAK","ADM0_A3_JP":"PAK","ADM0_A3_KO":"PAK","ADM0_A3_VN":"PAK","ADM0_A3_TR":"PAK","ADM0_A3_ID":"PAK","ADM0_A3_PL":"PAK","ADM0_A3_GR":"PAK","ADM0_A3_IT":"PAK","ADM0_A3_NL":"PAK","ADM0_A3_SE":"PAK","ADM0_A3_BD":"PAK","ADM0_A3_UA":"PAK","ADM0_A3_UN":-99,"ADM0_A3_WB":-99,"CONTINENT":"Asia","REGION_UN":"Asia","SUBREGION":"Southern Asia","REGION_WB":"South Asia","NAME_LEN":8,"LONG_LEN":8,"ABBREV_LEN":4,"TINY":-99,"HOMEPART":1,"MIN_ZOOM":0,"MIN_LABEL":2.7,"MAX_LABEL":7,"LABEL_X":68.545632,"LABEL_Y":29.328389,"NE_ID":1159321153,"WIKIDATAID":"Q843","NAME_AR":"باكستان","NAME_BN":"পাকিস্তান","NAME_DE":"Pakistan","NAME_EN":"Pakistan","NAME_ES":"Pakistán","NAME_FA":"پاکستان","NAME_FR":"Pakistan","NAME_EL":"Πακιστάν","NAME_HE":"פקיסטן","NAME_HI":"पाकिस्तान","NAME_HU":"Pakisztán","NAME_ID":"Pakistan","NAME_IT":"Pakistan","NAME_JA":"パキスタン","NAME_KO":"파키스탄","NAME_NL":"Pakistan","NAME_PL":"Pakistan","NAME_PT":"Paquistão","NAME_RU":"Пакистан","NAME_SV":"Pakistan","NAME_TR":"Pakistan","NAME_UK":"Пакистан","NAME_UR":"پاکستان","NAME_VI":"Pakistan","NAME_ZH":"巴基斯坦","NAME_ZHT":"巴基斯坦","FCLASS_ISO":"Admin-0 country","TLC_DIFF":null,"FCLASS_TLC":"Admin-0 country","FCLASS_US":null,"FCLASS_FR":null,"FCLASS_RU":null,"FCLASS_ES":null,"FCLASS_CN":null,"FCLASS_TW":null,"FCLASS_IN":null,"FCLASS_NP":null,"FCLASS_PK":null,"FCLASS_DE":null,"FCLASS_GB":null,"FCLASS_BR":null,"FCLASS_IL":null,"FCLASS_PS":null,"FCLASS_SA":null,"FCLASS_EG":null,"FCLASS_MA":null,"FCLASS_PT":null,"FCLASS_AR":null,"FCLASS_JP":null,"FCLASS_KO":null,"FCLASS_VN":null,"FCLASS_TR":null,"FCLASS_ID":null,"FCLASS_PL":null,"FCLASS_GR":null,"FCLASS_IT":null,"FCLASS_NL":null,"FCLASS_SE":null,"FCLASS_BD":null,"FCLASS_UA":null,"layer":"border"},"bbox":[60.874248,23.691965,77.837451,37.133031],"geometry":{"type":"Polygon","coordinates":[[[77.837451,35.49401],[76.871722,34.653544],[75.757061,34.504923],[74.240203,34.748887],[73.749948,34.317699],[74.104294,33.441473],[74.451559,32.7649],[75.258642,32.271105],[74.405929,31.692639],[74.42138,30.979815],[73.450638,29.976413],[72.823752,28.961592],[71.777666,27.91318],[70.616496,27.989196],[69.514393,26.940966],[70.168927,26.491872],[70.282873,25.722229],[70.844699,25.215102],[71.04324,24.356524],[68.842599,24.359134],[68.176645,23.691965],[67.443667,23.944844],[67.145442,24.663611],[66.372828,25.425141],[64.530408,25.237039],[62.905701,25.218409],[61.497363,25.078237],[61.874187,26.239975],[63.316632,26.756532],[63.233898,27.217047],[62.755426,27.378923],[62.72783,28.259645],[61.771868,28.699334],[61.369309,29.303276],[60.874248,29.829239],[62.549857,29.318572],[63.550261,29.468331],[64.148002,29.340819],[64.350419,29.560031],[65.046862,29.472181],[66.346473,29.887943],[66.381458,30.738899],[66.938891,31.304911],[67.683394,31.303154],[67.792689,31.58293],[68.556932,31.71331],[68.926677,31.620189],[69.317764,31.901412],[69.262522,32.501944],[69.687147,33.105499],[70.323594,33.358533],[69.930543,34.02012],[70.881803,33.988856],[71.156773,34.348911],[71.115019,34.733126],[71.613076,35.153203],[71.498768,35.650563],[71.262348,36.074388],[71.846292,36.509942],[72.920025,36.720007],[74.067552,36.836176],[74.575893,37.020841],[75.158028,37.133031],[75.896897,36.666806],[76.192848,35.898403],[77.837451,35.49401]]]}},{"type":"Feature","properties":{"featurecla":"Admin-0 country","scalerank":1,"LABELRANK":3,"SOVEREIGNT":"Afghanistan","SOV_A3":"AFG","ADM0_DIF":0,"LEVEL":2,"TYPE":"Sovereign country","TLC":"1","ADMIN":"Afghanistan","ADM0_A3":"AFG","GEOU_DIF":0,"GEOUNIT":"Afghanistan","GU_A3":"AFG","SU_DIF":0,"SUBUNIT":"Afghanistan","SU_A3":"AFG","BRK_DIFF":0,"NAME":"Afghanistan","NAME_LONG":"Afghanistan","BRK_A3":"AFG","BRK_NAME":"Afghanistan","BRK_GROUP":null,"ABBREV":"Afg.","POSTAL":"AF","FORMAL_EN":"Islamic State of Afghanistan","FORMAL_FR":null,"NAME_CIAWF":"Afghanistan","NOTE_ADM0":null,"NOTE_BRK":null,"NAME_SORT":"Afghanistan","NAME_ALT":null,"MAPCOLOR7":5,"MAPCOLOR8":6,"MAPCOLOR9":8,"MAPCOLOR13":7,"POP_EST":38041754,"POP_RANK":15,"POP_YEAR":2019,"GDP_MD":19291,"GDP_YEAR":2019,"ECONOMY":"7. Least developed region","INCOME_GRP":"5. Low income","FIPS_10":"AF","ISO_A2":"AF","ISO_A2_EH":"AF","ISO_A3":"AFG","ISO_A3_EH":"AFG","ISO_N3":"004","ISO_N3_EH":"004","UN_A3":"004","WB_A2":"AF","WB_A3":"AFG","WOE_ID":23424739,"WOE_ID_EH":23424739,"WOE_NOTE":"Exact WOE match as country","ADM0_ISO":"AFG","ADM0_DIFF":null,"ADM0_TLC":"AFG","ADM0_A3_US":"AFG","ADM0_A3_FR":"AFG","ADM0_A3_RU":"AFG","ADM0_A3_ES":"AFG","ADM0_A3_CN":"AFG","ADM0_A3_TW":"AFG","ADM0_A3_IN":"AFG","ADM0_A3_NP":"AFG","ADM0_A3_PK":"AFG","ADM0_A3_DE":"AFG","ADM0_A3_GB":"AFG","ADM0_A3_BR":"AFG","ADM0_A3_IL":"AFG","ADM0_A3_PS":"AFG","ADM0_A3_SA":"AFG","ADM0_A3_EG":"AFG","ADM0_A3_MA":"AFG","ADM0_A3_PT":"AFG","ADM0_A3_AR":"AFG","ADM0_A3_JP":"AFG","ADM0_A3_KO":"AFG","ADM0_A3_VN":"AFG","ADM0_A3_TR":"AFG","ADM0_A3_ID":"AFG","ADM0_A3_PL":"AFG","ADM0_A3_GR":"AFG","ADM0_A3_IT":"AFG","ADM0_A3_NL":"AFG","ADM0_A3_SE":"AFG","ADM0_A3_BD":"AFG","ADM0_A3_UA":"AFG","ADM0_A3_UN":-99,"ADM0_A3_WB":-99,"CONTINENT":"Asia","REGION_UN":"Asia","SUBREGION":"Southern Asia","REGION_WB":"South Asia","NAME_LEN":11,"LONG_LEN":11,"ABBREV_LEN":4,"TINY":-99,"HOMEPART":1,"MIN_ZOOM":0,"MIN_LABEL":3,"MAX_LABEL":7,"LABEL_X":66.496586,"LABEL_Y":34.164262,"NE_ID":1159320319,"WIKIDATAID":"Q889","NAME_AR":"أفغانستان","NAME_BN":"আফগানিস্তান","NAME_DE":"Afghanistan","NAME_EN":"Afghanistan","NAME_ES":"Afganistán","NAME_FA":"افغانستان","NAME_FR":"Afghanistan","NAME_EL":"Αφγανιστάν","NAME_HE":"אפגניסטן","NAME_HI":"अफ़्गानिस्तान","NAME_HU":"Afganisztán","NAME_ID":"Afganistan","NAME_IT":"Afghanistan","NAME_JA":"アフガニスタン","NAME_KO":"아프가니스탄","NAME_NL":"Afghanistan","NAME_PL":"Afganistan","NAME_PT":"Afeganistão","NAME_RU":"Афганистан","NAME_SV":"Afghanistan","NAME_TR":"Afganistan","NAME_UK":"Афганістан","NAME_UR":"افغانستان","NAME_VI":"Afghanistan","NAME_ZH":"阿富汗","NAME_ZHT":"阿富汗","FCLASS_ISO":"Admin-0 country","TLC_DIFF":null,"FCLASS_TLC":"Admin-0 country","FCLASS_US":null,"FCLASS_FR":null,"FCLASS_RU":null,"FCLASS_ES":null,"FCLASS_CN":null,"FCLASS_TW":null,"FCLASS_IN":null,"FCLASS_NP":null,"FCLASS_PK":null,"FCLASS_DE":null,"FCLASS_GB":null,"FCLASS_BR":null,"FCLASS_IL":null,"FCLASS_PS":null,"FCLASS_SA":null,"FCLASS_EG":null,"FCLASS_MA":null,"FCLASS_PT":null,"FCLASS_AR":null,"FCLASS_JP":null,"FCLASS_KO":null,"FCLASS_VN":null,"FCLASS_TR":null,"FCLASS_ID":null,"FCLASS_PL":null,"FCLASS_GR":null,"FCLASS_IT":null,"FCLASS_NL":null,"FCLASS_SE":null,"FCLASS_BD":null,"FCLASS_UA":null,"layer":"border"},"bbox":[60.52843,29.318572,75.158028,38.486282],"geometry":{"type":"Polygon","coordinates":[[[66.518607,37.362784],[67.075782,37.356144],[67.83,37.144994],[68.135562,37.023115],[68.859446,37.344336],[69.196273,37.151144],[69.518785,37.608997],[70.116578,37.588223],[70.270574,37.735165],[70.376304,38.138396],[70.806821,38.486282],[71.348131,38.258905],[71.239404,37.953265],[71.541918,37.905774],[71.448693,37.065645],[71.844638,36.738171],[72.193041,36.948288],[72.63689,37.047558],[73.260056,37.495257],[73.948696,37.421566],[74.980002,37.41999],[75.158028,37.133031],[74.575893,37.020841],[74.067552,36.836176],[72.920025,36.720007],[71.846292,36.509942],[71.262348,36.074388],[71.498768,35.650563],[71.613076,35.153203],[71.115019,34.733126],[71.156773,34.348911],[70.881803,33.988856],[69.930543,34.02012],[70.323594,33.358533],[69.687147,33.105499],[69.262522,32.501944],[69.317764,31.901412],[68.926677,31.620189],[68.556932,31.71331],[67.792689,31.58293],[67.683394,31.303154],[66.938891,31.304911],[66.381458,30.738899],[66.346473,29.887943],[65.046862,29.472181],[64.350419,29.560031],[64.148002,29.340819],[63.550261,29.468331],[62.549857,29.318572],[60.874248,29.829239],[61.781222,30.73585],[61.699314,31.379506],[60.941945,31.548075],[60.863655,32.18292],[60.536078,32.981269],[60.9637,33.528832],[60.52843,33.676446],[60.803193,34.404102],[61.210817,35.650072],[62.230651,35.270664],[62.984662,35.404041],[63.193538,35.857166],[63.982896,36.007957],[64.546479,36.312073],[64.746105,37.111818],[65.588948,37.305217],[65.745631,37.661164],[66.217385,37.39379],[66.518607,37.362784]]]}},{"type":"Feature","properties":{"featurecla":"Admin-0 country","scalerank":1,"LABELRANK":4,"SOVEREIGNT":"Turkmenistan","SOV_A3":"TKM","ADM0_DIF":0,"LEVEL":2,"TYPE":"Sovereign country","TLC":"1","ADMIN":"Turkmenistan","ADM0_A3":"TKM","GEOU_DIF":0,"GEOUNIT":"Turkmenistan","GU_A3":"TKM","SU_DIF":0,"SUBUNIT":"Turkmenistan","SU_A3":"TKM","BRK_DIFF":0,"NAME":"Turkmenistan","NAME_LONG":"Turkmenistan","BRK_A3":"TKM","BRK_NAME":"Turkmenistan","BRK_GROUP":null,"ABBREV":"Turkm.","POSTAL":"TM","FORMAL_EN":"Turkmenistan","FORMAL_FR":null,"NAME_CIAWF":"Turkmenistan","NOTE_ADM0":null,"NOTE_BRK":null,"NAME_SORT":"Turkmenistan","NAME_ALT":null,"MAPCOLOR7":3,"MAPCOLOR8":2,"MAPCOLOR9":1,"MAPCOLOR13":9,"POP_EST":5942089,"POP_RANK":13,"POP_YEAR":2019,"GDP_MD":40761,"GDP_YEAR":2018,"ECONOMY":"6. Developing region","INCOME_GRP":"3. Upper middle income","FIPS_10":"TX","ISO_A2":"TM","ISO_A2_EH":"TM","ISO_A3":"TKM","ISO_A3_EH":"TKM","ISO_N3":"795","ISO_N3_EH":"795","UN_A3":"795","WB_A2":"TM","WB_A3":"TKM","WOE_ID":23424972,"WOE_ID_EH":23424972,"WOE_NOTE":"Exact WOE match as country","ADM0_ISO":"TKM","ADM0_DIFF":null,"ADM0_TLC":"TKM","ADM0_A3_US":"TKM","ADM0_A3_FR":"TKM","ADM0_A3_RU":"TKM","ADM0_A3_ES":"TKM","ADM0_A3_CN":"TKM","ADM0_A3_TW":"TKM","ADM0_A3_IN":"TKM","ADM0_A3_NP":"TKM","ADM0_A3_PK":"TKM","ADM0_A3_DE":"TKM","ADM0_A3_GB":"TKM","ADM0_A3_BR":"TKM","ADM0_A3_IL":"TKM","ADM0_A3_PS":"TKM","ADM0_A3_SA":"TKM","ADM0_A3_EG":"TKM","ADM0_A3_MA":"TKM","ADM0_A3_PT":"TKM","ADM0_A3_AR":"TKM","ADM0_A3_JP":"TKM","ADM0_A3_KO":"TKM","ADM0_A3_VN":"TKM","ADM0_A3_TR":"TKM","ADM0_A3_ID":"TKM","ADM0_A3_PL":"TKM","ADM0_A3_GR":"TKM","ADM0_A3_IT":"TKM","ADM0_A3_NL":"TKM","ADM0_A3_SE":"TKM","ADM0_A3_BD":"TKM","ADM0_A3_UA":"TKM","ADM0_A3_UN":-99,"ADM0_A3_WB":-99,"CONTINENT":"Asia","REGION_UN":"Asia","SUBREGION":"Central Asia","REGION_WB":"Europe & Central Asia","NAME_LEN":12,"LONG_LEN":12,"ABBREV_LEN":6,"TINY":-99,"HOMEPART":1,"MIN_ZOOM":0,"MIN_LABEL":3,"MAX_LABEL":8,"LABEL_X":58.676647,"LABEL_Y":39.855246,"NE_ID":1159321309,"WIKIDATAID":"Q874","NAME_AR":"تركمانستان","NAME_BN":"তুর্কমেনিস্তান","NAME_DE":"Turkmenistan","NAME_EN":"Turkmenistan","NAME_ES":"Turkmenistán","NAME_FA":"ترکمنستان","NAME_FR":"Turkménistan","NAME_EL":"Τουρκμενιστάν","NAME_HE":"טורקמניסטן","NAME_HI":"तुर्कमेनिस्तान","NAME_HU":"Türkmenisztán","NAME_ID":"Turkmenistan","NAME_IT":"Turkmenistan","NAME_JA":"トルクメニスタン","NAME_KO":"투르크메니스탄","NAME_NL":"Turkmenistan","NAME_PL":"Turkmenistan","NAME_PT":"Turquemenistão","NAME_RU":"Туркмения","NAME_SV":"Turkmenistan","NAME_TR":"Türkmenistan","NAME_UK":"Туркменістан","NAME_UR":"ترکمانستان","NAME_VI":"Turkmenistan","NAME_ZH":"土库曼斯坦","NAME_ZHT":"土庫曼","FCLASS_ISO":"Admin-0 country","TLC_DIFF":null,"FCLASS_TLC":"Admin-0 country","FCLASS_US":null,"FCLASS_FR":null,"FCLASS_RU":null,"FCLASS_ES":null,"FCLASS_CN":null,"FCLASS_TW":null,"FCLASS_IN":null,"FCLASS_NP":null,"FCLASS_PK":null,"FCLASS_DE":null,"FCLASS_GB":null,"FCLASS_BR":null,"FCLASS_IL":null,"FCLASS_PS":null,"FCLASS_SA":null,"FCLASS_EG":null,"FCLASS_MA":null,"FCLASS_PT":null,"FCLASS_AR":null,"FCLASS_JP":null,"FCLASS_KO":null,"FCLASS_VN":null,"FCLASS_TR":null,"FCLASS_ID":null,"FCLASS_PL":null,"FCLASS_GR":null,"FCLASS_IT":null,"FCLASS_NL":null,"FCLASS_SE":null,"FCLASS_BD":null,"FCLASS_UA":null,"layer":"border"},"bbox":[52.50246,35.270664,66.54615,42.751551],"geometry":{"type":"Polygon","coordinates":[[[52.50246,41.783316],[52.944293,42.116034],[54.079418,42.324109],[54.755345,42.043971],[55.455251,41.259859],[55.968191,41.308642],[57.096391,41.32231],[56.932215,41.826026],[57.78653,42.170553],[58.629011,42.751551],[59.976422,42.223082],[60.083341,41.425146],[60.465953,41.220327],[61.547179,41.26637],[61.882714,41.084857],[62.37426,40.053886],[63.518015,39.363257],[64.170223,38.892407],[65.215999,38.402695],[66.54615,37.974685],[66.518607,37.362784],[66.217385,37.39379],[65.745631,37.661164],[65.588948,37.305217],[64.746105,37.111818],[64.546479,36.312073],[63.982896,36.007957],[63.193538,35.857166],[62.984662,35.404041],[62.230651,35.270664],[61.210817,35.650072],[61.123071,36.491597],[60.377638,36.527383],[59.234762,37.412988],[58.436154,37.522309],[57.330434,38.029229],[56.619366,38.121394],[56.180375,37.935127],[55.511578,37.964117],[54.800304,37.392421],[53.921598,37.198918],[53.735511,37.906136],[53.880929,38.952093],[53.101028,39.290574],[53.357808,39.975286],[52.693973,40.033629],[52.915251,40.876523],[53.858139,40.631034],[54.736845,40.951015],[54.008311,41.551211],[53.721713,42.123191],[52.91675,41.868117],[52.814689,41.135371],[52.50246,41.783316]]]}},{"type":"Feature","properties":{"featurecla":"Admin-0 country","scalerank":1,"LABELRANK":2,"SOVEREIGNT":"Iran","SOV_A3":"IRN","ADM0_DIF":0,"LEVEL":2,"TYPE":"Sovereign country","TLC":"1","ADMIN":"Iran","ADM0_A3":"IRN","GEOU_DIF":0,"GEOUNIT":"Iran","GU_A3":"IRN","SU_DIF":0,"SUBUNIT":"Iran","SU_A3":"IRN","BRK_DIFF":0,"NAME":"Iran","NAME_LONG":"Iran","BRK_A3":"IRN","BRK_NAME":"Iran","BRK_GROUP":null,"ABBREV":"Iran","POSTAL":"IRN","FORMAL_EN":"Islamic Republic of Iran","FORMAL_FR":null,"NAME_CIAWF":"Iran","NOTE_ADM0":null,"NOTE_BRK":null,"NAME_SORT":"Iran, Islamic Rep.","NAME_ALT":null,"MAPCOLOR7":4,"MAPCOLOR8":3,"MAPCOLOR9":4,"MAPCOLOR13":13,"POP_EST":82913906,"POP_RANK":16,"POP_YEAR":2019,"GDP_MD":453996,"GDP_YEAR":2018,"ECONOMY":"5. Emerging region: G20","INCOME_GRP":"3. Upper middle income","FIPS_10":"IR","ISO_A2":"IR","ISO_A2_EH":"IR","ISO_A3":"IRN","ISO_A3_EH":"IRN","ISO_N3":"364","ISO_N3_EH":"364","UN_A3":"364","WB_A2":"IR","WB_A3":"IRN","WOE_ID":23424851,"WOE_ID_EH":23424851,"WOE_NOTE":"Exact WOE match as country","ADM0_ISO":"IRN","ADM0_DIFF":null,"ADM0_TLC":"IRN","ADM0_A3_US":"IRN","ADM0_A3_FR":"IRN","ADM0_A3_RU":"IRN","ADM0_A3_ES":"IRN","ADM0_A3_CN":"IRN","ADM0_A3_TW":"IRN","ADM0_A3_IN":"IRN","ADM0_A3_NP":"IRN","ADM0_A3_PK":"IRN","ADM0_A3_DE":"IRN","ADM0_A3_GB":"IRN","ADM0_A3_BR":"IRN","ADM0_A3_IL":"IRN","ADM0_A3_PS":"IRN","ADM0_A3_SA":"IRN","ADM0_A3_EG":"IRN","ADM0_A3_MA":"IRN","ADM0_A3_PT":"IRN","ADM0_A3_AR":"IRN","ADM0_A3_JP":"IRN","ADM0_A3_KO":"IRN","ADM0_A3_VN":"IRN","ADM0_A3_TR":"IRN","ADM0_A3_ID":"IRN","ADM0_A3_PL":"IRN","ADM0_A3_GR":"IRN","ADM0_A3_IT":"IRN","ADM0_A3_NL":"IRN","ADM0_A3_SE":"IRN","ADM0_A3_BD":"IRN","ADM0_A3_UA":"IRN","ADM0_A3_UN":-99,"ADM0_A3_WB":-99,"CONTINENT":"Asia","REGION_UN":"Asia","SUBREGION":"Southern Asia","REGION_WB":"Middle East & North Africa","NAME_LEN":4,"LONG_LEN":4,"ABBREV_LEN":4,"TINY":-99,"HOMEPART":1,"MIN_ZOOM":0,"MIN_LABEL":2.5,"MAX_LABEL":6.7,"LABEL_X":54.931495,"LABEL_Y":32.166225,"NE_ID":1159320881,"WIKIDATAID":"Q794","NAME_AR":"إيران","NAME_BN":"ইরান","NAME_DE":"Iran","NAME_EN":"Iran","NAME_ES":"Irán","NAME_FA":"ایران","NAME_FR":"Iran","NAME_EL":"Ιράν","NAME_HE":"איראן","NAME_HI":"ईरान","NAME_HU":"Irán","NAME_ID":"Iran","NAME_IT":"Iran","NAME_JA":"イラン","NAME_KO":"이란","NAME_NL":"Iran","NAME_PL":"Iran","NAME_PT":"Irão","NAME_RU":"Иран","NAME_SV":"Iran","NAME_TR":"İran","NAME_UK":"Іран","NAME_UR":"ایران","NAME_VI":"Iran","NAME_ZH":"伊朗","NAME_ZHT":"伊朗","FCLASS_ISO":"Admin-0 country","TLC_DIFF":null,"FCLASS_TLC":"Admin-0 country","FCLASS_US":null,"FCLASS_FR":null,"FCLASS_RU":null,"FCLASS_ES":null,"FCLASS_CN":null,"FCLASS_TW":null,"FCLASS_IN":null,"FCLASS_NP":null,"FCLASS_PK":null,"FCLASS_DE":null,"FCLASS_GB":null,"FCLASS_BR":null,"FCLASS_IL":null,"FCLASS_PS":null,"FCLASS_SA":null,"FCLASS_EG":null,"FCLASS_MA":null,"FCLASS_PT":null,"FCLASS_AR":null,"FCLASS_JP":null,"FCLASS_KO":null,"FCLASS_VN":null,"FCLASS_TR":null,"FCLASS_ID":null,"FCLASS_PL":null,"FCLASS_GR":null,"FCLASS_IT":null,"FCLASS_NL":null,"FCLASS_SE":null,"FCLASS_BD":null,"FCLASS_UA":null,"layer":"border"},"bbox":[44.109225,25.078237,63.316632,39.713003],"geometry":{"type":"Polygon","coordinates":[[[48.567971,29.926778],[48.014568,30.452457],[48.004698,30.985137],[47.685286,30.984853],[47.849204,31.709176],[47.334661,32.469155],[46.109362,33.017287],[45.416691,33.967798],[45.64846,34.748138],[46.151788,35.093259],[46.07634,35.677383],[45.420618,35.977546],[44.772677,37.170437],[44.77267,37.17045],[44.225756,37.971584],[44.421403,38.281281],[44.109225,39.428136],[44.79399,39.713003],[44.952688,39.335765],[45.457722,38.874139],[46.143623,38.741201],[46.50572,38.770605],[47.685079,39.508364],[48.060095,39.582235],[48.355529,39.288765],[48.010744,38.794015],[48.634375,38.270378],[48.883249,38.320245],[49.199612,37.582874],[50.147771,37.374567],[50.842354,36.872814],[52.264025,36.700422],[53.82579,36.965031],[53.921598,37.198918],[54.800304,37.392421],[55.511578,37.964117],[56.180375,37.935127],[56.619366,38.121394],[57.330434,38.029229],[58.436154,37.522309],[59.234762,37.412988],[60.377638,36.527383],[61.123071,36.491597],[61.210817,35.650072],[60.803193,34.404102],[60.52843,33.676446],[60.9637,33.528832],[60.536078,32.981269],[60.863655,32.18292],[60.941945,31.548075],[61.699314,31.379506],[61.781222,30.73585],[60.874248,29.829239],[61.369309,29.303276],[61.771868,28.699334],[62.72783,28.259645],[62.755426,27.378923],[63.233898,27.217047],[63.316632,26.756532],[61.874187,26.239975],[61.497363,25.078237],[59.616134,25.380157],[58.525761,25.609962],[57.397251,25.739902],[56.970766,26.966106],[56.492139,27.143305],[55.72371,26.964633],[54.71509,26.480658],[53.493097,26.812369],[52.483598,27.580849],[51.520763,27.86569],[50.852948,28.814521],[50.115009,30.147773],[49.57685,29.985715],[48.941333,30.31709],[48.567971,29.926778]]]}},{"type":"Feature","properties":{"featurecla":"Admin-0 country","scalerank":1,"LABELRANK":3,"SOVEREIGNT":"Syria","SOV_A3":"SYR","ADM0_DIF":0,"LEVEL":2,"TYPE":"Sovereign country","TLC":"1","ADMIN":"Syria","ADM0_A3":"SYR","GEOU_DIF":0,"GEOUNIT":"Syria","GU_A3":"SYR","SU_DIF":0,"SUBUNIT":"Syria","SU_A3":"SYR","BRK_DIFF":0,"NAME":"Syria","NAME_LONG":"Syria","BRK_A3":"SYR","BRK_NAME":"Syria","BRK_GROUP":null,"ABBREV":"Syria","POSTAL":"SYR","FORMAL_EN":"Syrian Arab Republic","FORMAL_FR":null,"NAME_CIAWF":"Syria","NOTE_ADM0":null,"NOTE_BRK":null,"NAME_SORT":"Syrian Arab Republic","NAME_ALT":null,"MAPCOLOR7":2,"MAPCOLOR8":6,"MAPCOLOR9":2,"MAPCOLOR13":6,"POP_EST":17070135,"POP_RANK":14,"POP_YEAR":2019,"GDP_MD":98830,"GDP_YEAR":2015,"ECONOMY":"6. Developing region","INCOME_GRP":"4. Lower middle income","FIPS_10":"SY","ISO_A2":"SY","ISO_A2_EH":"SY","ISO_A3":"SYR","ISO_A3_EH":"SYR","ISO_N3":"760","ISO_N3_EH":"760","UN_A3":"760","WB_A2":"SY","WB_A3":"SYR","WOE_ID":23424956,"WOE_ID_EH":23424956,"WOE_NOTE":"Exact WOE match as country","ADM0_ISO":"SYR","ADM0_DIFF":null,"ADM0_TLC":"SYR","ADM0_A3_US":"SYR","ADM0_A3_FR":"SYR","ADM0_A3_RU":"SYR","ADM0_A3_ES":"SYR","ADM0_A3_CN":"SYR","ADM0_A3_TW":"SYR","ADM0_A3_IN":"SYR","ADM0_A3_NP":"SYR","ADM0_A3_PK":"SYR","ADM0_A3_DE":"SYR","ADM0_A3_GB":"SYR","ADM0_A3_BR":"SYR","ADM0_A3_IL":"SYR","ADM0_A3_PS":"SYR","ADM0_A3_SA":"SYR","ADM0_A3_EG":"SYR","ADM0_A3_MA":"SYR","ADM0_A3_PT":"SYR","ADM0_A3_AR":"SYR","ADM0_A3_JP":"SYR","ADM0_A3_KO":"SYR","ADM0_A3_VN":"SYR","ADM0_A3_TR":"SYR","ADM0_A3_ID":"SYR","ADM0_A3_PL":"SYR","ADM0_A3_GR":"SYR","ADM0_A3_IT":"SYR","ADM0_A3_NL":"SYR","ADM0_A3_SE":"SYR","ADM0_A3_BD":"SYR","ADM0_A3_UA":"SYR","ADM0_A3_UN":-99,"ADM0_A3_WB":-99,"CONTINENT":"Asia","REGION_UN":"Asia","SUBREGION":"Western Asia","REGION_WB":"Middle East & North Africa","NAME_LEN":5,"LONG_LEN":5,"ABBREV_LEN":5,"TINY":-99,"HOMEPART":1,"MIN_ZOOM":0,"MIN_LABEL":3,"MAX_LABEL":8,"LABEL_X":38.277783,"LABEL_Y":35.006636,"NE_ID":1159321295,"WIKIDATAID":"Q858","NAME_AR":"سوريا","NAME_BN":"সিরিয়া","NAME_DE":"Syrien","NAME_EN":"Syria","NAME_ES":"Siria","NAME_FA":"سوریه","NAME_FR":"Syrie","NAME_EL":"Συρία","NAME_HE":"סוריה","NAME_HI":"सीरिया","NAME_HU":"Szíria","NAME_ID":"Suriah","NAME_IT":"Siria","NAME_JA":"シリア","NAME_KO":"시리아","NAME_NL":"Syrië","NAME_PL":"Syria","NAME_PT":"Síria","NAME_RU":"Сирия","NAME_SV":"Syrien","NAME_TR":"Suriye","NAME_UK":"Сирія","NAME_UR":"سوریہ","NAME_VI":"Syria","NAME_ZH":"叙利亚","NAME_ZHT":"敘利亞","FCLASS_ISO":"Admin-0 country","TLC_DIFF":null,"FCLASS_TLC":"Admin-0 country","FCLASS_US":null,"FCLASS_FR":null,"FCLASS_RU":null,"FCLASS_ES":null,"FCLASS_CN":null,"FCLASS_TW":null,"FCLASS_IN":null,"FCLASS_NP":null,"FCLASS_PK":null,"FCLASS_DE":null,"FCLASS_GB":null,"FCLASS_BR":null,"FCLASS_IL":null,"FCLASS_PS":null,"FCLASS_SA":null,"FCLASS_EG":null,"FCLASS_MA":null,"FCLASS_PT":null,"FCLASS_AR":null,"FCLASS_JP":null,"FCLASS_KO":null,"FCLASS_VN":null,"FCLASS_TR":null,"FCLASS_ID":null,"FCLASS_PL":null,"FCLASS_GR":null,"FCLASS_IT":null,"FCLASS_NL":null,"FCLASS_SE":null,"FCLASS_BD":null,"FCLASS_UA":null,"layer":"border"},"bbox":[35.700798,32.312938,42.349591,37.229873],"geometry":{"type":"Polygon","coordinates":[[[35.719918,32.709192],[35.700798,32.716014],[35.836397,32.868123],[35.821101,33.277426],[36.06646,33.824912],[36.61175,34.201789],[36.448194,34.593935],[35.998403,34.644914],[35.905023,35.410009],[36.149763,35.821535],[36.41755,36.040617],[36.685389,36.259699],[36.739494,36.81752],[37.066761,36.623036],[38.167727,36.90121],[38.699891,36.712927],[39.52258,36.716054],[40.673259,37.091276],[41.212089,37.074352],[42.349591,37.229873],[41.837064,36.605854],[41.289707,36.358815],[41.383965,35.628317],[41.006159,34.419372],[38.792341,33.378686],[36.834062,32.312938],[35.719918,32.709192]]]}},{"type":"Feature","properties":{"featurecla":"Admin-0 country","scalerank":1,"LABELRANK":6,"SOVEREIGNT":"Armenia","SOV_A3":"ARM","ADM0_DIF":0,"LEVEL":2,"TYPE":"Sovereign country","TLC":"1","ADMIN":"Armenia","ADM0_A3":"ARM","GEOU_DIF":0,"GEOUNIT":"Armenia","GU_A3":"ARM","SU_DIF":0,"SUBUNIT":"Armenia","SU_A3":"ARM","BRK_DIFF":0,"NAME":"Armenia","NAME_LONG":"Armenia","BRK_A3":"ARM","BRK_NAME":"Armenia","BRK_GROUP":null,"ABBREV":"Arm.","POSTAL":"ARM","FORMAL_EN":"Republic of Armenia","FORMAL_FR":null,"NAME_CIAWF":"Armenia","NOTE_ADM0":null,"NOTE_BRK":null,"NAME_SORT":"Armenia","NAME_ALT":null,"MAPCOLOR7":3,"MAPCOLOR8":1,"MAPCOLOR9":2,"MAPCOLOR13":10,"POP_EST":2957731,"POP_RANK":12,"POP_YEAR":2019,"GDP_MD":13672,"GDP_YEAR":2019,"ECONOMY":"6. Developing region","INCOME_GRP":"4. Lower middle income","FIPS_10":"AM","ISO_A2":"AM","ISO_A2_EH":"AM","ISO_A3":"ARM","ISO_A3_EH":"ARM","ISO_N3":"051","ISO_N3_EH":"051","UN_A3":"051","WB_A2":"AM","WB_A3":"ARM","WOE_ID":23424743,"WOE_ID_EH":23424743,"WOE_NOTE":"Exact WOE match as country","ADM0_ISO":"ARM","ADM0_DIFF":null,"ADM0_TLC":"ARM","ADM0_A3_US":"ARM","ADM0_A3_FR":"ARM","ADM0_A3_RU":"ARM","ADM0_A3_ES":"ARM","ADM0_A3_CN":"ARM","ADM0_A3_TW":"ARM","ADM0_A3_IN":"ARM","ADM0_A3_NP":"ARM","ADM0_A3_PK":"ARM","ADM0_A3_DE":"ARM","ADM0_A3_GB":"ARM","ADM0_A3_BR":"ARM","ADM0_A3_IL":"ARM","ADM0_A3_PS":"ARM","ADM0_A3_SA":"ARM","ADM0_A3_EG":"ARM","ADM0_A3_MA":"ARM","ADM0_A3_PT":"ARM","ADM0_A3_AR":"ARM","ADM0_A3_JP":"ARM","ADM0_A3_KO":"ARM","ADM0_A3_VN":"ARM","ADM0_A3_TR":"ARM","ADM0_A3_ID":"ARM","ADM0_A3_PL":"ARM","ADM0_A3_GR":"ARM","ADM0_A3_IT":"ARM","ADM0_A3_NL":"ARM","ADM0_A3_SE":"ARM","ADM0_A3_BD":"ARM","ADM0_A3_UA":"ARM","ADM0_A3_UN":-99,"ADM0_A3_WB":-99,"CONTINENT":"Asia","REGION_UN":"Asia","SUBREGION":"Western Asia","REGION_WB":"Europe & Central Asia","NAME_LEN":7,"LONG_LEN":7,"ABBREV_LEN":4,"TINY":-99,"HOMEPART":1,"MIN_ZOOM":0,"MIN_LABEL":5,"MAX_LABEL":10,"LABEL_X":44.800564,"LABEL_Y":40.459077,"NE_ID":1159320333,"WIKIDATAID":"Q399","NAME_AR":"أرمينيا","NAME_BN":"আর্মেনিয়া","NAME_DE":"Armenien","NAME_EN":"Armenia","NAME_ES":"Armenia","NAME_FA":"ارمنستان","NAME_FR":"Arménie","NAME_EL":"Αρμενία","NAME_HE":"ארמניה","NAME_HI":"आर्मीनिया","NAME_HU":"Örményország","NAME_ID":"Armenia","NAME_IT":"Armenia","NAME_JA":"アルメニア","NAME_KO":"아르메니아","NAME_NL":"Armenië","NAME_PL":"Armenia","NAME_PT":"Arménia","NAME_RU":"Армения","NAME_SV":"Armenien","NAME_TR":"Ermenistan","NAME_UK":"Вірменія","NAME_UR":"آرمینیا","NAME_VI":"Armenia","NAME_ZH":"亚美尼亚","NAME_ZHT":"亞美尼亞","FCLASS_ISO":"Admin-0 country","TLC_DIFF":null,"FCLASS_TLC":"Admin-0 country","FCLASS_US":null,"FCLASS_FR":null,"FCLASS_RU":null,"FCLASS_ES":null,"FCLASS_CN":null,"FCLASS_TW":null,"FCLASS_IN":null,"FCLASS_NP":null,"FCLASS_PK":null,"FCLASS_DE":null,"FCLASS_GB":null,"FCLASS_BR":null,"FCLASS_IL":null,"FCLASS_PS":null,"FCLASS_SA":null,"FCLASS_EG":null,"FCLASS_MA":null,"FCLASS_PT":null,"FCLASS_AR":null,"FCLASS_JP":null,"FCLASS_KO":null,"FCLASS_VN":null,"FCLASS_TR":null,"FCLASS_ID":null,"FCLASS_PL":null,"FCLASS_GR":null,"FCLASS_IT":null,"FCLASS_NL":null,"FCLASS_SE":null,"FCLASS_BD":null,"FCLASS_UA":null,"layer":"border"},"bbox":[43.582746,38.741201,46.50572,41.248129],"geometry":{"type":"Polygon","coordinates":[[[46.50572,38.770605],[46.143623,38.741201],[45.735379,39.319719],[45.739978,39.473999],[45.298145,39.471751],[45.001987,39.740004],[44.79399,39.713003],[44.400009,40.005],[43.656436,40.253564],[43.752658,40.740201],[43.582746,41.092143],[44.97248,41.248129],[45.179496,40.985354],[45.560351,40.81229],[45.359175,40.561504],[45.891907,40.218476],[45.610012,39.899994],[46.034534,39.628021],[46.483499,39.464155],[46.50572,38.770605]]]}},{"type":"Feature","properties":{"featurecla":"Admin-0 country","scalerank":1,"LABELRANK":3,"SOVEREIGNT":"Romania","SOV_A3":"ROU","ADM0_DIF":0,"LEVEL":2,"TYPE":"Sovereign country","TLC":"1","ADMIN":"Romania","ADM0_A3":"ROU","GEOU_DIF":0,"GEOUNIT":"Romania","GU_A3":"ROU","SU_DIF":0,"SUBUNIT":"Romania","SU_A3":"ROU","BRK_DIFF":0,"NAME":"Romania","NAME_LONG":"Romania","BRK_A3":"ROU","BRK_NAME":"Romania","BRK_GROUP":null,"ABBREV":"Rom.","POSTAL":"RO","FORMAL_EN":"Romania","FORMAL_FR":null,"NAME_CIAWF":"Romania","NOTE_ADM0":null,"NOTE_BRK":null,"NAME_SORT":"Romania","NAME_ALT":null,"MAPCOLOR7":1,"MAPCOLOR8":4,"MAPCOLOR9":3,"MAPCOLOR13":13,"POP_EST":19356544,"POP_RANK":14,"POP_YEAR":2019,"GDP_MD":250077,"GDP_YEAR":2019,"ECONOMY":"2. Developed region: nonG7","INCOME_GRP":"3. Upper middle income","FIPS_10":"RO","ISO_A2":"RO","ISO_A2_EH":"RO","ISO_A3":"ROU","ISO_A3_EH":"ROU","ISO_N3":"642","ISO_N3_EH":"642","UN_A3":"642","WB_A2":"RO","WB_A3":"ROM","WOE_ID":23424933,"WOE_ID_EH":23424933,"WOE_NOTE":"Exact WOE match as country","ADM0_ISO":"ROU","ADM0_DIFF":null,"ADM0_TLC":"ROU","ADM0_A3_US":"ROU","ADM0_A3_FR":"ROU","ADM0_A3_RU":"ROU","ADM0_A3_ES":"ROU","ADM0_A3_CN":"ROU","ADM0_A3_TW":"ROU","ADM0_A3_IN":"ROU","ADM0_A3_NP":"ROU","ADM0_A3_PK":"ROU","ADM0_A3_DE":"ROU","ADM0_A3_GB":"ROU","ADM0_A3_BR":"ROU","ADM0_A3_IL":"ROU","ADM0_A3_PS":"ROU","ADM0_A3_SA":"ROU","ADM0_A3_EG":"ROU","ADM0_A3_MA":"ROU","ADM0_A3_PT":"ROU","ADM0_A3_AR":"ROU","ADM0_A3_JP":"ROU","ADM0_A3_KO":"ROU","ADM0_A3_VN":"ROU","ADM0_A3_TR":"ROU","ADM0_A3_ID":"ROU","ADM0_A3_PL":"ROU","ADM0_A3_GR":"ROU","ADM0_A3_IT":"ROU","ADM0_A3_NL":"ROU","ADM0_A3_SE":"ROU","ADM0_A3_BD":"ROU","ADM0_A3_UA":"ROU","ADM0_A3_UN":-99,"ADM0_A3_WB":-99,"CONTINENT":"Europe","REGION_UN":"Europe","SUBREGION":"Eastern Europe","REGION_WB":"Europe & Central Asia","NAME_LEN":7,"LONG_LEN":7,"ABBREV_LEN":4,"TINY":-99,"HOMEPART":1,"MIN_ZOOM":0,"MIN_LABEL":3,"MAX_LABEL":8,"LABEL_X":24.972624,"LABEL_Y":45.733237,"NE_ID":1159321199,"WIKIDATAID":"Q218","NAME_AR":"رومانيا","NAME_BN":"রোমানিয়া","NAME_DE":"Rumänien","NAME_EN":"Romania","NAME_ES":"Rumania","NAME_FA":"رومانی","NAME_FR":"Roumanie","NAME_EL":"Ρουμανία","NAME_HE":"רומניה","NAME_HI":"रोमानिया","NAME_HU":"Románia","NAME_ID":"Rumania","NAME_IT":"Romania","NAME_JA":"ルーマニア","NAME_KO":"루마니아","NAME_NL":"Roemenië","NAME_PL":"Rumunia","NAME_PT":"Roménia","NAME_RU":"Румыния","NAME_SV":"Rumänien","NAME_TR":"Romanya","NAME_UK":"Румунія","NAME_UR":"رومانیہ","NAME_VI":"Romania","NAME_ZH":"罗马尼亚","NAME_ZHT":"羅馬尼亞","FCLASS_ISO":"Admin-0 country","TLC_DIFF":null,"FCLASS_TLC":"Admin-0 country","FCLASS_US":null,"FCLASS_FR":null,"FCLASS_RU":null,"FCLASS_ES":null,"FCLASS_CN":null,"FCLASS_TW":null,"FCLASS_IN":null,"FCLASS_NP":null,"FCLASS_PK":null,"FCLASS_DE":null,"FCLASS_GB":null,"FCLASS_BR":null,"FCLASS_IL":null,"FCLASS_PS":null,"FCLASS_SA":null,"FCLASS_EG":null,"FCLASS_MA":null,"FCLASS_PT":null,"FCLASS_AR":null,"FCLASS_JP":null,"FCLASS_KO":null,"FCLASS_VN":null,"FCLASS_TR":null,"FCLASS_ID":null,"FCLASS_PL":null,"FCLASS_GR":null,"FCLASS_IT":null,"FCLASS_NL":null,"FCLASS_SE":null,"FCLASS_BD":null,"FCLASS_UA":null,"layer":"border"},"bbox":[20.220192,43.688445,29.626543,48.220881],"geometry":{"type":"Polygon","coordinates":[[[28.233554,45.488283],[28.679779,45.304031],[29.149725,45.464925],[29.603289,45.293308],[29.626543,45.035391],[29.141612,44.82021],[28.837858,44.913874],[28.558081,43.707462],[27.970107,43.812468],[27.2424,44.175986],[26.065159,43.943494],[25.569272,43.688445],[24.100679,43.741051],[23.332302,43.897011],[22.944832,43.823785],[22.65715,44.234923],[22.474008,44.409228],[22.705726,44.578003],[22.459022,44.702517],[22.145088,44.478422],[21.562023,44.768947],[21.483526,45.18117],[20.874313,45.416375],[20.762175,45.734573],[20.220192,46.127469],[21.021952,46.316088],[21.626515,46.994238],[22.099768,47.672439],[22.710531,47.882194],[23.142236,48.096341],[23.760958,47.985598],[24.402056,47.981878],[24.866317,47.737526],[25.207743,47.891056],[25.945941,47.987149],[26.19745,48.220881],[26.619337,48.220726],[26.924176,48.123264],[27.233873,47.826771],[27.551166,47.405117],[28.12803,46.810476],[28.160018,46.371563],[28.054443,45.944586],[28.233554,45.488283]]]}},{"type":"Feature","properties":{"featurecla":"Admin-0 country","scalerank":1,"LABELRANK":4,"SOVEREIGNT":"Bulgaria","SOV_A3":"BGR","ADM0_DIF":0,"LEVEL":2,"TYPE":"Sovereign country","TLC":"1","ADMIN":"Bulgaria","ADM0_A3":"BGR","GEOU_DIF":0,"GEOUNIT":"Bulgaria","GU_A3":"BGR","SU_DIF":0,"SUBUNIT":"Bulgaria","SU_A3":"BGR","BRK_DIFF":0,"NAME":"Bulgaria","NAME_LONG":"Bulgaria","BRK_A3":"BGR","BRK_NAME":"Bulgaria","BRK_GROUP":null,"ABBREV":"Bulg.","POSTAL":"BG","FORMAL_EN":"Republic of Bulgaria","FORMAL_FR":null,"NAME_CIAWF":"Bulgaria","NOTE_ADM0":null,"NOTE_BRK":null,"NAME_SORT":"Bulgaria","NAME_ALT":null,"MAPCOLOR7":4,"MAPCOLOR8":5,"MAPCOLOR9":1,"MAPCOLOR13":8,"POP_EST":6975761,"POP_RANK":13,"POP_YEAR":2019,"GDP_MD":68558,"GDP_YEAR":2019,"ECONOMY":"2. Developed region: nonG7","INCOME_GRP":"3. Upper middle income","FIPS_10":"BU","ISO_A2":"BG","ISO_A2_EH":"BG","ISO_A3":"BGR","ISO_A3_EH":"BGR","ISO_N3":"100","ISO_N3_EH":"100","UN_A3":"100","WB_A2":"BG","WB_A3":"BGR","WOE_ID":23424771,"WOE_ID_EH":23424771,"WOE_NOTE":"Exact WOE match as country","ADM0_ISO":"BGR","ADM0_DIFF":null,"ADM0_TLC":"BGR","ADM0_A3_US":"BGR","ADM0_A3_FR":"BGR","ADM0_A3_RU":"BGR","ADM0_A3_ES":"BGR","ADM0_A3_CN":"BGR","ADM0_A3_TW":"BGR","ADM0_A3_IN":"BGR","ADM0_A3_NP":"BGR","ADM0_A3_PK":"BGR","ADM0_A3_DE":"BGR","ADM0_A3_GB":"BGR","ADM0_A3_BR":"BGR","ADM0_A3_IL":"BGR","ADM0_A3_PS":"BGR","ADM0_A3_SA":"BGR","ADM0_A3_EG":"BGR","ADM0_A3_MA":"BGR","ADM0_A3_PT":"BGR","ADM0_A3_AR":"BGR","ADM0_A3_JP":"BGR","ADM0_A3_KO":"BGR","ADM0_A3_VN":"BGR","ADM0_A3_TR":"BGR","ADM0_A3_ID":"BGR","ADM0_A3_PL":"BGR","ADM0_A3_GR":"BGR","ADM0_A3_IT":"BGR","ADM0_A3_NL":"BGR","ADM0_A3_SE":"BGR","ADM0_A3_BD":"BGR","ADM0_A3_UA":"BGR","ADM0_A3_UN":-99,"ADM0_A3_WB":-99,"CONTINENT":"Europe","REGION_UN":"Europe","SUBREGION":"Eastern Europe","REGION_WB":"Europe & Central Asia","NAME_LEN":8,"LONG_LEN":8,"ABBREV_LEN":5,"TINY":-99,"HOMEPART":1,"MIN_ZOOM":0,"MIN_LABEL":4,"MAX_LABEL":9,"LABEL_X":25.15709,"LABEL_Y":42.508785,"NE_ID":1159320409,"WIKIDATAID":"Q219","NAME_AR":"بلغاريا","NAME_BN":"বুলগেরিয়া","NAME_DE":"Bulgarien","NAME_EN":"Bulgaria","NAME_ES":"Bulgaria","NAME_FA":"بلغارستان","NAME_FR":"Bulgarie","NAME_EL":"Βουλγαρία","NAME_HE":"בולגריה","NAME_HI":"बुल्गारिया","NAME_HU":"Bulgária","NAME_ID":"Bulgaria","NAME_IT":"Bulgaria","NAME_JA":"ブルガリア","NAME_KO":"불가리아","NAME_NL":"Bulgarije","NAME_PL":"Bułgaria","NAME_PT":"Bulgária","NAME_RU":"Болгария","NAME_SV":"Bulgarien","NAME_TR":"Bulgaristan","NAME_UK":"Болгарія","NAME_UR":"بلغاریہ","NAME_VI":"Bulgaria","NAME_ZH":"保加利亚","NAME_ZHT":"保加利亞","FCLASS_ISO":"Admin-0 country","TLC_DIFF":null,"FCLASS_TLC":"Admin-0 country","FCLASS_US":null,"FCLASS_FR":null,"FCLASS_RU":null,"FCLASS_ES":null,"FCLASS_CN":null,"FCLASS_TW":null,"FCLASS_IN":null,"FCLASS_NP":null,"FCLASS_PK":null,"FCLASS_DE":null,"FCLASS_GB":null,"FCLASS_BR":null,"FCLASS_IL":null,"FCLASS_PS":null,"FCLASS_SA":null,"FCLASS_EG":null,"FCLASS_MA":null,"FCLASS_PT":null,"FCLASS_AR":null,"FCLASS_JP":null,"FCLASS_KO":null,"FCLASS_VN":null,"FCLASS_TR":null,"FCLASS_ID":null,"FCLASS_PL":null,"FCLASS_GR":null,"FCLASS_IT":null,"FCLASS_NL":null,"FCLASS_SE":null,"FCLASS_BD":null,"FCLASS_UA":null,"layer":"border"},"bbox":[22.380526,41.234486,28.558081,44.234923],"geometry":{"type":"Polygon","coordinates":[[[22.65715,44.234923],[22.944832,43.823785],[23.332302,43.897011],[24.100679,43.741051],[25.569272,43.688445],[26.065159,43.943494],[27.2424,44.175986],[27.970107,43.812468],[28.558081,43.707462],[28.039095,43.293172],[27.673898,42.577892],[27.99672,42.007359],[27.135739,42.141485],[26.117042,41.826905],[26.106138,41.328899],[25.197201,41.234486],[24.492645,41.583896],[23.692074,41.309081],[22.952377,41.337994],[22.881374,41.999297],[22.380526,42.32026],[22.545012,42.461362],[22.436595,42.580321],[22.604801,42.898519],[22.986019,43.211161],[22.500157,43.642814],[22.410446,44.008063],[22.65715,44.234923]]]}},{"type":"Feature","properties":{"featurecla":"Admin-0 country","scalerank":1,"LABELRANK":3,"SOVEREIGNT":"Greece","SOV_A3":"GRC","ADM0_DIF":0,"LEVEL":2,"TYPE":"Sovereign country","TLC":"1","ADMIN":"Greece","ADM0_A3":"GRC","GEOU_DIF":0,"GEOUNIT":"Greece","GU_A3":"GRC","SU_DIF":0,"SUBUNIT":"Greece","SU_A3":"GRC","BRK_DIFF":0,"NAME":"Greece","NAME_LONG":"Greece","BRK_A3":"GRC","BRK_NAME":"Greece","BRK_GROUP":null,"ABBREV":"Greece","POSTAL":"GR","FORMAL_EN":"Hellenic Republic","FORMAL_FR":null,"NAME_CIAWF":"Greece","NOTE_ADM0":null,"NOTE_BRK":null,"NAME_SORT":"Greece","NAME_ALT":null,"MAPCOLOR7":2,"MAPCOLOR8":2,"MAPCOLOR9":2,"MAPCOLOR13":9,"POP_EST":10716322,"POP_RANK":14,"POP_YEAR":2019,"GDP_MD":209852,"GDP_YEAR":2019,"ECONOMY":"2. Developed region: nonG7","INCOME_GRP":"1. High income: OECD","FIPS_10":"GR","ISO_A2":"GR","ISO_A2_EH":"GR","ISO_A3":"GRC","ISO_A3_EH":"GRC","ISO_N3":"300","ISO_N3_EH":"300","UN_A3":"300","WB_A2":"GR","WB_A3":"GRC","WOE_ID":23424833,"WOE_ID_EH":23424833,"WOE_NOTE":"Exact WOE match as country","ADM0_ISO":"GRC","ADM0_DIFF":null,"ADM0_TLC":"GRC","ADM0_A3_US":"GRC","ADM0_A3_FR":"GRC","ADM0_A3_RU":"GRC","ADM0_A3_ES":"GRC","ADM0_A3_CN":"GRC","ADM0_A3_TW":"GRC","ADM0_A3_IN":"GRC","ADM0_A3_NP":"GRC","ADM0_A3_PK":"GRC","ADM0_A3_DE":"GRC","ADM0_A3_GB":"GRC","ADM0_A3_BR":"GRC","ADM0_A3_IL":"GRC","ADM0_A3_PS":"GRC","ADM0_A3_SA":"GRC","ADM0_A3_EG":"GRC","ADM0_A3_MA":"GRC","ADM0_A3_PT":"GRC","ADM0_A3_AR":"GRC","ADM0_A3_JP":"GRC","ADM0_A3_KO":"GRC","ADM0_A3_VN":"GRC","ADM0_A3_TR":"GRC","ADM0_A3_ID":"GRC","ADM0_A3_PL":"GRC","ADM0_A3_GR":"GRC","ADM0_A3_IT":"GRC","ADM0_A3_NL":"GRC","ADM0_A3_SE":"GRC","ADM0_A3_BD":"GRC","ADM0_A3_UA":"GRC","ADM0_A3_UN":-99,"ADM0_A3_WB":-99,"CONTINENT":"Europe","REGION_UN":"Europe","SUBREGION":"Southern Europe","REGION_WB":"Europe & Central Asia","NAME_LEN":6,"LONG_LEN":6,"ABBREV_LEN":6,"TINY":-99,"HOMEPART":1,"MIN_ZOOM":0,"MIN_LABEL":2.7,"MAX_LABEL":8,"LABEL_X":21.72568,"LABEL_Y":39.492763,"NE_ID":1159320811,"WIKIDATAID":"Q41","NAME_AR":"اليونان","NAME_BN":"গ্রিস","NAME_DE":"Griechenland","NAME_EN":"Greece","NAME_ES":"Grecia","NAME_FA":"یونان","NAME_FR":"Grèce","NAME_EL":"Ελλάδα","NAME_HE":"יוון","NAME_HI":"यूनान","NAME_HU":"Görögország","NAME_ID":"Yunani","NAME_IT":"Grecia","NAME_JA":"ギリシャ","NAME_KO":"그리스","NAME_NL":"Griekenland","NAME_PL":"Grecja","NAME_PT":"Grécia","NAME_RU":"Греция","NAME_SV":"Grekland","NAME_TR":"Yunanistan","NAME_UK":"Греція","NAME_UR":"یونان","NAME_VI":"Hy Lạp","NAME_ZH":"希腊","NAME_ZHT":"希臘","FCLASS_ISO":"Admin-0 country","TLC_DIFF":null,"FCLASS_TLC":"Admin-0 country","FCLASS_US":null,"FCLASS_FR":null,"FCLASS_RU":null,"FCLASS_ES":null,"FCLASS_CN":null,"FCLASS_TW":null,"FCLASS_IN":null,"FCLASS_NP":null,"FCLASS_PK":null,"FCLASS_DE":null,"FCLASS_GB":null,"FCLASS_BR":null,"FCLASS_IL":null,"FCLASS_PS":null,"FCLASS_SA":null,"FCLASS_EG":null,"FCLASS_MA":null,"FCLASS_PT":null,"FCLASS_AR":null,"FCLASS_JP":null,"FCLASS_KO":null,"FCLASS_VN":null,"FCLASS_TR":null,"FCLASS_ID":null,"FCLASS_PL":null,"FCLASS_GR":null,"FCLASS_IT":null,"FCLASS_NL":null,"FCLASS_SE":null,"FCLASS_BD":null,"FCLASS_UA":null,"layer":"border"},"bbox":[20.150016,34.919988,26.604196,41.826905],"geometry":{"type":"MultiPolygon","coordinates":[[[[26.290003,35.29999],[26.164998,35.004995],[24.724982,34.919988],[24.735007,35.084991],[23.514978,35.279992],[23.69998,35.705004],[24.246665,35.368022],[25.025015,35.424996],[25.769208,35.354018],[25.745023,35.179998],[26.290003,35.29999]]],[[[22.952377,41.337994],[23.692074,41.309081],[24.492645,41.583896],[25.197201,41.234486],[26.106138,41.328899],[26.117042,41.826905],[26.604196,41.562115],[26.294602,40.936261],[26.056942,40.824123],[25.447677,40.852545],[24.925848,40.947062],[23.714811,40.687129],[24.407999,40.124993],[23.899968,39.962006],[23.342999,39.960998],[22.813988,40.476005],[22.626299,40.256561],[22.849748,39.659311],[23.350027,39.190011],[22.973099,38.970903],[23.530016,38.510001],[24.025025,38.219993],[24.040011,37.655015],[23.115003,37.920011],[23.409972,37.409991],[22.774972,37.30501],[23.154225,36.422506],[22.490028,36.41],[21.670026,36.844986],[21.295011,37.644989],[21.120034,38.310323],[20.730032,38.769985],[20.217712,39.340235],[20.150016,39.624998],[20.615,40.110007],[20.674997,40.435],[20.99999,40.580004],[21.02004,40.842727],[21.674161,40.931275],[22.055378,41.149866],[22.597308,41.130487],[22.76177,41.3048],[22.952377,41.337994]]]]}},{"type":"Feature","properties":{"featurecla":"Admin-0 country","scalerank":1,"LABELRANK":2,"SOVEREIGNT":"Turkey","SOV_A3":"TUR","ADM0_DIF":0,"LEVEL":2,"TYPE":"Sovereign country","TLC":"1","ADMIN":"Turkey","ADM0_A3":"TUR","GEOU_DIF":0,"GEOUNIT":"Turkey","GU_A3":"TUR","SU_DIF":0,"SUBUNIT":"Turkey","SU_A3":"TUR","BRK_DIFF":0,"NAME":"Turkey","NAME_LONG":"Turkey","BRK_A3":"TUR","BRK_NAME":"Turkey","BRK_GROUP":null,"ABBREV":"Tur.","POSTAL":"TR","FORMAL_EN":"Republic of Turkey","FORMAL_FR":null,"NAME_CIAWF":"Turkey","NOTE_ADM0":null,"NOTE_BRK":null,"NAME_SORT":"Turkey","NAME_ALT":null,"MAPCOLOR7":6,"MAPCOLOR8":3,"MAPCOLOR9":8,"MAPCOLOR13":4,"POP_EST":83429615,"POP_RANK":16,"POP_YEAR":2019,"GDP_MD":761425,"GDP_YEAR":2019,"ECONOMY":"4. Emerging region: MIKT","INCOME_GRP":"3. Upper middle income","FIPS_10":"TU","ISO_A2":"TR","ISO_A2_EH":"TR","ISO_A3":"TUR","ISO_A3_EH":"TUR","ISO_N3":"792","ISO_N3_EH":"792","UN_A3":"792","WB_A2":"TR","WB_A3":"TUR","WOE_ID":23424969,"WOE_ID_EH":23424969,"WOE_NOTE":"Exact WOE match as country","ADM0_ISO":"TUR","ADM0_DIFF":null,"ADM0_TLC":"TUR","ADM0_A3_US":"TUR","ADM0_A3_FR":"TUR","ADM0_A3_RU":"TUR","ADM0_A3_ES":"TUR","ADM0_A3_CN":"TUR","ADM0_A3_TW":"TUR","ADM0_A3_IN":"TUR","ADM0_A3_NP":"TUR","ADM0_A3_PK":"TUR","ADM0_A3_DE":"TUR","ADM0_A3_GB":"TUR","ADM0_A3_BR":"TUR","ADM0_A3_IL":"TUR","ADM0_A3_PS":"TUR","ADM0_A3_SA":"TUR","ADM0_A3_EG":"TUR","ADM0_A3_MA":"TUR","ADM0_A3_PT":"TUR","ADM0_A3_AR":"TUR","ADM0_A3_JP":"TUR","ADM0_A3_KO":"TUR","ADM0_A3_VN":"TUR","ADM0_A3_TR":"TUR","ADM0_A3_ID":"TUR","ADM0_A3_PL":"TUR","ADM0_A3_GR":"TUR","ADM0_A3_IT":"TUR","ADM0_A3_NL":"TUR","ADM0_A3_SE":"TUR","ADM0_A3_BD":"TUR","ADM0_A3_UA":"TUR","ADM0_A3_UN":-99,"ADM0_A3_WB":-99,"CONTINENT":"Asia","REGION_UN":"Asia","SUBREGION":"Western Asia","REGION_WB":"Europe & Central Asia","NAME_LEN":6,"LONG_LEN":6,"ABBREV_LEN":4,"TINY":-99,"HOMEPART":1,"MIN_ZOOM":0,"MIN_LABEL":2,"MAX_LABEL":7,"LABEL_X":34.508268,"LABEL_Y":39.345388,"NE_ID":1159321331,"WIKIDATAID":"Q43","NAME_AR":"تركيا","NAME_BN":"তুরস্ক","NAME_DE":"Türkei","NAME_EN":"Turkey","NAME_ES":"Turquía","NAME_FA":"ترکیه","NAME_FR":"Turquie","NAME_EL":"Τουρκία","NAME_HE":"טורקיה","NAME_HI":"तुर्की","NAME_HU":"Törökország","NAME_ID":"Turki","NAME_IT":"Turchia","NAME_JA":"トルコ","NAME_KO":"터키","NAME_NL":"Turkije","NAME_PL":"Turcja","NAME_PT":"Turquia","NAME_RU":"Турция","NAME_SV":"Turkiet","NAME_TR":"Türkiye","NAME_UK":"Туреччина","NAME_UR":"ترکی","NAME_VI":"Thổ Nhĩ Kỳ","NAME_ZH":"土耳其","NAME_ZHT":"土耳其","FCLASS_ISO":"Admin-0 country","TLC_DIFF":null,"FCLASS_TLC":"Admin-0 country","FCLASS_US":null,"FCLASS_FR":null,"FCLASS_RU":null,"FCLASS_ES":null,"FCLASS_CN":null,"FCLASS_TW":null,"FCLASS_IN":null,"FCLASS_NP":null,"FCLASS_PK":null,"FCLASS_DE":null,"FCLASS_GB":null,"FCLASS_BR":null,"FCLASS_IL":null,"FCLASS_PS":null,"FCLASS_SA":null,"FCLASS_EG":null,"FCLASS_MA":null,"FCLASS_PT":null,"FCLASS_AR":null,"FCLASS_JP":null,"FCLASS_KO":null,"FCLASS_VN":null,"FCLASS_TR":null,"FCLASS_ID":null,"FCLASS_PL":null,"FCLASS_GR":null,"FCLASS_IT":null,"FCLASS_NL":null,"FCLASS_SE":null,"FCLASS_BD":null,"FCLASS_UA":null,"layer":"border"},"bbox":[26.043351,35.821535,44.79399,42.141485],"geometry":{"type":"MultiPolygon","coordinates":[[[[44.772677,37.170437],[44.293452,37.001514],[43.942259,37.256228],[42.779126,37.385264],[42.349591,37.229873],[41.212089,37.074352],[40.673259,37.091276],[39.52258,36.716054],[38.699891,36.712927],[38.167727,36.90121],[37.066761,36.623036],[36.739494,36.81752],[36.685389,36.259699],[36.41755,36.040617],[36.149763,35.821535],[35.782085,36.274995],[36.160822,36.650606],[35.550936,36.565443],[34.714553,36.795532],[34.026895,36.21996],[32.509158,36.107564],[31.699595,36.644275],[30.621625,36.677865],[30.391096,36.262981],[29.699976,36.144357],[28.732903,36.676831],[27.641187,36.658822],[27.048768,37.653361],[26.318218,38.208133],[26.8047,38.98576],[26.170785,39.463612],[27.28002,40.420014],[28.819978,40.460011],[29.240004,41.219991],[31.145934,41.087622],[32.347979,41.736264],[33.513283,42.01896],[35.167704,42.040225],[36.913127,41.335358],[38.347665,40.948586],[39.512607,41.102763],[40.373433,41.013673],[41.554084,41.535656],[42.619549,41.583173],[43.582746,41.092143],[43.752658,40.740201],[43.656436,40.253564],[44.400009,40.005],[44.79399,39.713003],[44.109225,39.428136],[44.421403,38.281281],[44.225756,37.971584],[44.77267,37.17045],[44.772677,37.170437]]],[[[26.117042,41.826905],[27.135739,42.141485],[27.99672,42.007359],[28.115525,41.622886],[28.988443,41.299934],[28.806438,41.054962],[27.619017,40.999823],[27.192377,40.690566],[26.358009,40.151994],[26.043351,40.617754],[26.056942,40.824123],[26.294602,40.936261],[26.604196,41.562115],[26.117042,41.826905]]]]}},{"type":"Feature","properties":{"featurecla":"Admin-0 country","scalerank":1,"LABELRANK":6,"SOVEREIGNT":"Albania","SOV_A3":"ALB","ADM0_DIF":0,"LEVEL":2,"TYPE":"Sovereign country","TLC":"1","ADMIN":"Albania","ADM0_A3":"ALB","GEOU_DIF":0,"GEOUNIT":"Albania","GU_A3":"ALB","SU_DIF":0,"SUBUNIT":"Albania","SU_A3":"ALB","BRK_DIFF":0,"NAME":"Albania","NAME_LONG":"Albania","BRK_A3":"ALB","BRK_NAME":"Albania","BRK_GROUP":null,"ABBREV":"Alb.","POSTAL":"AL","FORMAL_EN":"Republic of Albania","FORMAL_FR":null,"NAME_CIAWF":"Albania","NOTE_ADM0":null,"NOTE_BRK":null,"NAME_SORT":"Albania","NAME_ALT":null,"MAPCOLOR7":1,"MAPCOLOR8":4,"MAPCOLOR9":1,"MAPCOLOR13":6,"POP_EST":2854191,"POP_RANK":12,"POP_YEAR":2019,"GDP_MD":15279,"GDP_YEAR":2019,"ECONOMY":"6. Developing region","INCOME_GRP":"4. Lower middle income","FIPS_10":"AL","ISO_A2":"AL","ISO_A2_EH":"AL","ISO_A3":"ALB","ISO_A3_EH":"ALB","ISO_N3":"008","ISO_N3_EH":"008","UN_A3":"008","WB_A2":"AL","WB_A3":"ALB","WOE_ID":23424742,"WOE_ID_EH":23424742,"WOE_NOTE":"Exact WOE match as country","ADM0_ISO":"ALB","ADM0_DIFF":null,"ADM0_TLC":"ALB","ADM0_A3_US":"ALB","ADM0_A3_FR":"ALB","ADM0_A3_RU":"ALB","ADM0_A3_ES":"ALB","ADM0_A3_CN":"ALB","ADM0_A3_TW":"ALB","ADM0_A3_IN":"ALB","ADM0_A3_NP":"ALB","ADM0_A3_PK":"ALB","ADM0_A3_DE":"ALB","ADM0_A3_GB":"ALB","ADM0_A3_BR":"ALB","ADM0_A3_IL":"ALB","ADM0_A3_PS":"ALB","ADM0_A3_SA":"ALB","ADM0_A3_EG":"ALB","ADM0_A3_MA":"ALB","ADM0_A3_PT":"ALB","ADM0_A3_AR":"ALB","ADM0_A3_JP":"ALB","ADM0_A3_KO":"ALB","ADM0_A3_VN":"ALB","ADM0_A3_TR":"ALB","ADM0_A3_ID":"ALB","ADM0_A3_PL":"ALB","ADM0_A3_GR":"ALB","ADM0_A3_IT":"ALB","ADM0_A3_NL":"ALB","ADM0_A3_SE":"ALB","ADM0_A3_BD":"ALB","ADM0_A3_UA":"ALB","ADM0_A3_UN":-99,"ADM0_A3_WB":-99,"CONTINENT":"Europe","REGION_UN":"Europe","SUBREGION":"Southern Europe","REGION_WB":"Europe & Central Asia","NAME_LEN":7,"LONG_LEN":7,"ABBREV_LEN":4,"TINY":-99,"HOMEPART":1,"MIN_ZOOM":0,"MIN_LABEL":5,"MAX_LABEL":10,"LABEL_X":20.11384,"LABEL_Y":40.654855,"NE_ID":1159320325,"WIKIDATAID":"Q222","NAME_AR":"ألبانيا","NAME_BN":"আলবেনিয়া","NAME_DE":"Albanien","NAME_EN":"Albania","NAME_ES":"Albania","NAME_FA":"آلبانی","NAME_FR":"Albanie","NAME_EL":"Αλβανία","NAME_HE":"אלבניה","NAME_HI":"अल्बानिया","NAME_HU":"Albánia","NAME_ID":"Albania","NAME_IT":"Albania","NAME_JA":"アルバニア","NAME_KO":"알바니아","NAME_NL":"Albanië","NAME_PL":"Albania","NAME_PT":"Albânia","NAME_RU":"Албания","NAME_SV":"Albanien","NAME_TR":"Arnavutluk","NAME_UK":"Албанія","NAME_UR":"البانیا","NAME_VI":"Albania","NAME_ZH":"阿尔巴尼亚","NAME_ZHT":"阿爾巴尼亞","FCLASS_ISO":"Admin-0 country","TLC_DIFF":null,"FCLASS_TLC":"Admin-0 country","FCLASS_US":null,"FCLASS_FR":null,"FCLASS_RU":null,"FCLASS_ES":null,"FCLASS_CN":null,"FCLASS_TW":null,"FCLASS_IN":null,"FCLASS_NP":null,"FCLASS_PK":null,"FCLASS_DE":null,"FCLASS_GB":null,"FCLASS_BR":null,"FCLASS_IL":null,"FCLASS_PS":null,"FCLASS_SA":null,"FCLASS_EG":null,"FCLASS_MA":null,"FCLASS_PT":null,"FCLASS_AR":null,"FCLASS_JP":null,"FCLASS_KO":null,"FCLASS_VN":null,"FCLASS_TR":null,"FCLASS_ID":null,"FCLASS_PL":null,"FCLASS_GR":null,"FCLASS_IT":null,"FCLASS_NL":null,"FCLASS_SE":null,"FCLASS_BD":null,"FCLASS_UA":null,"layer":"border"},"bbox":[19.304486,39.624998,21.02004,42.688247],"geometry":{"type":"Polygon","coordinates":[[[21.02004,40.842727],[20.99999,40.580004],[20.674997,40.435],[20.615,40.110007],[20.150016,39.624998],[19.98,39.694993],[19.960002,39.915006],[19.406082,40.250773],[19.319059,40.72723],[19.40355,41.409566],[19.540027,41.719986],[19.371769,41.877548],[19.371768,41.877551],[19.304486,42.195745],[19.738051,42.688247],[19.801613,42.500093],[20.0707,42.58863],[20.283755,42.32026],[20.52295,42.21787],[20.590247,41.855409],[20.590247,41.855404],[20.463175,41.515089],[20.605182,41.086226],[21.02004,40.842727]]]}},{"type":"Feature","properties":{"featurecla":"Admin-0 country","scalerank":1,"LABELRANK":6,"SOVEREIGNT":"Croatia","SOV_A3":"HRV","ADM0_DIF":0,"LEVEL":2,"TYPE":"Sovereign country","TLC":"1","ADMIN":"Croatia","ADM0_A3":"HRV","GEOU_DIF":0,"GEOUNIT":"Croatia","GU_A3":"HRV","SU_DIF":0,"SUBUNIT":"Croatia","SU_A3":"HRV","BRK_DIFF":0,"NAME":"Croatia","NAME_LONG":"Croatia","BRK_A3":"HRV","BRK_NAME":"Croatia","BRK_GROUP":null,"ABBREV":"Cro.","POSTAL":"HR","FORMAL_EN":"Republic of Croatia","FORMAL_FR":null,"NAME_CIAWF":"Croatia","NOTE_ADM0":null,"NOTE_BRK":null,"NAME_SORT":"Croatia","NAME_ALT":null,"MAPCOLOR7":5,"MAPCOLOR8":4,"MAPCOLOR9":5,"MAPCOLOR13":1,"POP_EST":4067500,"POP_RANK":12,"POP_YEAR":2019,"GDP_MD":60752,"GDP_YEAR":2019,"ECONOMY":"2. Developed region: nonG7","INCOME_GRP":"2. High income: nonOECD","FIPS_10":"HR","ISO_A2":"HR","ISO_A2_EH":"HR","ISO_A3":"HRV","ISO_A3_EH":"HRV","ISO_N3":"191","ISO_N3_EH":"191","UN_A3":"191","WB_A2":"HR","WB_A3":"HRV","WOE_ID":23424843,"WOE_ID_EH":23424843,"WOE_NOTE":"Exact WOE match as country","ADM0_ISO":"HRV","ADM0_DIFF":null,"ADM0_TLC":"HRV","ADM0_A3_US":"HRV","ADM0_A3_FR":"HRV","ADM0_A3_RU":"HRV","ADM0_A3_ES":"HRV","ADM0_A3_CN":"HRV","ADM0_A3_TW":"HRV","ADM0_A3_IN":"HRV","ADM0_A3_NP":"HRV","ADM0_A3_PK":"HRV","ADM0_A3_DE":"HRV","ADM0_A3_GB":"HRV","ADM0_A3_BR":"HRV","ADM0_A3_IL":"HRV","ADM0_A3_PS":"HRV","ADM0_A3_SA":"HRV","ADM0_A3_EG":"HRV","ADM0_A3_MA":"HRV","ADM0_A3_PT":"HRV","ADM0_A3_AR":"HRV","ADM0_A3_JP":"HRV","ADM0_A3_KO":"HRV","ADM0_A3_VN":"HRV","ADM0_A3_TR":"HRV","ADM0_A3_ID":"HRV","ADM0_A3_PL":"HRV","ADM0_A3_GR":"HRV","ADM0_A3_IT":"HRV","ADM0_A3_NL":"HRV","ADM0_A3_SE":"HRV","ADM0_A3_BD":"HRV","ADM0_A3_UA":"HRV","ADM0_A3_UN":-99,"ADM0_A3_WB":-99,"CONTINENT":"Europe","REGION_UN":"Europe","SUBREGION":"Southern Europe","REGION_WB":"Europe & Central Asia","NAME_LEN":7,"LONG_LEN":7,"ABBREV_LEN":4,"TINY":-99,"HOMEPART":1,"MIN_ZOOM":0,"MIN_LABEL":4,"MAX_LABEL":9,"LABEL_X":16.37241,"LABEL_Y":45.805799,"NE_ID":1159320833,"WIKIDATAID":"Q224","NAME_AR":"كرواتيا","NAME_BN":"ক্রোয়েশিয়া","NAME_DE":"Kroatien","NAME_EN":"Croatia","NAME_ES":"Croacia","NAME_FA":"کرواسی","NAME_FR":"Croatie","NAME_EL":"Κροατία","NAME_HE":"קרואטיה","NAME_HI":"क्रोएशिया","NAME_HU":"Horvátország","NAME_ID":"Kroasia","NAME_IT":"Croazia","NAME_JA":"クロアチア","NAME_KO":"크로아티아","NAME_NL":"Kroatië","NAME_PL":"Chorwacja","NAME_PT":"Croácia","NAME_RU":"Хорватия","NAME_SV":"Kroatien","NAME_TR":"Hırvatistan","NAME_UK":"Хорватія","NAME_UR":"کروشیا","NAME_VI":"Croatia","NAME_ZH":"克罗地亚","NAME_ZHT":"克羅地亞","FCLASS_ISO":"Admin-0 country","TLC_DIFF":null,"FCLASS_TLC":"Admin-0 country","FCLASS_US":null,"FCLASS_FR":null,"FCLASS_RU":null,"FCLASS_ES":null,"FCLASS_CN":null,"FCLASS_TW":null,"FCLASS_IN":null,"FCLASS_NP":null,"FCLASS_PK":null,"FCLASS_DE":null,"FCLASS_GB":null,"FCLASS_BR":null,"FCLASS_IL":null,"FCLASS_PS":null,"FCLASS_SA":null,"FCLASS_EG":null,"FCLASS_MA":null,"FCLASS_PT":null,"FCLASS_AR":null,"FCLASS_JP":null,"FCLASS_KO":null,"FCLASS_VN":null,"FCLASS_TR":null,"FCLASS_ID":null,"FCLASS_PL":null,"FCLASS_GR":null,"FCLASS_IT":null,"FCLASS_NL":null,"FCLASS_SE":null,"FCLASS_BD":null,"FCLASS_UA":null,"layer":"border"},"bbox":[13.656976,42.479991,19.390476,46.503751],"geometry":{"type":"Polygon","coordinates":[[[16.564808,46.503751],[16.882515,46.380632],[17.630066,45.951769],[18.456062,45.759481],[18.829825,45.908872],[19.072769,45.521511],[19.390476,45.236516],[19.005485,44.860234],[18.553214,45.08159],[17.861783,45.06774],[17.002146,45.233777],[16.534939,45.211608],[16.318157,45.004127],[15.959367,45.233777],[15.750026,44.818712],[16.23966,44.351143],[16.456443,44.04124],[16.916156,43.667722],[17.297373,43.446341],[17.674922,43.028563],[18.56,42.65],[18.450017,42.479992],[18.450016,42.479991],[17.50997,42.849995],[16.930006,43.209998],[16.015385,43.507215],[15.174454,44.243191],[15.37625,44.317915],[14.920309,44.738484],[14.901602,45.07606],[14.258748,45.233777],[13.952255,44.802124],[13.656976,45.136935],[13.679403,45.484149],[13.71506,45.500324],[14.411968,45.466166],[14.595109,45.634941],[14.935244,45.471695],[15.327675,45.452316],[15.323954,45.731783],[15.67153,45.834154],[15.768733,46.238108],[16.564808,46.503751]]]}},{"type":"Feature","properties":{"featurecla":"Admin-0 country","scalerank":1,"LABELRANK":2,"SOVEREIGNT":"Portugal","SOV_A3":"PRT","ADM0_DIF":0,"LEVEL":2,"TYPE":"Sovereign country","TLC":"1","ADMIN":"Portugal","ADM0_A3":"PRT","GEOU_DIF":0,"GEOUNIT":"Portugal","GU_A3":"PRT","SU_DIF":1,"SUBUNIT":"Portugal","SU_A3":"PR1","BRK_DIFF":0,"NAME":"Portugal","NAME_LONG":"Portugal","BRK_A3":"PR1","BRK_NAME":"Portugal","BRK_GROUP":null,"ABBREV":"Port.","POSTAL":"P","FORMAL_EN":"Portuguese Republic","FORMAL_FR":null,"NAME_CIAWF":"Portugal","NOTE_ADM0":null,"NOTE_BRK":null,"NAME_SORT":"Portugal","NAME_ALT":null,"MAPCOLOR7":1,"MAPCOLOR8":7,"MAPCOLOR9":1,"MAPCOLOR13":4,"POP_EST":10269417,"POP_RANK":14,"POP_YEAR":2019,"GDP_MD":238785,"GDP_YEAR":2019,"ECONOMY":"2. Developed region: nonG7","INCOME_GRP":"1. High income: OECD","FIPS_10":"PO","ISO_A2":"PT","ISO_A2_EH":"PT","ISO_A3":"PRT","ISO_A3_EH":"PRT","ISO_N3":"620","ISO_N3_EH":"620","UN_A3":"620","WB_A2":"PT","WB_A3":"PRT","WOE_ID":23424925,"WOE_ID_EH":23424925,"WOE_NOTE":"Exact WOE match as country","ADM0_ISO":"PR1","ADM0_DIFF":null,"ADM0_TLC":"PR1","ADM0_A3_US":"PRT","ADM0_A3_FR":"PRT","ADM0_A3_RU":"PRT","ADM0_A3_ES":"PRT","ADM0_A3_CN":"PRT","ADM0_A3_TW":"PRT","ADM0_A3_IN":"PRT","ADM0_A3_NP":"PRT","ADM0_A3_PK":"PRT","ADM0_A3_DE":"PRT","ADM0_A3_GB":"PRT","ADM0_A3_BR":"PRT","ADM0_A3_IL":"PRT","ADM0_A3_PS":"PRT","ADM0_A3_SA":"PRT","ADM0_A3_EG":"PRT","ADM0_A3_MA":"PRT","ADM0_A3_PT":"PRT","ADM0_A3_AR":"PRT","ADM0_A3_JP":"PRT","ADM0_A3_KO":"PRT","ADM0_A3_VN":"PRT","ADM0_A3_TR":"PRT","ADM0_A3_ID":"PRT","ADM0_A3_PL":"PRT","ADM0_A3_GR":"PRT","ADM0_A3_IT":"PRT","ADM0_A3_NL":"PRT","ADM0_A3_SE":"PRT","ADM0_A3_BD":"PRT","ADM0_A3_UA":"PRT","ADM0_A3_UN":-99,"ADM0_A3_WB":-99,"CONTINENT":"Europe","REGION_UN":"Europe","SUBREGION":"Southern Europe","REGION_WB":"Europe & Central Asia","NAME_LEN":8,"LONG_LEN":8,"ABBREV_LEN":5,"TINY":-99,"HOMEPART":1,"MIN_ZOOM":0,"MIN_LABEL":3,"MAX_LABEL":8,"LABEL_X":-8.271754,"LABEL_Y":39.606675,"NE_ID":1159321187,"WIKIDATAID":"Q45","NAME_AR":"البرتغال","NAME_BN":"পর্তুগাল","NAME_DE":"Portugal","NAME_EN":"Portugal","NAME_ES":"Portugal","NAME_FA":"پرتغال","NAME_FR":"Portugal","NAME_EL":"Πορτογαλία","NAME_HE":"פורטוגל","NAME_HI":"पुर्तगाल","NAME_HU":"Portugália","NAME_ID":"Portugal","NAME_IT":"Portogallo","NAME_JA":"ポルトガル","NAME_KO":"포르투갈","NAME_NL":"Portugal","NAME_PL":"Portugalia","NAME_PT":"Portugal","NAME_RU":"Португалия","NAME_SV":"Portugal","NAME_TR":"Portekiz","NAME_UK":"Португалія","NAME_UR":"پرتگال","NAME_VI":"Bồ Đào Nha","NAME_ZH":"葡萄牙","NAME_ZHT":"葡萄牙","FCLASS_ISO":"Admin-0 country","TLC_DIFF":null,"FCLASS_TLC":"Admin-0 country","FCLASS_US":null,"FCLASS_FR":null,"FCLASS_RU":null,"FCLASS_ES":null,"FCLASS_CN":null,"FCLASS_TW":null,"FCLASS_IN":null,"FCLASS_NP":null,"FCLASS_PK":null,"FCLASS_DE":null,"FCLASS_GB":null,"FCLASS_BR":null,"FCLASS_IL":null,"FCLASS_PS":null,"FCLASS_SA":null,"FCLASS_EG":null,"FCLASS_MA":null,"FCLASS_PT":null,"FCLASS_AR":null,"FCLASS_JP":null,"FCLASS_KO":null,"FCLASS_VN":null,"FCLASS_TR":null,"FCLASS_ID":null,"FCLASS_PL":null,"FCLASS_GR":null,"FCLASS_IT":null,"FCLASS_NL":null,"FCLASS_SE":null,"FCLASS_BD":null,"FCLASS_UA":null,"layer":"border"},"bbox":[-9.526571,36.838269,-6.389088,42.280469],"geometry":{"type":"Polygon","coordinates":[[[-9.034818,41.880571],[-8.671946,42.134689],[-8.263857,42.280469],[-8.013175,41.790886],[-7.422513,41.792075],[-7.251309,41.918346],[-6.668606,41.883387],[-6.389088,41.381815],[-6.851127,41.111083],[-6.86402,40.330872],[-7.026413,40.184524],[-7.066592,39.711892],[-7.498632,39.629571],[-7.098037,39.030073],[-7.374092,38.373059],[-7.029281,38.075764],[-7.166508,37.803894],[-7.537105,37.428904],[-7.453726,37.097788],[-7.855613,36.838269],[-8.382816,36.97888],[-8.898857,36.868809],[-8.746101,37.651346],[-8.839998,38.266243],[-9.287464,38.358486],[-9.526571,38.737429],[-9.446989,39.392066],[-9.048305,39.755093],[-8.977353,40.159306],[-8.768684,40.760639],[-8.790853,41.184334],[-8.990789,41.543459],[-9.034818,41.880571]]]}},{"type":"Feature","properties":{"featurecla":"Admin-0 country","scalerank":1,"LABELRANK":2,"SOVEREIGNT":"Spain","SOV_A3":"ESP","ADM0_DIF":0,"LEVEL":2,"TYPE":"Sovereign country","TLC":"1","ADMIN":"Spain","ADM0_A3":"ESP","GEOU_DIF":0,"GEOUNIT":"Spain","GU_A3":"ESP","SU_DIF":0,"SUBUNIT":"Spain","SU_A3":"ESP","BRK_DIFF":0,"NAME":"Spain","NAME_LONG":"Spain","BRK_A3":"ESP","BRK_NAME":"Spain","BRK_GROUP":null,"ABBREV":"Sp.","POSTAL":"E","FORMAL_EN":"Kingdom of Spain","FORMAL_FR":null,"NAME_CIAWF":"Spain","NOTE_ADM0":null,"NOTE_BRK":null,"NAME_SORT":"Spain","NAME_ALT":null,"MAPCOLOR7":4,"MAPCOLOR8":5,"MAPCOLOR9":5,"MAPCOLOR13":5,"POP_EST":47076781,"POP_RANK":15,"POP_YEAR":2019,"GDP_MD":1393490,"GDP_YEAR":2019,"ECONOMY":"2. Developed region: nonG7","INCOME_GRP":"1. High income: OECD","FIPS_10":"SP","ISO_A2":"ES","ISO_A2_EH":"ES","ISO_A3":"ESP","ISO_A3_EH":"ESP","ISO_N3":"724","ISO_N3_EH":"724","UN_A3":"724","WB_A2":"ES","WB_A3":"ESP","WOE_ID":23424950,"WOE_ID_EH":23424950,"WOE_NOTE":"Exact WOE match as country","ADM0_ISO":"ESP","ADM0_DIFF":null,"ADM0_TLC":"ESP","ADM0_A3_US":"ESP","ADM0_A3_FR":"ESP","ADM0_A3_RU":"ESP","ADM0_A3_ES":"ESP","ADM0_A3_CN":"ESP","ADM0_A3_TW":"ESP","ADM0_A3_IN":"ESP","ADM0_A3_NP":"ESP","ADM0_A3_PK":"ESP","ADM0_A3_DE":"ESP","ADM0_A3_GB":"ESP","ADM0_A3_BR":"ESP","ADM0_A3_IL":"ESP","ADM0_A3_PS":"ESP","ADM0_A3_SA":"ESP","ADM0_A3_EG":"ESP","ADM0_A3_MA":"ESP","ADM0_A3_PT":"ESP","ADM0_A3_AR":"ESP","ADM0_A3_JP":"ESP","ADM0_A3_KO":"ESP","ADM0_A3_VN":"ESP","ADM0_A3_TR":"ESP","ADM0_A3_ID":"ESP","ADM0_A3_PL":"ESP","ADM0_A3_GR":"ESP","ADM0_A3_IT":"ESP","ADM0_A3_NL":"ESP","ADM0_A3_SE":"ESP","ADM0_A3_BD":"ESP","ADM0_A3_UA":"ESP","ADM0_A3_UN":-99,"ADM0_A3_WB":-99,"CONTINENT":"Europe","REGION_UN":"Europe","SUBREGION":"Southern Europe","REGION_WB":"Europe & Central Asia","NAME_LEN":5,"LONG_LEN":5,"ABBREV_LEN":3,"TINY":-99,"HOMEPART":1,"MIN_ZOOM":0,"MIN_LABEL":2,"MAX_LABEL":7,"LABEL_X":-3.464718,"LABEL_Y":40.090953,"NE_ID":1159320587,"WIKIDATAID":"Q29","NAME_AR":"إسبانيا","NAME_BN":"স্পেন","NAME_DE":"Spanien","NAME_EN":"Spain","NAME_ES":"España","NAME_FA":"اسپانیا","NAME_FR":"Espagne","NAME_EL":"Ισπανία","NAME_HE":"ספרד","NAME_HI":"स्पेन","NAME_HU":"Spanyolország","NAME_ID":"Spanyol","NAME_IT":"Spagna","NAME_JA":"スペイン","NAME_KO":"스페인","NAME_NL":"Spanje","NAME_PL":"Hiszpania","NAME_PT":"Espanha","NAME_RU":"Испания","NAME_SV":"Spanien","NAME_TR":"İspanya","NAME_UK":"Іспанія","NAME_UR":"ہسپانیہ","NAME_VI":"Tây Ban Nha","NAME_ZH":"西班牙","NAME_ZHT":"西班牙","FCLASS_ISO":"Admin-0 country","TLC_DIFF":null,"FCLASS_TLC":"Admin-0 country","FCLASS_US":null,"FCLASS_FR":null,"FCLASS_RU":null,"FCLASS_ES":null,"FCLASS_CN":null,"FCLASS_TW":null,"FCLASS_IN":null,"FCLASS_NP":null,"FCLASS_PK":null,"FCLASS_DE":null,"FCLASS_GB":null,"FCLASS_BR":null,"FCLASS_IL":null,"FCLASS_PS":null,"FCLASS_SA":null,"FCLASS_EG":null,"FCLASS_MA":null,"FCLASS_PT":null,"FCLASS_AR":null,"FCLASS_JP":null,"FCLASS_KO":null,"FCLASS_VN":null,"FCLASS_TR":null,"FCLASS_ID":null,"FCLASS_PL":null,"FCLASS_GR":null,"FCLASS_IT":null,"FCLASS_NL":null,"FCLASS_SE":null,"FCLASS_BD":null,"FCLASS_UA":null,"layer":"border"},"bbox":[-9.392884,35.94685,3.039484,43.748338],"geometry":{"type":"Polygon","coordinates":[[[-7.453726,37.097788],[-7.537105,37.428904],[-7.166508,37.803894],[-7.029281,38.075764],[-7.374092,38.373059],[-7.098037,39.030073],[-7.498632,39.629571],[-7.066592,39.711892],[-7.026413,40.184524],[-6.86402,40.330872],[-6.851127,41.111083],[-6.389088,41.381815],[-6.668606,41.883387],[-7.251309,41.918346],[-7.422513,41.792075],[-8.013175,41.790886],[-8.263857,42.280469],[-8.671946,42.134689],[-9.034818,41.880571],[-8.984433,42.592775],[-9.392884,43.026625],[-7.97819,43.748338],[-6.754492,43.567909],[-5.411886,43.57424],[-4.347843,43.403449],[-3.517532,43.455901],[-1.901351,43.422802],[-1.502771,43.034014],[0.338047,42.579546],[0.701591,42.795734],[1.826793,42.343385],[2.985999,42.473015],[3.039484,41.89212],[2.091842,41.226089],[0.810525,41.014732],[0.721331,40.678318],[0.106692,40.123934],[-0.278711,39.309978],[0.111291,38.738514],[-0.467124,38.292366],[-0.683389,37.642354],[-1.438382,37.443064],[-2.146453,36.674144],[-3.415781,36.6589],[-4.368901,36.677839],[-4.995219,36.324708],[-5.37716,35.94685],[-5.866432,36.029817],[-6.236694,36.367677],[-6.520191,36.942913],[-7.453726,37.097788]]]}},{"type":"Feature","properties":{"featurecla":"Admin-0 country","scalerank":1,"LABELRANK":2,"SOVEREIGNT":"Italy","SOV_A3":"ITA","ADM0_DIF":0,"LEVEL":2,"TYPE":"Sovereign country","TLC":"1","ADMIN":"Italy","ADM0_A3":"ITA","GEOU_DIF":0,"GEOUNIT":"Italy","GU_A3":"ITA","SU_DIF":0,"SUBUNIT":"Italy","SU_A3":"ITA","BRK_DIFF":0,"NAME":"Italy","NAME_LONG":"Italy","BRK_A3":"ITA","BRK_NAME":"Italy","BRK_GROUP":null,"ABBREV":"Italy","POSTAL":"I","FORMAL_EN":"Italian Republic","FORMAL_FR":null,"NAME_CIAWF":"Italy","NOTE_ADM0":null,"NOTE_BRK":null,"NAME_SORT":"Italy","NAME_ALT":null,"MAPCOLOR7":6,"MAPCOLOR8":7,"MAPCOLOR9":8,"MAPCOLOR13":7,"POP_EST":60297396,"POP_RANK":16,"POP_YEAR":2019,"GDP_MD":2003576,"GDP_YEAR":2019,"ECONOMY":"1. Developed region: G7","INCOME_GRP":"1. High income: OECD","FIPS_10":"IT","ISO_A2":"IT","ISO_A2_EH":"IT","ISO_A3":"ITA","ISO_A3_EH":"ITA","ISO_N3":"380","ISO_N3_EH":"380","UN_A3":"380","WB_A2":"IT","WB_A3":"ITA","WOE_ID":23424853,"WOE_ID_EH":23424853,"WOE_NOTE":"Exact WOE match as country","ADM0_ISO":"ITA","ADM0_DIFF":null,"ADM0_TLC":"ITA","ADM0_A3_US":"ITA","ADM0_A3_FR":"ITA","ADM0_A3_RU":"ITA","ADM0_A3_ES":"ITA","ADM0_A3_CN":"ITA","ADM0_A3_TW":"ITA","ADM0_A3_IN":"ITA","ADM0_A3_NP":"ITA","ADM0_A3_PK":"ITA","ADM0_A3_DE":"ITA","ADM0_A3_GB":"ITA","ADM0_A3_BR":"ITA","ADM0_A3_IL":"ITA","ADM0_A3_PS":"ITA","ADM0_A3_SA":"ITA","ADM0_A3_EG":"ITA","ADM0_A3_MA":"ITA","ADM0_A3_PT":"ITA","ADM0_A3_AR":"ITA","ADM0_A3_JP":"ITA","ADM0_A3_KO":"ITA","ADM0_A3_VN":"ITA","ADM0_A3_TR":"ITA","ADM0_A3_ID":"ITA","ADM0_A3_PL":"ITA","ADM0_A3_GR":"ITA","ADM0_A3_IT":"ITA","ADM0_A3_NL":"ITA","ADM0_A3_SE":"ITA","ADM0_A3_BD":"ITA","ADM0_A3_UA":"ITA","ADM0_A3_UN":-99,"ADM0_A3_WB":-99,"CONTINENT":"Europe","REGION_UN":"Europe","SUBREGION":"Southern Europe","REGION_WB":"Europe & Central Asia","NAME_LEN":5,"LONG_LEN":5,"ABBREV_LEN":5,"TINY":-99,"HOMEPART":1,"MIN_ZOOM":0,"MIN_LABEL":2,"MAX_LABEL":7,"LABEL_X":11.076907,"LABEL_Y":44.732482,"NE_ID":1159320919,"WIKIDATAID":"Q38","NAME_AR":"إيطاليا","NAME_BN":"ইতালি","NAME_DE":"Italien","NAME_EN":"Italy","NAME_ES":"Italia","NAME_FA":"ایتالیا","NAME_FR":"Italie","NAME_EL":"Ιταλία","NAME_HE":"איטליה","NAME_HI":"इटली","NAME_HU":"Olaszország","NAME_ID":"Italia","NAME_IT":"Italia","NAME_JA":"イタリア","NAME_KO":"이탈리아","NAME_NL":"Italië","NAME_PL":"Włochy","NAME_PT":"Itália","NAME_RU":"Италия","NAME_SV":"Italien","NAME_TR":"İtalya","NAME_UK":"Італія","NAME_UR":"اطالیہ","NAME_VI":"Ý","NAME_ZH":"意大利","NAME_ZHT":"義大利","FCLASS_ISO":"Admin-0 country","TLC_DIFF":null,"FCLASS_TLC":"Admin-0 country","FCLASS_US":null,"FCLASS_FR":null,"FCLASS_RU":null,"FCLASS_ES":null,"FCLASS_CN":null,"FCLASS_TW":null,"FCLASS_IN":null,"FCLASS_NP":null,"FCLASS_PK":null,"FCLASS_DE":null,"FCLASS_GB":null,"FCLASS_BR":null,"FCLASS_IL":null,"FCLASS_PS":null,"FCLASS_SA":null,"FCLASS_EG":null,"FCLASS_MA":null,"FCLASS_PT":null,"FCLASS_AR":null,"FCLASS_JP":null,"FCLASS_KO":null,"FCLASS_VN":null,"FCLASS_TR":null,"FCLASS_ID":null,"FCLASS_PL":null,"FCLASS_GR":null,"FCLASS_IT":null,"FCLASS_NL":null,"FCLASS_SE":null,"FCLASS_BD":null,"FCLASS_UA":null,"layer":"border"},"bbox":[6.749955,36.619987,18.480247,47.115393],"geometry":{"type":"MultiPolygon","coordinates":[[[[10.442701,46.893546],[11.048556,46.751359],[11.164828,46.941579],[12.153088,47.115393],[12.376485,46.767559],[13.806475,46.509306],[13.69811,46.016778],[13.93763,45.591016],[13.141606,45.736692],[12.328581,45.381778],[12.383875,44.885374],[12.261453,44.600482],[12.589237,44.091366],[13.526906,43.587727],[14.029821,42.761008],[15.14257,41.95514],[15.926191,41.961315],[16.169897,41.740295],[15.889346,41.541082],[16.785002,41.179606],[17.519169,40.877143],[18.376687,40.355625],[18.480247,40.168866],[18.293385,39.810774],[17.73838,40.277671],[16.869596,40.442235],[16.448743,39.795401],[17.17149,39.4247],[17.052841,38.902871],[16.635088,38.843572],[16.100961,37.985899],[15.684087,37.908849],[15.687963,38.214593],[15.891981,38.750942],[16.109332,38.964547],[15.718814,39.544072],[15.413613,40.048357],[14.998496,40.172949],[14.703268,40.60455],[14.060672,40.786348],[13.627985,41.188287],[12.888082,41.25309],[12.106683,41.704535],[11.191906,42.355425],[10.511948,42.931463],[10.200029,43.920007],[9.702488,44.036279],[8.888946,44.366336],[8.428561,44.231228],[7.850767,43.767148],[7.435185,43.693845],[7.549596,44.127901],[7.007562,44.254767],[6.749955,45.028518],[7.096652,45.333099],[6.802355,45.70858],[6.843593,45.991147],[7.273851,45.776948],[7.755992,45.82449],[8.31663,46.163642],[8.489952,46.005151],[8.966306,46.036932],[9.182882,46.440215],[9.922837,46.314899],[10.363378,46.483571],[10.442701,46.893546]]],[[[14.761249,38.143874],[15.520376,38.231155],[15.160243,37.444046],[15.309898,37.134219],[15.099988,36.619987],[14.335229,36.996631],[13.826733,37.104531],[12.431004,37.61295],[12.570944,38.126381],[13.741156,38.034966],[14.761249,38.143874]]],[[[8.709991,40.899984],[9.210012,41.209991],[9.809975,40.500009],[9.669519,39.177376],[9.214818,39.240473],[8.806936,38.906618],[8.428302,39.171847],[8.388253,40.378311],[8.159998,40.950007],[8.709991,40.899984]]]]}},{"type":"Feature","properties":{"featurecla":"Admin-0 country","scalerank":1,"LABELRANK":5,"SOVEREIGNT":"Azerbaijan","SOV_A3":"AZE","ADM0_DIF":0,"LEVEL":2,"TYPE":"Sovereign country","TLC":"1","ADMIN":"Azerbaijan","ADM0_A3":"AZE","GEOU_DIF":0,"GEOUNIT":"Azerbaijan","GU_A3":"AZE","SU_DIF":0,"SUBUNIT":"Azerbaijan","SU_A3":"AZE","BRK_DIFF":0,"NAME":"Azerbaijan","NAME_LONG":"Azerbaijan","BRK_A3":"AZE","BRK_NAME":"Azerbaijan","BRK_GROUP":null,"ABBREV":"Aze.","POSTAL":"AZ","FORMAL_EN":"Republic of Azerbaijan","FORMAL_FR":null,"NAME_CIAWF":"Azerbaijan","NOTE_ADM0":null,"NOTE_BRK":null,"NAME_SORT":"Azerbaijan","NAME_ALT":null,"MAPCOLOR7":1,"MAPCOLOR8":6,"MAPCOLOR9":5,"MAPCOLOR13":8,"POP_EST":10023318,"POP_RANK":14,"POP_YEAR":2019,"GDP_MD":48047,"GDP_YEAR":2019,"ECONOMY":"6. Developing region","INCOME_GRP":"3. Upper middle income","FIPS_10":"AJ","ISO_A2":"AZ","ISO_A2_EH":"AZ","ISO_A3":"AZE","ISO_A3_EH":"AZE","ISO_N3":"031","ISO_N3_EH":"031","UN_A3":"031","WB_A2":"AZ","WB_A3":"AZE","WOE_ID":23424741,"WOE_ID_EH":23424741,"WOE_NOTE":"Exact WOE match as country","ADM0_ISO":"AZE","ADM0_DIFF":null,"ADM0_TLC":"AZE","ADM0_A3_US":"AZE","ADM0_A3_FR":"AZE","ADM0_A3_RU":"AZE","ADM0_A3_ES":"AZE","ADM0_A3_CN":"AZE","ADM0_A3_TW":"AZE","ADM0_A3_IN":"AZE","ADM0_A3_NP":"AZE","ADM0_A3_PK":"AZE","ADM0_A3_DE":"AZE","ADM0_A3_GB":"AZE","ADM0_A3_BR":"AZE","ADM0_A3_IL":"AZE","ADM0_A3_PS":"AZE","ADM0_A3_SA":"AZE","ADM0_A3_EG":"AZE","ADM0_A3_MA":"AZE","ADM0_A3_PT":"AZE","ADM0_A3_AR":"AZE","ADM0_A3_JP":"AZE","ADM0_A3_KO":"AZE","ADM0_A3_VN":"AZE","ADM0_A3_TR":"AZE","ADM0_A3_ID":"AZE","ADM0_A3_PL":"AZE","ADM0_A3_GR":"AZE","ADM0_A3_IT":"AZE","ADM0_A3_NL":"AZE","ADM0_A3_SE":"AZE","ADM0_A3_BD":"AZE","ADM0_A3_UA":"AZE","ADM0_A3_UN":-99,"ADM0_A3_WB":-99,"CONTINENT":"Asia","REGION_UN":"Asia","SUBREGION":"Western Asia","REGION_WB":"Europe & Central Asia","NAME_LEN":10,"LONG_LEN":10,"ABBREV_LEN":4,"TINY":-99,"HOMEPART":1,"MIN_ZOOM":0,"MIN_LABEL":4,"MAX_LABEL":9,"LABEL_X":47.210994,"LABEL_Y":40.402387,"NE_ID":1159320381,"WIKIDATAID":"Q227","NAME_AR":"أذربيجان","NAME_BN":"আজারবাইজান","NAME_DE":"Aserbaidschan","NAME_EN":"Azerbaijan","NAME_ES":"Azerbaiyán","NAME_FA":"جمهوری آذربایجان","NAME_FR":"Azerbaïdjan","NAME_EL":"Αζερμπαϊτζάν","NAME_HE":"אזרבייג'ן","NAME_HI":"अज़रबैजान","NAME_HU":"Azerbajdzsán","NAME_ID":"Azerbaijan","NAME_IT":"Azerbaigian","NAME_JA":"アゼルバイジャン","NAME_KO":"아제르바이잔","NAME_NL":"Azerbeidzjan","NAME_PL":"Azerbejdżan","NAME_PT":"Azerbaijão","NAME_RU":"Азербайджан","NAME_SV":"Azerbajdzjan","NAME_TR":"Azerbaycan","NAME_UK":"Азербайджан","NAME_UR":"آذربائیجان","NAME_VI":"Azerbaijan","NAME_ZH":"阿塞拜疆","NAME_ZHT":"亞塞拜然","FCLASS_ISO":"Admin-0 country","TLC_DIFF":null,"FCLASS_TLC":"Admin-0 country","FCLASS_US":null,"FCLASS_FR":null,"FCLASS_RU":null,"FCLASS_ES":null,"FCLASS_CN":null,"FCLASS_TW":null,"FCLASS_IN":null,"FCLASS_NP":null,"FCLASS_PK":null,"FCLASS_DE":null,"FCLASS_GB":null,"FCLASS_BR":null,"FCLASS_IL":null,"FCLASS_PS":null,"FCLASS_SA":null,"FCLASS_EG":null,"FCLASS_MA":null,"FCLASS_PT":null,"FCLASS_AR":null,"FCLASS_JP":null,"FCLASS_KO":null,"FCLASS_VN":null,"FCLASS_TR":null,"FCLASS_ID":null,"FCLASS_PL":null,"FCLASS_GR":null,"FCLASS_IT":null,"FCLASS_NL":null,"FCLASS_SE":null,"FCLASS_BD":null,"FCLASS_UA":null,"layer":"border"},"bbox":[44.79399,38.270378,50.392821,41.860675],"geometry":{"type":"MultiPolygon","coordinates":[[[[46.404951,41.860675],[46.686071,41.827137],[47.373315,41.219732],[47.815666,41.151416],[47.987283,41.405819],[48.584353,41.808869],[49.110264,41.282287],[49.618915,40.572924],[50.08483,40.526157],[50.392821,40.256561],[49.569202,40.176101],[49.395259,39.399482],[49.223228,39.049219],[48.856532,38.815486],[48.883249,38.320245],[48.634375,38.270378],[48.010744,38.794015],[48.355529,39.288765],[48.060095,39.582235],[47.685079,39.508364],[46.50572,38.770605],[46.483499,39.464155],[46.034534,39.628021],[45.610012,39.899994],[45.891907,40.218476],[45.359175,40.561504],[45.560351,40.81229],[45.179496,40.985354],[44.97248,41.248129],[45.217426,41.411452],[45.962601,41.123873],[46.501637,41.064445],[46.637908,41.181673],[46.145432,41.722802],[46.404951,41.860675]]],[[[46.143623,38.741201],[45.457722,38.874139],[44.952688,39.335765],[44.79399,39.713003],[45.001987,39.740004],[45.298145,39.471751],[45.739978,39.473999],[45.735379,39.319719],[46.143623,38.741201]]]]}},{"type":"Feature","properties":{"featurecla":"Admin-0 country","scalerank":1,"LABELRANK":5,"SOVEREIGNT":"Georgia","SOV_A3":"GEO","ADM0_DIF":0,"LEVEL":2,"TYPE":"Sovereign country","TLC":"1","ADMIN":"Georgia","ADM0_A3":"GEO","GEOU_DIF":0,"GEOUNIT":"Georgia","GU_A3":"GEO","SU_DIF":0,"SUBUNIT":"Georgia","SU_A3":"GEO","BRK_DIFF":0,"NAME":"Georgia","NAME_LONG":"Georgia","BRK_A3":"GEO","BRK_NAME":"Georgia","BRK_GROUP":null,"ABBREV":"Geo.","POSTAL":"GE","FORMAL_EN":"Georgia","FORMAL_FR":null,"NAME_CIAWF":"Georgia","NOTE_ADM0":null,"NOTE_BRK":null,"NAME_SORT":"Georgia","NAME_ALT":null,"MAPCOLOR7":5,"MAPCOLOR8":1,"MAPCOLOR9":3,"MAPCOLOR13":2,"POP_EST":3720382,"POP_RANK":12,"POP_YEAR":2019,"GDP_MD":17477,"GDP_YEAR":2019,"ECONOMY":"6. Developing region","INCOME_GRP":"4. Lower middle income","FIPS_10":"GG","ISO_A2":"GE","ISO_A2_EH":"GE","ISO_A3":"GEO","ISO_A3_EH":"GEO","ISO_N3":"268","ISO_N3_EH":"268","UN_A3":"268","WB_A2":"GE","WB_A3":"GEO","WOE_ID":23424823,"WOE_ID_EH":23424823,"WOE_NOTE":"Exact WOE match as country","ADM0_ISO":"GEO","ADM0_DIFF":null,"ADM0_TLC":"GEO","ADM0_A3_US":"GEO","ADM0_A3_FR":"GEO","ADM0_A3_RU":"GEO","ADM0_A3_ES":"GEO","ADM0_A3_CN":"GEO","ADM0_A3_TW":"GEO","ADM0_A3_IN":"GEO","ADM0_A3_NP":"GEO","ADM0_A3_PK":"GEO","ADM0_A3_DE":"GEO","ADM0_A3_GB":"GEO","ADM0_A3_BR":"GEO","ADM0_A3_IL":"GEO","ADM0_A3_PS":"GEO","ADM0_A3_SA":"GEO","ADM0_A3_EG":"GEO","ADM0_A3_MA":"GEO","ADM0_A3_PT":"GEO","ADM0_A3_AR":"GEO","ADM0_A3_JP":"GEO","ADM0_A3_KO":"GEO","ADM0_A3_VN":"GEO","ADM0_A3_TR":"GEO","ADM0_A3_ID":"GEO","ADM0_A3_PL":"GEO","ADM0_A3_GR":"GEO","ADM0_A3_IT":"GEO","ADM0_A3_NL":"GEO","ADM0_A3_SE":"GEO","ADM0_A3_BD":"GEO","ADM0_A3_UA":"GEO","ADM0_A3_UN":-99,"ADM0_A3_WB":-99,"CONTINENT":"Asia","REGION_UN":"Asia","SUBREGION":"Western Asia","REGION_WB":"Europe & Central Asia","NAME_LEN":7,"LONG_LEN":7,"ABBREV_LEN":4,"TINY":-99,"HOMEPART":1,"MIN_ZOOM":0,"MIN_LABEL":4,"MAX_LABEL":9,"LABEL_X":43.735724,"LABEL_Y":41.870087,"NE_ID":1159320779,"WIKIDATAID":"Q230","NAME_AR":"جورجيا","NAME_BN":"জর্জিয়া","NAME_DE":"Georgien","NAME_EN":"Georgia","NAME_ES":"Georgia","NAME_FA":"گرجستان","NAME_FR":"Géorgie","NAME_EL":"Γεωργία","NAME_HE":"גאורגיה","NAME_HI":"जॉर्जिया","NAME_HU":"Grúzia","NAME_ID":"Georgia","NAME_IT":"Georgia","NAME_JA":"ジョージア","NAME_KO":"조지아","NAME_NL":"Georgië","NAME_PL":"Gruzja","NAME_PT":"Geórgia","NAME_RU":"Грузия","NAME_SV":"Georgien","NAME_TR":"Gürcistan","NAME_UK":"Грузія","NAME_UR":"جارجیا","NAME_VI":"Gruzia","NAME_ZH":"格鲁吉亚","NAME_ZHT":"喬治亞","FCLASS_ISO":"Admin-0 country","TLC_DIFF":null,"FCLASS_TLC":"Admin-0 country","FCLASS_US":null,"FCLASS_FR":null,"FCLASS_RU":null,"FCLASS_ES":null,"FCLASS_CN":null,"FCLASS_TW":null,"FCLASS_IN":null,"FCLASS_NP":null,"FCLASS_PK":null,"FCLASS_DE":null,"FCLASS_GB":null,"FCLASS_BR":null,"FCLASS_IL":null,"FCLASS_PS":null,"FCLASS_SA":null,"FCLASS_EG":null,"FCLASS_MA":null,"FCLASS_PT":null,"FCLASS_AR":null,"FCLASS_JP":null,"FCLASS_KO":null,"FCLASS_VN":null,"FCLASS_TR":null,"FCLASS_ID":null,"FCLASS_PL":null,"FCLASS_GR":null,"FCLASS_IT":null,"FCLASS_NL":null,"FCLASS_SE":null,"FCLASS_BD":null,"FCLASS_UA":null,"layer":"border"},"bbox":[39.955009,41.064445,46.637908,43.553104],"geometry":{"type":"Polygon","coordinates":[[[39.955009,43.434998],[40.076965,43.553104],[40.92219,43.38215],[42.3944,43.2203],[43.75599,42.74083],[43.93121,42.55496],[44.537623,42.711993],[45.470279,42.502781],[45.7764,42.09244],[46.404951,41.860675],[46.145432,41.722802],[46.637908,41.181673],[46.501637,41.064445],[45.962601,41.123873],[45.217426,41.411452],[44.97248,41.248129],[43.582746,41.092143],[42.619549,41.583173],[41.554084,41.535656],[41.703171,41.962943],[41.45347,42.645123],[40.875469,43.013628],[40.321394,43.128634],[39.955009,43.434998]]]}},{"type":"Feature","properties":{"featurecla":"Admin-0 country","scalerank":1,"LABELRANK":4,"SOVEREIGNT":"Eritrea","SOV_A3":"ERI","ADM0_DIF":0,"LEVEL":2,"TYPE":"Sovereign country","TLC":"1","ADMIN":"Eritrea","ADM0_A3":"ERI","GEOU_DIF":0,"GEOUNIT":"Eritrea","GU_A3":"ERI","SU_DIF":0,"SUBUNIT":"Eritrea","SU_A3":"ERI","BRK_DIFF":0,"NAME":"Eritrea","NAME_LONG":"Eritrea","BRK_A3":"ERI","BRK_NAME":"Eritrea","BRK_GROUP":null,"ABBREV":"Erit.","POSTAL":"ER","FORMAL_EN":"State of Eritrea","FORMAL_FR":null,"NAME_CIAWF":"Eritrea","NOTE_ADM0":null,"NOTE_BRK":null,"NAME_SORT":"Eritrea","NAME_ALT":null,"MAPCOLOR7":3,"MAPCOLOR8":1,"MAPCOLOR9":2,"MAPCOLOR13":12,"POP_EST":6081196,"POP_RANK":13,"POP_YEAR":2020,"GDP_MD":2065,"GDP_YEAR":2011,"ECONOMY":"7. Least developed region","INCOME_GRP":"5. Low income","FIPS_10":"ER","ISO_A2":"ER","ISO_A2_EH":"ER","ISO_A3":"ERI","ISO_A3_EH":"ERI","ISO_N3":"232","ISO_N3_EH":"232","UN_A3":"232","WB_A2":"ER","WB_A3":"ERI","WOE_ID":23424806,"WOE_ID_EH":23424806,"WOE_NOTE":"Exact WOE match as country","ADM0_ISO":"ERI","ADM0_DIFF":null,"ADM0_TLC":"ERI","ADM0_A3_US":"ERI","ADM0_A3_FR":"ERI","ADM0_A3_RU":"ERI","ADM0_A3_ES":"ERI","ADM0_A3_CN":"ERI","ADM0_A3_TW":"ERI","ADM0_A3_IN":"ERI","ADM0_A3_NP":"ERI","ADM0_A3_PK":"ERI","ADM0_A3_DE":"ERI","ADM0_A3_GB":"ERI","ADM0_A3_BR":"ERI","ADM0_A3_IL":"ERI","ADM0_A3_PS":"ERI","ADM0_A3_SA":"ERI","ADM0_A3_EG":"ERI","ADM0_A3_MA":"ERI","ADM0_A3_PT":"ERI","ADM0_A3_AR":"ERI","ADM0_A3_JP":"ERI","ADM0_A3_KO":"ERI","ADM0_A3_VN":"ERI","ADM0_A3_TR":"ERI","ADM0_A3_ID":"ERI","ADM0_A3_PL":"ERI","ADM0_A3_GR":"ERI","ADM0_A3_IT":"ERI","ADM0_A3_NL":"ERI","ADM0_A3_SE":"ERI","ADM0_A3_BD":"ERI","ADM0_A3_UA":"ERI","ADM0_A3_UN":-99,"ADM0_A3_WB":-99,"CONTINENT":"Africa","REGION_UN":"Africa","SUBREGION":"Eastern Africa","REGION_WB":"Sub-Saharan Africa","NAME_LEN":7,"LONG_LEN":7,"ABBREV_LEN":5,"TINY":-99,"HOMEPART":1,"MIN_ZOOM":0,"MIN_LABEL":4,"MAX_LABEL":9,"LABEL_X":38.285566,"LABEL_Y":15.787401,"NE_ID":1159320581,"WIKIDATAID":"Q986","NAME_AR":"إريتريا","NAME_BN":"ইরিত্রিয়া","NAME_DE":"Eritrea","NAME_EN":"Eritrea","NAME_ES":"Eritrea","NAME_FA":"اریتره","NAME_FR":"Érythrée","NAME_EL":"Ερυθραία","NAME_HE":"אריתריאה","NAME_HI":"इरित्रिया","NAME_HU":"Eritrea","NAME_ID":"Eritrea","NAME_IT":"Eritrea","NAME_JA":"エリトリア","NAME_KO":"에리트레아","NAME_NL":"Eritrea","NAME_PL":"Erytrea","NAME_PT":"Eritreia","NAME_RU":"Эритрея","NAME_SV":"Eritrea","NAME_TR":"Eritre","NAME_UK":"Еритрея","NAME_UR":"اریتریا","NAME_VI":"Eritrea","NAME_ZH":"厄立特里亚","NAME_ZHT":"厄利垂亞","FCLASS_ISO":"Admin-0 country","TLC_DIFF":null,"FCLASS_TLC":"Admin-0 country","FCLASS_US":null,"FCLASS_FR":null,"FCLASS_RU":null,"FCLASS_ES":null,"FCLASS_CN":null,"FCLASS_TW":null,"FCLASS_IN":null,"FCLASS_NP":null,"FCLASS_PK":null,"FCLASS_DE":null,"FCLASS_GB":null,"FCLASS_BR":null,"FCLASS_IL":null,"FCLASS_PS":null,"FCLASS_SA":null,"FCLASS_EG":null,"FCLASS_MA":null,"FCLASS_PT":null,"FCLASS_AR":null,"FCLASS_JP":null,"FCLASS_KO":null,"FCLASS_VN":null,"FCLASS_TR":null,"FCLASS_ID":null,"FCLASS_PL":null,"FCLASS_GR":null,"FCLASS_IT":null,"FCLASS_NL":null,"FCLASS_SE":null,"FCLASS_BD":null,"FCLASS_UA":null,"layer":"border"},"bbox":[36.32322,12.455416,43.081226,17.998307],"geometry":{"type":"Polygon","coordinates":[[[36.42951,14.42211],[36.32322,14.82249],[36.75389,16.29186],[36.85253,16.95655],[37.16747,17.26314],[37.904,17.42754],[38.41009,17.998307],[38.990623,16.840626],[39.26611,15.922723],[39.814294,15.435647],[41.179275,14.49108],[41.734952,13.921037],[42.276831,13.343992],[42.589576,13.000421],[43.081226,12.699639],[42.779642,12.455416],[42.35156,12.54223],[42.00975,12.86582],[41.59856,13.45209],[41.1552,13.77333],[40.8966,14.11864],[40.02625,14.51959],[39.34061,14.53155],[39.0994,14.74064],[38.51295,14.50547],[37.90607,14.95943],[37.59377,14.2131],[36.42951,14.42211]]]}},{"type":"Feature","properties":{"featurecla":"Admin-0 country","scalerank":1,"LABELRANK":3,"SOVEREIGNT":"Yemen","SOV_A3":"YEM","ADM0_DIF":0,"LEVEL":2,"TYPE":"Sovereign country","TLC":"1","ADMIN":"Yemen","ADM0_A3":"YEM","GEOU_DIF":0,"GEOUNIT":"Yemen","GU_A3":"YEM","SU_DIF":0,"SUBUNIT":"Yemen","SU_A3":"YEM","BRK_DIFF":0,"NAME":"Yemen","NAME_LONG":"Yemen","BRK_A3":"YEM","BRK_NAME":"Yemen","BRK_GROUP":null,"ABBREV":"Yem.","POSTAL":"YE","FORMAL_EN":"Republic of Yemen","FORMAL_FR":null,"NAME_CIAWF":"Yemen","NOTE_ADM0":null,"NOTE_BRK":null,"NAME_SORT":"Yemen, Rep.","NAME_ALT":null,"MAPCOLOR7":5,"MAPCOLOR8":3,"MAPCOLOR9":3,"MAPCOLOR13":11,"POP_EST":29161922,"POP_RANK":15,"POP_YEAR":2019,"GDP_MD":22581,"GDP_YEAR":2019,"ECONOMY":"7. Least developed region","INCOME_GRP":"4. Lower middle income","FIPS_10":"YM","ISO_A2":"YE","ISO_A2_EH":"YE","ISO_A3":"YEM","ISO_A3_EH":"YEM","ISO_N3":"887","ISO_N3_EH":"887","UN_A3":"887","WB_A2":"RY","WB_A3":"YEM","WOE_ID":23425002,"WOE_ID_EH":23425002,"WOE_NOTE":"Exact WOE match as country","ADM0_ISO":"YEM","ADM0_DIFF":null,"ADM0_TLC":"YEM","ADM0_A3_US":"YEM","ADM0_A3_FR":"YEM","ADM0_A3_RU":"YEM","ADM0_A3_ES":"YEM","ADM0_A3_CN":"YEM","ADM0_A3_TW":"YEM","ADM0_A3_IN":"YEM","ADM0_A3_NP":"YEM","ADM0_A3_PK":"YEM","ADM0_A3_DE":"YEM","ADM0_A3_GB":"YEM","ADM0_A3_BR":"YEM","ADM0_A3_IL":"YEM","ADM0_A3_PS":"YEM","ADM0_A3_SA":"YEM","ADM0_A3_EG":"YEM","ADM0_A3_MA":"YEM","ADM0_A3_PT":"YEM","ADM0_A3_AR":"YEM","ADM0_A3_JP":"YEM","ADM0_A3_KO":"YEM","ADM0_A3_VN":"YEM","ADM0_A3_TR":"YEM","ADM0_A3_ID":"YEM","ADM0_A3_PL":"YEM","ADM0_A3_GR":"YEM","ADM0_A3_IT":"YEM","ADM0_A3_NL":"YEM","ADM0_A3_SE":"YEM","ADM0_A3_BD":"YEM","ADM0_A3_UA":"YEM","ADM0_A3_UN":-99,"ADM0_A3_WB":-99,"CONTINENT":"Asia","REGION_UN":"Asia","SUBREGION":"Western Asia","REGION_WB":"Middle East & North Africa","NAME_LEN":5,"LONG_LEN":5,"ABBREV_LEN":4,"TINY":-99,"HOMEPART":1,"MIN_ZOOM":0,"MIN_LABEL":3,"MAX_LABEL":8,"LABEL_X":45.874383,"LABEL_Y":15.328226,"NE_ID":1159321425,"WIKIDATAID":"Q805","NAME_AR":"اليمن","NAME_BN":"ইয়েমেন","NAME_DE":"Jemen","NAME_EN":"Yemen","NAME_ES":"Yemen","NAME_FA":"یمن","NAME_FR":"Yémen","NAME_EL":"Υεμένη","NAME_HE":"תימן","NAME_HI":"यमन","NAME_HU":"Jemen","NAME_ID":"Yaman","NAME_IT":"Yemen","NAME_JA":"イエメン","NAME_KO":"예멘","NAME_NL":"Jemen","NAME_PL":"Jemen","NAME_PT":"Iémen","NAME_RU":"Йемен","NAME_SV":"Jemen","NAME_TR":"Yemen","NAME_UK":"Ємен","NAME_UR":"یمن","NAME_VI":"Yemen","NAME_ZH":"也门","NAME_ZHT":"葉門","FCLASS_ISO":"Admin-0 country","TLC_DIFF":null,"FCLASS_TLC":"Admin-0 country","FCLASS_US":null,"FCLASS_FR":null,"FCLASS_RU":null,"FCLASS_ES":null,"FCLASS_CN":null,"FCLASS_TW":null,"FCLASS_IN":null,"FCLASS_NP":null,"FCLASS_PK":null,"FCLASS_DE":null,"FCLASS_GB":null,"FCLASS_BR":null,"FCLASS_IL":null,"FCLASS_PS":null,"FCLASS_SA":null,"FCLASS_EG":null,"FCLASS_MA":null,"FCLASS_PT":null,"FCLASS_AR":null,"FCLASS_JP":null,"FCLASS_KO":null,"FCLASS_VN":null,"FCLASS_TR":null,"FCLASS_ID":null,"FCLASS_PL":null,"FCLASS_GR":null,"FCLASS_IT":null,"FCLASS_NL":null,"FCLASS_SE":null,"FCLASS_BD":null,"FCLASS_UA":null,"layer":"border"},"bbox":[42.604873,12.58595,53.108573,19.000003],"geometry":{"type":"Polygon","coordinates":[[[52.00001,19.000003],[52.782184,17.349742],[53.108573,16.651051],[52.385206,16.382411],[52.191729,15.938433],[52.168165,15.59742],[51.172515,15.17525],[49.574576,14.708767],[48.679231,14.003202],[48.238947,13.94809],[47.938914,14.007233],[47.354454,13.59222],[46.717076,13.399699],[45.877593,13.347764],[45.62505,13.290946],[45.406459,13.026905],[45.144356,12.953938],[44.989533,12.699587],[44.494576,12.721653],[44.175113,12.58595],[43.482959,12.6368],[43.222871,13.22095],[43.251448,13.767584],[43.087944,14.06263],[42.892245,14.802249],[42.604873,15.213335],[42.805015,15.261963],[42.702438,15.718886],[42.823671,15.911742],[42.779332,16.347891],[43.218375,16.66689],[43.115798,17.08844],[43.380794,17.579987],[43.791519,17.319977],[44.062613,17.410359],[45.216651,17.433329],[45.399999,17.333335],[46.366659,17.233315],[46.749994,17.283338],[47.000005,16.949999],[47.466695,17.116682],[48.183344,18.166669],[49.116672,18.616668],[52.00001,19.000003]]]}},{"type":"Feature","properties":{"featurecla":"Admin-0 country","scalerank":1,"LABELRANK":2,"SOVEREIGNT":"Saudi Arabia","SOV_A3":"SAU","ADM0_DIF":0,"LEVEL":2,"TYPE":"Sovereign country","TLC":"1","ADMIN":"Saudi Arabia","ADM0_A3":"SAU","GEOU_DIF":0,"GEOUNIT":"Saudi Arabia","GU_A3":"SAU","SU_DIF":0,"SUBUNIT":"Saudi Arabia","SU_A3":"SAU","BRK_DIFF":0,"NAME":"Saudi Arabia","NAME_LONG":"Saudi Arabia","BRK_A3":"SAU","BRK_NAME":"Saudi Arabia","BRK_GROUP":null,"ABBREV":"Saud.","POSTAL":"SA","FORMAL_EN":"Kingdom of Saudi Arabia","FORMAL_FR":null,"NAME_CIAWF":"Saudi Arabia","NOTE_ADM0":null,"NOTE_BRK":null,"NAME_SORT":"Saudi Arabia","NAME_ALT":null,"MAPCOLOR7":6,"MAPCOLOR8":1,"MAPCOLOR9":6,"MAPCOLOR13":7,"POP_EST":34268528,"POP_RANK":15,"POP_YEAR":2019,"GDP_MD":792966,"GDP_YEAR":2019,"ECONOMY":"2. Developed region: nonG7","INCOME_GRP":"2. High income: nonOECD","FIPS_10":"SA","ISO_A2":"SA","ISO_A2_EH":"SA","ISO_A3":"SAU","ISO_A3_EH":"SAU","ISO_N3":"682","ISO_N3_EH":"682","UN_A3":"682","WB_A2":"SA","WB_A3":"SAU","WOE_ID":23424938,"WOE_ID_EH":23424938,"WOE_NOTE":"Exact WOE match as country","ADM0_ISO":"SAU","ADM0_DIFF":null,"ADM0_TLC":"SAU","ADM0_A3_US":"SAU","ADM0_A3_FR":"SAU","ADM0_A3_RU":"SAU","ADM0_A3_ES":"SAU","ADM0_A3_CN":"SAU","ADM0_A3_TW":"SAU","ADM0_A3_IN":"SAU","ADM0_A3_NP":"SAU","ADM0_A3_PK":"SAU","ADM0_A3_DE":"SAU","ADM0_A3_GB":"SAU","ADM0_A3_BR":"SAU","ADM0_A3_IL":"SAU","ADM0_A3_PS":"SAU","ADM0_A3_SA":"SAU","ADM0_A3_EG":"SAU","ADM0_A3_MA":"SAU","ADM0_A3_PT":"SAU","ADM0_A3_AR":"SAU","ADM0_A3_JP":"SAU","ADM0_A3_KO":"SAU","ADM0_A3_VN":"SAU","ADM0_A3_TR":"SAU","ADM0_A3_ID":"SAU","ADM0_A3_PL":"SAU","ADM0_A3_GR":"SAU","ADM0_A3_IT":"SAU","ADM0_A3_NL":"SAU","ADM0_A3_SE":"SAU","ADM0_A3_BD":"SAU","ADM0_A3_UA":"SAU","ADM0_A3_UN":-99,"ADM0_A3_WB":-99,"CONTINENT":"Asia","REGION_UN":"Asia","SUBREGION":"Western Asia","REGION_WB":"Middle East & North Africa","NAME_LEN":12,"LONG_LEN":12,"ABBREV_LEN":5,"TINY":-99,"HOMEPART":1,"MIN_ZOOM":0,"MIN_LABEL":1.7,"MAX_LABEL":7,"LABEL_X":44.6996,"LABEL_Y":23.806908,"NE_ID":1159321225,"WIKIDATAID":"Q851","NAME_AR":"السعودية","NAME_BN":"সৌদি আরব","NAME_DE":"Saudi-Arabien","NAME_EN":"Saudi Arabia","NAME_ES":"Arabia Saudita","NAME_FA":"عربستان سعودی","NAME_FR":"Arabie saoudite","NAME_EL":"Σαουδική Αραβία","NAME_HE":"ערב הסעודית","NAME_HI":"सउदी अरब","NAME_HU":"Szaúd-Arábia","NAME_ID":"Arab Saudi","NAME_IT":"Arabia Saudita","NAME_JA":"サウジアラビア","NAME_KO":"사우디아라비아","NAME_NL":"Saoedi-Arabië","NAME_PL":"Arabia Saudyjska","NAME_PT":"Arábia Saudita","NAME_RU":"Саудовская Аравия","NAME_SV":"Saudiarabien","NAME_TR":"Suudi Arabistan","NAME_UK":"Саудівська Аравія","NAME_UR":"سعودی عرب","NAME_VI":"Ả Rập Saudi","NAME_ZH":"沙特阿拉伯","NAME_ZHT":"沙烏地阿拉伯","FCLASS_ISO":"Admin-0 country","TLC_DIFF":null,"FCLASS_TLC":"Admin-0 country","FCLASS_US":null,"FCLASS_FR":null,"FCLASS_RU":null,"FCLASS_ES":null,"FCLASS_CN":null,"FCLASS_TW":null,"FCLASS_IN":null,"FCLASS_NP":null,"FCLASS_PK":null,"FCLASS_DE":null,"FCLASS_GB":null,"FCLASS_BR":null,"FCLASS_IL":null,"FCLASS_PS":null,"FCLASS_SA":null,"FCLASS_EG":null,"FCLASS_MA":null,"FCLASS_PT":null,"FCLASS_AR":null,"FCLASS_JP":null,"FCLASS_KO":null,"FCLASS_VN":null,"FCLASS_TR":null,"FCLASS_ID":null,"FCLASS_PL":null,"FCLASS_GR":null,"FCLASS_IT":null,"FCLASS_NL":null,"FCLASS_SE":null,"FCLASS_BD":null,"FCLASS_UA":null,"layer":"border"},"bbox":[34.632336,16.347891,55.666659,32.161009],"geometry":{"type":"Polygon","coordinates":[[[34.956037,29.356555],[36.068941,29.197495],[36.501214,29.505254],[36.740528,29.865283],[37.503582,30.003776],[37.66812,30.338665],[37.998849,30.5085],[37.002166,31.508413],[39.004886,32.010217],[39.195468,32.161009],[40.399994,31.889992],[41.889981,31.190009],[44.709499,29.178891],[46.568713,29.099025],[47.459822,29.002519],[47.708851,28.526063],[48.416094,28.552004],[48.807595,27.689628],[49.299554,27.461218],[49.470914,27.109999],[50.152422,26.689663],[50.212935,26.277027],[50.113303,25.943972],[50.239859,25.60805],[50.527387,25.327808],[50.660557,24.999896],[50.810108,24.754743],[51.112415,24.556331],[51.389608,24.627386],[51.579519,24.245497],[51.617708,24.014219],[52.000733,23.001154],[55.006803,22.496948],[55.208341,22.70833],[55.666659,22.000001],[54.999982,19.999994],[52.00001,19.000003],[49.116672,18.616668],[48.183344,18.166669],[47.466695,17.116682],[47.000005,16.949999],[46.749994,17.283338],[46.366659,17.233315],[45.399999,17.333335],[45.216651,17.433329],[44.062613,17.410359],[43.791519,17.319977],[43.380794,17.579987],[43.115798,17.08844],[43.218375,16.66689],[42.779332,16.347891],[42.649573,16.774635],[42.347989,17.075806],[42.270888,17.474722],[41.754382,17.833046],[41.221391,18.6716],[40.939341,19.486485],[40.247652,20.174635],[39.801685,20.338862],[39.139399,21.291905],[39.023696,21.986875],[39.066329,22.579656],[38.492772,23.688451],[38.02386,24.078686],[37.483635,24.285495],[37.154818,24.858483],[37.209491,25.084542],[36.931627,25.602959],[36.639604,25.826228],[36.249137,26.570136],[35.640182,27.37652],[35.130187,28.063352],[34.632336,28.058546],[34.787779,28.607427],[34.83222,28.957483],[34.956037,29.356555]]]}},{"type":"Feature","properties":{"featurecla":"Admin-0 country","scalerank":1,"LABELRANK":6,"SOVEREIGNT":"Northern Cyprus","SOV_A3":"CYN","ADM0_DIF":0,"LEVEL":2,"TYPE":"Sovereign country","TLC":"1","ADMIN":"Northern Cyprus","ADM0_A3":"CYN","GEOU_DIF":0,"GEOUNIT":"Northern Cyprus","GU_A3":"CYN","SU_DIF":0,"SUBUNIT":"Northern Cyprus","SU_A3":"CYN","BRK_DIFF":0,"NAME":"N. Cyprus","NAME_LONG":"Northern Cyprus","BRK_A3":"CYN","BRK_NAME":"N. Cyprus","BRK_GROUP":null,"ABBREV":"N. Cy.","POSTAL":"CN","FORMAL_EN":"Turkish Republic of Northern Cyprus","FORMAL_FR":null,"NAME_CIAWF":null,"NOTE_ADM0":"Self admin.","NOTE_BRK":"Self admin.; Claimed by Cyprus","NAME_SORT":"Cyprus, Northern","NAME_ALT":null,"MAPCOLOR7":3,"MAPCOLOR8":1,"MAPCOLOR9":4,"MAPCOLOR13":8,"POP_EST":326000,"POP_RANK":10,"POP_YEAR":2017,"GDP_MD":3600,"GDP_YEAR":2013,"ECONOMY":"6. Developing region","INCOME_GRP":"3. Upper middle income","FIPS_10":"-99","ISO_A2":"-99","ISO_A2_EH":"-99","ISO_A3":"-99","ISO_A3_EH":"-99","ISO_N3":"-99","ISO_N3_EH":"-99","UN_A3":"-099","WB_A2":"-99","WB_A3":"-99","WOE_ID":-90,"WOE_ID_EH":23424995,"WOE_NOTE":"WOE lists as subunit of united Cyprus","ADM0_ISO":"CYP","ADM0_DIFF":"1","ADM0_TLC":"CYN","ADM0_A3_US":"CYP","ADM0_A3_FR":"CYP","ADM0_A3_RU":"CYP","ADM0_A3_ES":"CYP","ADM0_A3_CN":"CYP","ADM0_A3_TW":"CYP","ADM0_A3_IN":"CYP","ADM0_A3_NP":"CYP","ADM0_A3_PK":"CYP","ADM0_A3_DE":"CYP","ADM0_A3_GB":"CYP","ADM0_A3_BR":"CYP","ADM0_A3_IL":"CYP","ADM0_A3_PS":"CYP","ADM0_A3_SA":"CYP","ADM0_A3_EG":"CYP","ADM0_A3_MA":"CYP","ADM0_A3_PT":"CYP","ADM0_A3_AR":"CYP","ADM0_A3_JP":"CYP","ADM0_A3_KO":"CYP","ADM0_A3_VN":"CYP","ADM0_A3_TR":"CYN","ADM0_A3_ID":"CYP","ADM0_A3_PL":"CYP","ADM0_A3_GR":"CYP","ADM0_A3_IT":"CYP","ADM0_A3_NL":"CYP","ADM0_A3_SE":"CYP","ADM0_A3_BD":"CYP","ADM0_A3_UA":"CYP","ADM0_A3_UN":-99,"ADM0_A3_WB":-99,"CONTINENT":"Asia","REGION_UN":"Asia","SUBREGION":"Western Asia","REGION_WB":"Europe & Central Asia","NAME_LEN":9,"LONG_LEN":15,"ABBREV_LEN":6,"TINY":-99,"HOMEPART":1,"MIN_ZOOM":0,"MIN_LABEL":6,"MAX_LABEL":10,"LABEL_X":33.692434,"LABEL_Y":35.216071,"NE_ID":1159320531,"WIKIDATAID":"Q23681","NAME_AR":"قبرص الشمالية","NAME_BN":"উত্তর সাইপ্রাস","NAME_DE":"Türkische Republik Nordzypern","NAME_EN":"Turkish Republic of Northern Cyprus","NAME_ES":"República Turca del Norte de Chipre","NAME_FA":"جمهوری ترک قبرس شمالی","NAME_FR":"Chypre du Nord","NAME_EL":"Τουρκική Δημοκρατία της Βόρειας Κύπρου","NAME_HE":"הרפובליקה הטורקית של צפון קפריסין","NAME_HI":"उत्तरी साइप्रस","NAME_HU":"Észak-Ciprus","NAME_ID":"Republik Turki Siprus Utara","NAME_IT":"Cipro del Nord","NAME_JA":"北キプロス・トルコ共和国","NAME_KO":"북키프로스","NAME_NL":"Noord-Cyprus","NAME_PL":"Cypr Północny","NAME_PT":"República Turca do Chipre do Norte","NAME_RU":"Турецкая Республика Северного Кипра","NAME_SV":"Nordcypern","NAME_TR":"Kuzey Kıbrıs Türk Cumhuriyeti","NAME_UK":"Турецька Республіка Північного Кіпру","NAME_UR":"ترک جمہوریہ شمالی قبرص","NAME_VI":"Bắc Síp","NAME_ZH":"北塞浦路斯土耳其共和国","NAME_ZHT":"北賽普勒斯土耳其共和國","FCLASS_ISO":"Unrecognized","TLC_DIFF":"1","FCLASS_TLC":"Admin-0 country","FCLASS_US":"Admin-0 breakaway and disputed","FCLASS_FR":"Unrecognized","FCLASS_RU":"Unrecognized","FCLASS_ES":"Unrecognized","FCLASS_CN":"Unrecognized","FCLASS_TW":"Unrecognized","FCLASS_IN":"Unrecognized","FCLASS_NP":"Unrecognized","FCLASS_PK":"Unrecognized","FCLASS_DE":"Unrecognized","FCLASS_GB":"Unrecognized","FCLASS_BR":"Unrecognized","FCLASS_IL":"Unrecognized","FCLASS_PS":"Unrecognized","FCLASS_SA":"Unrecognized","FCLASS_EG":"Unrecognized","FCLASS_MA":"Unrecognized","FCLASS_PT":"Unrecognized","FCLASS_AR":"Unrecognized","FCLASS_JP":"Unrecognized","FCLASS_KO":"Unrecognized","FCLASS_VN":"Unrecognized","FCLASS_TR":"Admin-0 country","FCLASS_ID":"Unrecognized","FCLASS_PL":"Unrecognized","FCLASS_GR":"Unrecognized","FCLASS_IT":"Unrecognized","FCLASS_NL":"Unrecognized","FCLASS_SE":"Unrecognized","FCLASS_BD":"Unrecognized","FCLASS_UA":"Unrecognized","layer":"border"},"bbox":[32.73178,35.000345,34.576474,35.671596],"geometry":{"type":"Polygon","coordinates":[[[32.73178,35.140026],[32.802474,35.145504],[32.946961,35.386703],[33.667227,35.373216],[34.576474,35.671596],[33.900804,35.245756],[33.973617,35.058506],[33.86644,35.093595],[33.675392,35.017863],[33.525685,35.038688],[33.475817,35.000345],[33.455922,35.101424],[33.383833,35.162712],[33.190977,35.173125],[32.919572,35.087833],[32.73178,35.140026]]]}},{"type":"Feature","properties":{"featurecla":"Admin-0 country","scalerank":1,"LABELRANK":5,"SOVEREIGNT":"Cyprus","SOV_A3":"CYP","ADM0_DIF":0,"LEVEL":2,"TYPE":"Sovereign country","TLC":"1","ADMIN":"Cyprus","ADM0_A3":"CYP","GEOU_DIF":0,"GEOUNIT":"Cyprus","GU_A3":"CYP","SU_DIF":0,"SUBUNIT":"Cyprus","SU_A3":"CYP","BRK_DIFF":0,"NAME":"Cyprus","NAME_LONG":"Cyprus","BRK_A3":"CYP","BRK_NAME":"Cyprus","BRK_GROUP":null,"ABBREV":"Cyp.","POSTAL":"CY","FORMAL_EN":"Republic of Cyprus","FORMAL_FR":null,"NAME_CIAWF":"Cyprus","NOTE_ADM0":null,"NOTE_BRK":null,"NAME_SORT":"Cyprus","NAME_ALT":null,"MAPCOLOR7":1,"MAPCOLOR8":2,"MAPCOLOR9":3,"MAPCOLOR13":7,"POP_EST":1198575,"POP_RANK":12,"POP_YEAR":2019,"GDP_MD":24948,"GDP_YEAR":2019,"ECONOMY":"6. Developing region","INCOME_GRP":"2. High income: nonOECD","FIPS_10":"CY","ISO_A2":"CY","ISO_A2_EH":"CY","ISO_A3":"CYP","ISO_A3_EH":"CYP","ISO_N3":"196","ISO_N3_EH":"196","UN_A3":"196","WB_A2":"CY","WB_A3":"CYP","WOE_ID":-90,"WOE_ID_EH":23424994,"WOE_NOTE":"WOE lists as subunit of united Cyprus","ADM0_ISO":"CYP","ADM0_DIFF":null,"ADM0_TLC":"CYP","ADM0_A3_US":"CYP","ADM0_A3_FR":"CYP","ADM0_A3_RU":"CYP","ADM0_A3_ES":"CYP","ADM0_A3_CN":"CYP","ADM0_A3_TW":"CYP","ADM0_A3_IN":"CYP","ADM0_A3_NP":"CYP","ADM0_A3_PK":"CYP","ADM0_A3_DE":"CYP","ADM0_A3_GB":"CYP","ADM0_A3_BR":"CYP","ADM0_A3_IL":"CYP","ADM0_A3_PS":"CYP","ADM0_A3_SA":"CYP","ADM0_A3_EG":"CYP","ADM0_A3_MA":"CYP","ADM0_A3_PT":"CYP","ADM0_A3_AR":"CYP","ADM0_A3_JP":"CYP","ADM0_A3_KO":"CYP","ADM0_A3_VN":"CYP","ADM0_A3_TR":"CYP","ADM0_A3_ID":"CYP","ADM0_A3_PL":"CYP","ADM0_A3_GR":"CYP","ADM0_A3_IT":"CYP","ADM0_A3_NL":"CYP","ADM0_A3_SE":"CYP","ADM0_A3_BD":"CYP","ADM0_A3_UA":"CYP","ADM0_A3_UN":-99,"ADM0_A3_WB":-99,"CONTINENT":"Asia","REGION_UN":"Asia","SUBREGION":"Western Asia","REGION_WB":"Europe & Central Asia","NAME_LEN":6,"LONG_LEN":6,"ABBREV_LEN":4,"TINY":-99,"HOMEPART":1,"MIN_ZOOM":0,"MIN_LABEL":4.5,"MAX_LABEL":9.5,"LABEL_X":33.084182,"LABEL_Y":34.913329,"NE_ID":1159320533,"WIKIDATAID":"Q229","NAME_AR":"قبرص","NAME_BN":"সাইপ্রাস","NAME_DE":"Republik Zypern","NAME_EN":"Cyprus","NAME_ES":"Chipre","NAME_FA":"قبرس","NAME_FR":"Chypre","NAME_EL":"Κύπρος","NAME_HE":"קפריסין","NAME_HI":"साइप्रस","NAME_HU":"Ciprus","NAME_ID":"Siprus","NAME_IT":"Cipro","NAME_JA":"キプロス","NAME_KO":"키프로스","NAME_NL":"Cyprus","NAME_PL":"Cypr","NAME_PT":"Chipre","NAME_RU":"Кипр","NAME_SV":"Cypern","NAME_TR":"Kıbrıs Cumhuriyeti","NAME_UK":"Кіпр","NAME_UR":"قبرص","NAME_VI":"Cộng hòa Síp","NAME_ZH":"塞浦路斯","NAME_ZHT":"賽普勒斯","FCLASS_ISO":"Admin-0 country","TLC_DIFF":null,"FCLASS_TLC":"Admin-0 country","FCLASS_US":null,"FCLASS_FR":null,"FCLASS_RU":null,"FCLASS_ES":null,"FCLASS_CN":null,"FCLASS_TW":null,"FCLASS_IN":null,"FCLASS_NP":null,"FCLASS_PK":null,"FCLASS_DE":null,"FCLASS_GB":null,"FCLASS_BR":null,"FCLASS_IL":null,"FCLASS_PS":null,"FCLASS_SA":null,"FCLASS_EG":null,"FCLASS_MA":null,"FCLASS_PT":null,"FCLASS_AR":null,"FCLASS_JP":null,"FCLASS_KO":null,"FCLASS_VN":null,"FCLASS_TR":null,"FCLASS_ID":null,"FCLASS_PL":null,"FCLASS_GR":null,"FCLASS_IT":null,"FCLASS_NL":null,"FCLASS_SE":null,"FCLASS_BD":null,"FCLASS_UA":null,"layer":"border"},"bbox":[32.256667,34.571869,34.004881,35.173125],"geometry":{"type":"Polygon","coordinates":[[[32.73178,35.140026],[32.919572,35.087833],[33.190977,35.173125],[33.383833,35.162712],[33.455922,35.101424],[33.475817,35.000345],[33.525685,35.038688],[33.675392,35.017863],[33.86644,35.093595],[33.973617,35.058506],[34.004881,34.978098],[32.979827,34.571869],[32.490296,34.701655],[32.256667,35.103232],[32.73178,35.140026]]]}},{"type":"Feature","properties":{"featurecla":"Admin-0 country","scalerank":1,"LABELRANK":3,"SOVEREIGNT":"Morocco","SOV_A3":"MAR","ADM0_DIF":0,"LEVEL":2,"TYPE":"Sovereign country","TLC":"1","ADMIN":"Morocco","ADM0_A3":"MAR","GEOU_DIF":0,"GEOUNIT":"Morocco","GU_A3":"MAR","SU_DIF":0,"SUBUNIT":"Morocco","SU_A3":"MAR","BRK_DIFF":0,"NAME":"Morocco","NAME_LONG":"Morocco","BRK_A3":"MAR","BRK_NAME":"Morocco","BRK_GROUP":null,"ABBREV":"Mor.","POSTAL":"MA","FORMAL_EN":"Kingdom of Morocco","FORMAL_FR":null,"NAME_CIAWF":"Morocco","NOTE_ADM0":null,"NOTE_BRK":null,"NAME_SORT":"Morocco","NAME_ALT":null,"MAPCOLOR7":2,"MAPCOLOR8":2,"MAPCOLOR9":3,"MAPCOLOR13":9,"POP_EST":36471769,"POP_RANK":15,"POP_YEAR":2019,"GDP_MD":119700,"GDP_YEAR":2019,"ECONOMY":"6. Developing region","INCOME_GRP":"4. Lower middle income","FIPS_10":"MO","ISO_A2":"MA","ISO_A2_EH":"MA","ISO_A3":"MAR","ISO_A3_EH":"MAR","ISO_N3":"504","ISO_N3_EH":"504","UN_A3":"504","WB_A2":"MA","WB_A3":"MAR","WOE_ID":23424893,"WOE_ID_EH":23424893,"WOE_NOTE":"Exact WOE match as country","ADM0_ISO":"MAR","ADM0_DIFF":null,"ADM0_TLC":"MAR","ADM0_A3_US":"MAR","ADM0_A3_FR":"MAR","ADM0_A3_RU":"MAR","ADM0_A3_ES":"MAR","ADM0_A3_CN":"MAR","ADM0_A3_TW":"MAR","ADM0_A3_IN":"MAR","ADM0_A3_NP":"MAR","ADM0_A3_PK":"MAR","ADM0_A3_DE":"MAR","ADM0_A3_GB":"MAR","ADM0_A3_BR":"MAR","ADM0_A3_IL":"MAR","ADM0_A3_PS":"MAR","ADM0_A3_SA":"MAR","ADM0_A3_EG":"MAR","ADM0_A3_MA":"MAR","ADM0_A3_PT":"MAR","ADM0_A3_AR":"MAR","ADM0_A3_JP":"MAR","ADM0_A3_KO":"MAR","ADM0_A3_VN":"MAR","ADM0_A3_TR":"MAR","ADM0_A3_ID":"MAR","ADM0_A3_PL":"MAR","ADM0_A3_GR":"MAR","ADM0_A3_IT":"MAR","ADM0_A3_NL":"MAR","ADM0_A3_SE":"MAR","ADM0_A3_BD":"MAR","ADM0_A3_UA":"MAR","ADM0_A3_UN":-99,"ADM0_A3_WB":-99,"CONTINENT":"Africa","REGION_UN":"Africa","SUBREGION":"Northern Africa","REGION_WB":"Middle East & North Africa","NAME_LEN":7,"LONG_LEN":7,"ABBREV_LEN":4,"TINY":-99,"HOMEPART":1,"MIN_ZOOM":0,"MIN_LABEL":2.7,"MAX_LABEL":8,"LABEL_X":-7.187296,"LABEL_Y":31.650723,"NE_ID":1159321035,"WIKIDATAID":"Q1028","NAME_AR":"المغرب","NAME_BN":"মরক্কো","NAME_DE":"Marokko","NAME_EN":"Morocco","NAME_ES":"Marruecos","NAME_FA":"مراکش","NAME_FR":"Maroc","NAME_EL":"Μαρόκο","NAME_HE":"מרוקו","NAME_HI":"मोरक्को","NAME_HU":"Marokkó","NAME_ID":"Maroko","NAME_IT":"Marocco","NAME_JA":"モロッコ","NAME_KO":"모로코","NAME_NL":"Marokko","NAME_PL":"Maroko","NAME_PT":"Marrocos","NAME_RU":"Марокко","NAME_SV":"Marocko","NAME_TR":"Fas","NAME_UK":"Марокко","NAME_UR":"مراکش","NAME_VI":"Maroc","NAME_ZH":"摩洛哥","NAME_ZHT":"摩洛哥","FCLASS_ISO":"Admin-0 country","TLC_DIFF":null,"FCLASS_TLC":"Admin-0 country","FCLASS_US":null,"FCLASS_FR":null,"FCLASS_RU":null,"FCLASS_ES":null,"FCLASS_CN":null,"FCLASS_TW":null,"FCLASS_IN":null,"FCLASS_NP":null,"FCLASS_PK":null,"FCLASS_DE":null,"FCLASS_GB":null,"FCLASS_BR":null,"FCLASS_IL":null,"FCLASS_PS":null,"FCLASS_SA":null,"FCLASS_EG":null,"FCLASS_MA":null,"FCLASS_PT":null,"FCLASS_AR":null,"FCLASS_JP":null,"FCLASS_KO":null,"FCLASS_VN":null,"FCLASS_TR":null,"FCLASS_ID":null,"FCLASS_PL":null,"FCLASS_GR":null,"FCLASS_IT":null,"FCLASS_NL":null,"FCLASS_SE":null,"FCLASS_BD":null,"FCLASS_UA":null,"layer":"border"},"bbox":[-17.020428,21.420734,-1.124551,35.759988],"geometry":{"type":"Polygon","coordinates":[[[-2.169914,35.168396],[-1.792986,34.527919],[-1.733455,33.919713],[-1.388049,32.864015],[-1.124551,32.651522],[-1.307899,32.262889],[-2.616605,32.094346],[-3.06898,31.724498],[-3.647498,31.637294],[-3.690441,30.896952],[-4.859646,30.501188],[-5.242129,30.000443],[-6.060632,29.7317],[-7.059228,29.579228],[-8.674116,28.841289],[-8.66559,27.656426],[-8.817828,27.656426],[-8.794884,27.120696],[-9.413037,27.088476],[-9.735343,26.860945],[-10.189424,26.860945],[-10.551263,26.990808],[-11.392555,26.883424],[-11.71822,26.104092],[-12.030759,26.030866],[-12.500963,24.770116],[-13.89111,23.691009],[-14.221168,22.310163],[-14.630833,21.86094],[-14.750955,21.5006],[-17.002962,21.420734],[-17.020428,21.42231],[-16.973248,21.885745],[-16.589137,22.158234],[-16.261922,22.67934],[-16.326414,23.017768],[-15.982611,23.723358],[-15.426004,24.359134],[-15.089332,24.520261],[-14.824645,25.103533],[-14.800926,25.636265],[-14.43994,26.254418],[-13.773805,26.618892],[-13.139942,27.640148],[-13.121613,27.654148],[-12.618837,28.038186],[-11.688919,28.148644],[-10.900957,28.832142],[-10.399592,29.098586],[-9.564811,29.933574],[-9.814718,31.177736],[-9.434793,32.038096],[-9.300693,32.564679],[-8.657476,33.240245],[-7.654178,33.697065],[-6.912544,34.110476],[-6.244342,35.145865],[-5.929994,35.759988],[-5.193863,35.755182],[-4.591006,35.330712],[-3.640057,35.399855],[-2.604306,35.179093],[-2.169914,35.168396]]]}},{"type":"Feature","properties":{"featurecla":"Admin-0 country","scalerank":1,"LABELRANK":2,"SOVEREIGNT":"Egypt","SOV_A3":"EGY","ADM0_DIF":0,"LEVEL":2,"TYPE":"Sovereign country","TLC":"1","ADMIN":"Egypt","ADM0_A3":"EGY","GEOU_DIF":0,"GEOUNIT":"Egypt","GU_A3":"EGY","SU_DIF":0,"SUBUNIT":"Egypt","SU_A3":"EGY","BRK_DIFF":0,"NAME":"Egypt","NAME_LONG":"Egypt","BRK_A3":"EGY","BRK_NAME":"Egypt","BRK_GROUP":null,"ABBREV":"Egypt","POSTAL":"EG","FORMAL_EN":"Arab Republic of Egypt","FORMAL_FR":null,"NAME_CIAWF":"Egypt","NOTE_ADM0":null,"NOTE_BRK":null,"NAME_SORT":"Egypt, Arab Rep.","NAME_ALT":null,"MAPCOLOR7":4,"MAPCOLOR8":6,"MAPCOLOR9":7,"MAPCOLOR13":2,"POP_EST":100388073,"POP_RANK":17,"POP_YEAR":2019,"GDP_MD":303092,"GDP_YEAR":2019,"ECONOMY":"5. Emerging region: G20","INCOME_GRP":"4. Lower middle income","FIPS_10":"EG","ISO_A2":"EG","ISO_A2_EH":"EG","ISO_A3":"EGY","ISO_A3_EH":"EGY","ISO_N3":"818","ISO_N3_EH":"818","UN_A3":"818","WB_A2":"EG","WB_A3":"EGY","WOE_ID":23424802,"WOE_ID_EH":23424802,"WOE_NOTE":"Exact WOE match as country","ADM0_ISO":"EGY","ADM0_DIFF":null,"ADM0_TLC":"EGY","ADM0_A3_US":"EGY","ADM0_A3_FR":"EGY","ADM0_A3_RU":"EGY","ADM0_A3_ES":"EGY","ADM0_A3_CN":"EGY","ADM0_A3_TW":"EGY","ADM0_A3_IN":"EGY","ADM0_A3_NP":"EGY","ADM0_A3_PK":"EGY","ADM0_A3_DE":"EGY","ADM0_A3_GB":"EGY","ADM0_A3_BR":"EGY","ADM0_A3_IL":"EGY","ADM0_A3_PS":"EGY","ADM0_A3_SA":"EGY","ADM0_A3_EG":"EGY","ADM0_A3_MA":"EGY","ADM0_A3_PT":"EGY","ADM0_A3_AR":"EGY","ADM0_A3_JP":"EGY","ADM0_A3_KO":"EGY","ADM0_A3_VN":"EGY","ADM0_A3_TR":"EGY","ADM0_A3_ID":"EGY","ADM0_A3_PL":"EGY","ADM0_A3_GR":"EGY","ADM0_A3_IT":"EGY","ADM0_A3_NL":"EGY","ADM0_A3_SE":"EGY","ADM0_A3_BD":"EGY","ADM0_A3_UA":"EGY","ADM0_A3_UN":-99,"ADM0_A3_WB":-99,"CONTINENT":"Africa","REGION_UN":"Africa","SUBREGION":"Northern Africa","REGION_WB":"Middle East & North Africa","NAME_LEN":5,"LONG_LEN":5,"ABBREV_LEN":5,"TINY":-99,"HOMEPART":1,"MIN_ZOOM":0,"MIN_LABEL":1.7,"MAX_LABEL":6.7,"LABEL_X":29.445837,"LABEL_Y":26.186173,"NE_ID":1159320575,"WIKIDATAID":"Q79","NAME_AR":"مصر","NAME_BN":"মিশর","NAME_DE":"Ägypten","NAME_EN":"Egypt","NAME_ES":"Egipto","NAME_FA":"مصر","NAME_FR":"Égypte","NAME_EL":"Αίγυπτος","NAME_HE":"מצרים","NAME_HI":"मिस्र","NAME_HU":"Egyiptom","NAME_ID":"Mesir","NAME_IT":"Egitto","NAME_JA":"エジプト","NAME_KO":"이집트","NAME_NL":"Egypte","NAME_PL":"Egipt","NAME_PT":"Egito","NAME_RU":"Египет","NAME_SV":"Egypten","NAME_TR":"Mısır","NAME_UK":"Єгипет","NAME_UR":"مصر","NAME_VI":"Ai Cập","NAME_ZH":"埃及","NAME_ZHT":"埃及","FCLASS_ISO":"Admin-0 country","TLC_DIFF":null,"FCLASS_TLC":"Admin-0 country","FCLASS_US":null,"FCLASS_FR":null,"FCLASS_RU":null,"FCLASS_ES":null,"FCLASS_CN":null,"FCLASS_TW":null,"FCLASS_IN":null,"FCLASS_NP":null,"FCLASS_PK":null,"FCLASS_DE":null,"FCLASS_GB":null,"FCLASS_BR":null,"FCLASS_IL":null,"FCLASS_PS":null,"FCLASS_SA":null,"FCLASS_EG":null,"FCLASS_MA":null,"FCLASS_PT":null,"FCLASS_AR":null,"FCLASS_JP":null,"FCLASS_KO":null,"FCLASS_VN":null,"FCLASS_TR":null,"FCLASS_ID":null,"FCLASS_PL":null,"FCLASS_GR":null,"FCLASS_IT":null,"FCLASS_NL":null,"FCLASS_SE":null,"FCLASS_BD":null,"FCLASS_UA":null,"layer":"border"},"bbox":[24.70007,22,36.86623,31.58568],"geometry":{"type":"Polygon","coordinates":[[[36.86623,22],[32.9,22],[29.02,22],[25,22],[25,25.6825],[25,29.238655],[24.70007,30.04419],[24.95762,30.6616],[24.80287,31.08929],[25.16482,31.56915],[26.49533,31.58568],[27.45762,31.32126],[28.45048,31.02577],[28.91353,30.87005],[29.68342,31.18686],[30.09503,31.4734],[30.97693,31.55586],[31.68796,31.4296],[31.96041,30.9336],[32.19247,31.26034],[32.99392,31.02407],[33.7734,30.96746],[34.265435,31.219357],[34.26544,31.21936],[34.823243,29.761081],[34.9226,29.50133],[34.64174,29.09942],[34.42655,28.34399],[34.15451,27.8233],[33.92136,27.6487],[33.58811,27.97136],[33.13676,28.41765],[32.42323,29.85108],[32.32046,29.76043],[32.73482,28.70523],[33.34876,27.69989],[34.10455,26.14227],[34.47387,25.59856],[34.79507,25.03375],[35.69241,23.92671],[35.49372,23.75237],[35.52598,23.10244],[36.69069,22.20485],[36.86623,22]]]}},{"type":"Feature","properties":{"featurecla":"Admin-0 country","scalerank":1,"LABELRANK":3,"SOVEREIGNT":"Libya","SOV_A3":"LBY","ADM0_DIF":0,"LEVEL":2,"TYPE":"Sovereign country","TLC":"1","ADMIN":"Libya","ADM0_A3":"LBY","GEOU_DIF":0,"GEOUNIT":"Libya","GU_A3":"LBY","SU_DIF":0,"SUBUNIT":"Libya","SU_A3":"LBY","BRK_DIFF":0,"NAME":"Libya","NAME_LONG":"Libya","BRK_A3":"LBY","BRK_NAME":"Libya","BRK_GROUP":null,"ABBREV":"Libya","POSTAL":"LY","FORMAL_EN":"Libya","FORMAL_FR":null,"NAME_CIAWF":"Libya","NOTE_ADM0":null,"NOTE_BRK":null,"NAME_SORT":"Libya","NAME_ALT":null,"MAPCOLOR7":1,"MAPCOLOR8":2,"MAPCOLOR9":2,"MAPCOLOR13":11,"POP_EST":6777452,"POP_RANK":13,"POP_YEAR":2019,"GDP_MD":52091,"GDP_YEAR":2019,"ECONOMY":"6. Developing region","INCOME_GRP":"3. Upper middle income","FIPS_10":"LY","ISO_A2":"LY","ISO_A2_EH":"LY","ISO_A3":"LBY","ISO_A3_EH":"LBY","ISO_N3":"434","ISO_N3_EH":"434","UN_A3":"434","WB_A2":"LY","WB_A3":"LBY","WOE_ID":23424882,"WOE_ID_EH":23424882,"WOE_NOTE":"Exact WOE match as country","ADM0_ISO":"LBY","ADM0_DIFF":null,"ADM0_TLC":"LBY","ADM0_A3_US":"LBY","ADM0_A3_FR":"LBY","ADM0_A3_RU":"LBY","ADM0_A3_ES":"LBY","ADM0_A3_CN":"LBY","ADM0_A3_TW":"LBY","ADM0_A3_IN":"LBY","ADM0_A3_NP":"LBY","ADM0_A3_PK":"LBY","ADM0_A3_DE":"LBY","ADM0_A3_GB":"LBY","ADM0_A3_BR":"LBY","ADM0_A3_IL":"LBY","ADM0_A3_PS":"LBY","ADM0_A3_SA":"LBY","ADM0_A3_EG":"LBY","ADM0_A3_MA":"LBY","ADM0_A3_PT":"LBY","ADM0_A3_AR":"LBY","ADM0_A3_JP":"LBY","ADM0_A3_KO":"LBY","ADM0_A3_VN":"LBY","ADM0_A3_TR":"LBY","ADM0_A3_ID":"LBY","ADM0_A3_PL":"LBY","ADM0_A3_GR":"LBY","ADM0_A3_IT":"LBY","ADM0_A3_NL":"LBY","ADM0_A3_SE":"LBY","ADM0_A3_BD":"LBY","ADM0_A3_UA":"LBY","ADM0_A3_UN":-99,"ADM0_A3_WB":-99,"CONTINENT":"Africa","REGION_UN":"Africa","SUBREGION":"Northern Africa","REGION_WB":"Middle East & North Africa","NAME_LEN":5,"LONG_LEN":5,"ABBREV_LEN":5,"TINY":-99,"HOMEPART":1,"MIN_ZOOM":0,"MIN_LABEL":3,"MAX_LABEL":8,"LABEL_X":18.011015,"LABEL_Y":26.638944,"NE_ID":1159321017,"WIKIDATAID":"Q1016","NAME_AR":"ليبيا","NAME_BN":"লিবিয়া","NAME_DE":"Libyen","NAME_EN":"Libya","NAME_ES":"Libia","NAME_FA":"لیبی","NAME_FR":"Libye","NAME_EL":"Λιβύη","NAME_HE":"לוב","NAME_HI":"लीबिया","NAME_HU":"Líbia","NAME_ID":"Libya","NAME_IT":"Libia","NAME_JA":"リビア","NAME_KO":"리비아","NAME_NL":"Libië","NAME_PL":"Libia","NAME_PT":"Líbia","NAME_RU":"Ливия","NAME_SV":"Libyen","NAME_TR":"Libya","NAME_UK":"Лівія","NAME_UR":"لیبیا","NAME_VI":"Libya","NAME_ZH":"利比亚","NAME_ZHT":"利比亞","FCLASS_ISO":"Admin-0 country","TLC_DIFF":null,"FCLASS_TLC":"Admin-0 country","FCLASS_US":null,"FCLASS_FR":null,"FCLASS_RU":null,"FCLASS_ES":null,"FCLASS_CN":null,"FCLASS_TW":null,"FCLASS_IN":null,"FCLASS_NP":null,"FCLASS_PK":null,"FCLASS_DE":null,"FCLASS_GB":null,"FCLASS_BR":null,"FCLASS_IL":null,"FCLASS_PS":null,"FCLASS_SA":null,"FCLASS_EG":null,"FCLASS_MA":null,"FCLASS_PT":null,"FCLASS_AR":null,"FCLASS_JP":null,"FCLASS_KO":null,"FCLASS_VN":null,"FCLASS_TR":null,"FCLASS_ID":null,"FCLASS_PL":null,"FCLASS_GR":null,"FCLASS_IT":null,"FCLASS_NL":null,"FCLASS_SE":null,"FCLASS_BD":null,"FCLASS_UA":null,"layer":"border"},"bbox":[9.319411,19.58047,25.16482,33.136996],"geometry":{"type":"Polygon","coordinates":[[[25,22],[25,20.00304],[23.85,20],[23.83766,19.58047],[19.84926,21.49509],[15.86085,23.40972],[14.8513,22.86295],[14.143871,22.491289],[13.581425,23.040506],[11.999506,23.471668],[11.560669,24.097909],[10.771364,24.562532],[10.303847,24.379313],[9.948261,24.936954],[9.910693,25.365455],[9.319411,26.094325],[9.716286,26.512206],[9.629056,27.140953],[9.756128,27.688259],[9.683885,28.144174],[9.859998,28.95999],[9.805634,29.424638],[9.48214,30.307556],[9.970017,30.539325],[10.056575,30.961831],[9.950225,31.37607],[10.636901,31.761421],[10.94479,32.081815],[11.432253,32.368903],[11.488787,33.136996],[12.66331,32.79278],[13.08326,32.87882],[13.91868,32.71196],[15.24563,32.26508],[15.71394,31.37626],[16.61162,31.18218],[18.02109,30.76357],[19.08641,30.26639],[19.57404,30.52582],[20.05335,30.98576],[19.82033,31.75179],[20.13397,32.2382],[20.85452,32.7068],[21.54298,32.8432],[22.89576,32.63858],[23.2368,32.19149],[23.60913,32.18726],[23.9275,32.01667],[24.92114,31.89936],[25.16482,31.56915],[24.80287,31.08929],[24.95762,30.6616],[24.70007,30.04419],[25,29.238655],[25,25.6825],[25,22]]]}},{"type":"Feature","properties":{"featurecla":"Admin-0 country","scalerank":1,"LABELRANK":2,"SOVEREIGNT":"Ethiopia","SOV_A3":"ETH","ADM0_DIF":0,"LEVEL":2,"TYPE":"Sovereign country","TLC":"1","ADMIN":"Ethiopia","ADM0_A3":"ETH","GEOU_DIF":0,"GEOUNIT":"Ethiopia","GU_A3":"ETH","SU_DIF":0,"SUBUNIT":"Ethiopia","SU_A3":"ETH","BRK_DIFF":0,"NAME":"Ethiopia","NAME_LONG":"Ethiopia","BRK_A3":"ETH","BRK_NAME":"Ethiopia","BRK_GROUP":null,"ABBREV":"Eth.","POSTAL":"ET","FORMAL_EN":"Federal Democratic Republic of Ethiopia","FORMAL_FR":null,"NAME_CIAWF":"Ethiopia","NOTE_ADM0":null,"NOTE_BRK":null,"NAME_SORT":"Ethiopia","NAME_ALT":null,"MAPCOLOR7":4,"MAPCOLOR8":4,"MAPCOLOR9":1,"MAPCOLOR13":13,"POP_EST":112078730,"POP_RANK":17,"POP_YEAR":2019,"GDP_MD":95912,"GDP_YEAR":2019,"ECONOMY":"7. Least developed region","INCOME_GRP":"5. Low income","FIPS_10":"ET","ISO_A2":"ET","ISO_A2_EH":"ET","ISO_A3":"ETH","ISO_A3_EH":"ETH","ISO_N3":"231","ISO_N3_EH":"231","UN_A3":"231","WB_A2":"ET","WB_A3":"ETH","WOE_ID":23424808,"WOE_ID_EH":23424808,"WOE_NOTE":"Exact WOE match as country","ADM0_ISO":"ETH","ADM0_DIFF":null,"ADM0_TLC":"ETH","ADM0_A3_US":"ETH","ADM0_A3_FR":"ETH","ADM0_A3_RU":"ETH","ADM0_A3_ES":"ETH","ADM0_A3_CN":"ETH","ADM0_A3_TW":"ETH","ADM0_A3_IN":"ETH","ADM0_A3_NP":"ETH","ADM0_A3_PK":"ETH","ADM0_A3_DE":"ETH","ADM0_A3_GB":"ETH","ADM0_A3_BR":"ETH","ADM0_A3_IL":"ETH","ADM0_A3_PS":"ETH","ADM0_A3_SA":"ETH","ADM0_A3_EG":"ETH","ADM0_A3_MA":"ETH","ADM0_A3_PT":"ETH","ADM0_A3_AR":"ETH","ADM0_A3_JP":"ETH","ADM0_A3_KO":"ETH","ADM0_A3_VN":"ETH","ADM0_A3_TR":"ETH","ADM0_A3_ID":"ETH","ADM0_A3_PL":"ETH","ADM0_A3_GR":"ETH","ADM0_A3_IT":"ETH","ADM0_A3_NL":"ETH","ADM0_A3_SE":"ETH","ADM0_A3_BD":"ETH","ADM0_A3_UA":"ETH","ADM0_A3_UN":-99,"ADM0_A3_WB":-99,"CONTINENT":"Africa","REGION_UN":"Africa","SUBREGION":"Eastern Africa","REGION_WB":"Sub-Saharan Africa","NAME_LEN":8,"LONG_LEN":8,"ABBREV_LEN":4,"TINY":-99,"HOMEPART":1,"MIN_ZOOM":0,"MIN_LABEL":2,"MAX_LABEL":7,"LABEL_X":39.0886,"LABEL_Y":8.032795,"NE_ID":1159320617,"WIKIDATAID":"Q115","NAME_AR":"إثيوبيا","NAME_BN":"ইথিওপিয়া","NAME_DE":"Äthiopien","NAME_EN":"Ethiopia","NAME_ES":"Etiopía","NAME_FA":"اتیوپی","NAME_FR":"Éthiopie","NAME_EL":"Αιθιοπία","NAME_HE":"אתיופיה","NAME_HI":"इथियोपिया","NAME_HU":"Etiópia","NAME_ID":"Ethiopia","NAME_IT":"Etiopia","NAME_JA":"エチオピア","NAME_KO":"에티오피아","NAME_NL":"Ethiopië","NAME_PL":"Etiopia","NAME_PT":"Etiópia","NAME_RU":"Эфиопия","NAME_SV":"Etiopien","NAME_TR":"Etiyopya","NAME_UK":"Ефіопія","NAME_UR":"ایتھوپیا","NAME_VI":"Ethiopia","NAME_ZH":"埃塞俄比亚","NAME_ZHT":"衣索比亞","FCLASS_ISO":"Admin-0 country","TLC_DIFF":null,"FCLASS_TLC":"Admin-0 country","FCLASS_US":null,"FCLASS_FR":null,"FCLASS_RU":null,"FCLASS_ES":null,"FCLASS_CN":null,"FCLASS_TW":null,"FCLASS_IN":null,"FCLASS_NP":null,"FCLASS_PK":null,"FCLASS_DE":null,"FCLASS_GB":null,"FCLASS_BR":null,"FCLASS_IL":null,"FCLASS_PS":null,"FCLASS_SA":null,"FCLASS_EG":null,"FCLASS_MA":null,"FCLASS_PT":null,"FCLASS_AR":null,"FCLASS_JP":null,"FCLASS_KO":null,"FCLASS_VN":null,"FCLASS_TR":null,"FCLASS_ID":null,"FCLASS_PL":null,"FCLASS_GR":null,"FCLASS_IT":null,"FCLASS_NL":null,"FCLASS_SE":null,"FCLASS_BD":null,"FCLASS_UA":null,"layer":"border"},"bbox":[32.95418,3.42206,47.78942,14.95943],"geometry":{"type":"Polygon","coordinates":[[[47.78942,8.003],[44.9636,5.00162],[43.66087,4.95755],[42.76967,4.25259],[42.12861,4.23413],[41.855083,3.918912],[41.1718,3.91909],[40.76848,4.25702],[39.85494,3.83879],[39.559384,3.42206],[38.89251,3.50074],[38.67114,3.61607],[38.43697,3.58851],[38.120915,3.598605],[36.855093,4.447864],[36.159079,4.447864],[35.817448,4.776966],[35.817448,5.338232],[35.298007,5.506],[34.70702,6.59422],[34.25032,6.82607],[34.0751,7.22595],[33.56829,7.71334],[32.95418,7.78497],[33.2948,8.35458],[33.8255,8.37916],[33.97498,8.68456],[33.96162,9.58358],[34.25745,10.63009],[34.73115,10.91017],[34.83163,11.31896],[35.26049,12.08286],[35.86363,12.57828],[36.27022,13.56333],[36.42951,14.42211],[37.59377,14.2131],[37.90607,14.95943],[38.51295,14.50547],[39.0994,14.74064],[39.34061,14.53155],[40.02625,14.51959],[40.8966,14.11864],[41.1552,13.77333],[41.59856,13.45209],[42.00975,12.86582],[42.35156,12.54223],[42,12.1],[41.66176,11.6312],[41.73959,11.35511],[41.75557,11.05091],[42.31414,11.0342],[42.55493,11.10511],[42.776852,10.926879],[42.55876,10.57258],[42.92812,10.02194],[43.29699,9.54048],[43.67875,9.18358],[46.94834,7.99688],[47.78942,8.003]]]}},{"type":"Feature","properties":{"featurecla":"Admin-0 country","scalerank":1,"LABELRANK":5,"SOVEREIGNT":"Djibouti","SOV_A3":"DJI","ADM0_DIF":0,"LEVEL":2,"TYPE":"Sovereign country","TLC":"1","ADMIN":"Djibouti","ADM0_A3":"DJI","GEOU_DIF":0,"GEOUNIT":"Djibouti","GU_A3":"DJI","SU_DIF":0,"SUBUNIT":"Djibouti","SU_A3":"DJI","BRK_DIFF":0,"NAME":"Djibouti","NAME_LONG":"Djibouti","BRK_A3":"DJI","BRK_NAME":"Djibouti","BRK_GROUP":null,"ABBREV":"Dji.","POSTAL":"DJ","FORMAL_EN":"Republic of Djibouti","FORMAL_FR":null,"NAME_CIAWF":"Djibouti","NOTE_ADM0":null,"NOTE_BRK":null,"NAME_SORT":"Djibouti","NAME_ALT":null,"MAPCOLOR7":1,"MAPCOLOR8":2,"MAPCOLOR9":4,"MAPCOLOR13":8,"POP_EST":973560,"POP_RANK":11,"POP_YEAR":2019,"GDP_MD":3324,"GDP_YEAR":2019,"ECONOMY":"7. Least developed region","INCOME_GRP":"4. Lower middle income","FIPS_10":"DJ","ISO_A2":"DJ","ISO_A2_EH":"DJ","ISO_A3":"DJI","ISO_A3_EH":"DJI","ISO_N3":"262","ISO_N3_EH":"262","UN_A3":"262","WB_A2":"DJ","WB_A3":"DJI","WOE_ID":23424797,"WOE_ID_EH":23424797,"WOE_NOTE":"Exact WOE match as country","ADM0_ISO":"DJI","ADM0_DIFF":null,"ADM0_TLC":"DJI","ADM0_A3_US":"DJI","ADM0_A3_FR":"DJI","ADM0_A3_RU":"DJI","ADM0_A3_ES":"DJI","ADM0_A3_CN":"DJI","ADM0_A3_TW":"DJI","ADM0_A3_IN":"DJI","ADM0_A3_NP":"DJI","ADM0_A3_PK":"DJI","ADM0_A3_DE":"DJI","ADM0_A3_GB":"DJI","ADM0_A3_BR":"DJI","ADM0_A3_IL":"DJI","ADM0_A3_PS":"DJI","ADM0_A3_SA":"DJI","ADM0_A3_EG":"DJI","ADM0_A3_MA":"DJI","ADM0_A3_PT":"DJI","ADM0_A3_AR":"DJI","ADM0_A3_JP":"DJI","ADM0_A3_KO":"DJI","ADM0_A3_VN":"DJI","ADM0_A3_TR":"DJI","ADM0_A3_ID":"DJI","ADM0_A3_PL":"DJI","ADM0_A3_GR":"DJI","ADM0_A3_IT":"DJI","ADM0_A3_NL":"DJI","ADM0_A3_SE":"DJI","ADM0_A3_BD":"DJI","ADM0_A3_UA":"DJI","ADM0_A3_UN":-99,"ADM0_A3_WB":-99,"CONTINENT":"Africa","REGION_UN":"Africa","SUBREGION":"Eastern Africa","REGION_WB":"Middle East & North Africa","NAME_LEN":8,"LONG_LEN":8,"ABBREV_LEN":4,"TINY":-99,"HOMEPART":1,"MIN_ZOOM":0,"MIN_LABEL":4,"MAX_LABEL":9,"LABEL_X":42.498825,"LABEL_Y":11.976343,"NE_ID":1159320541,"WIKIDATAID":"Q977","NAME_AR":"جيبوتي","NAME_BN":"জিবুতি","NAME_DE":"Dschibuti","NAME_EN":"Djibouti","NAME_ES":"Yibuti","NAME_FA":"جیبوتی","NAME_FR":"Djibouti","NAME_EL":"Τζιμπουτί","NAME_HE":"ג'יבוטי","NAME_HI":"जिबूती","NAME_HU":"Dzsibuti","NAME_ID":"Djibouti","NAME_IT":"Gibuti","NAME_JA":"ジブチ","NAME_KO":"지부티","NAME_NL":"Djibouti","NAME_PL":"Dżibuti","NAME_PT":"Djibouti","NAME_RU":"Джибути","NAME_SV":"Djibouti","NAME_TR":"Cibuti","NAME_UK":"Джибуті","NAME_UR":"جبوتی","NAME_VI":"Djibouti","NAME_ZH":"吉布提","NAME_ZHT":"吉布地","FCLASS_ISO":"Admin-0 country","TLC_DIFF":null,"FCLASS_TLC":"Admin-0 country","FCLASS_US":null,"FCLASS_FR":null,"FCLASS_RU":null,"FCLASS_ES":null,"FCLASS_CN":null,"FCLASS_TW":null,"FCLASS_IN":null,"FCLASS_NP":null,"FCLASS_PK":null,"FCLASS_DE":null,"FCLASS_GB":null,"FCLASS_BR":null,"FCLASS_IL":null,"FCLASS_PS":null,"FCLASS_SA":null,"FCLASS_EG":null,"FCLASS_MA":null,"FCLASS_PT":null,"FCLASS_AR":null,"FCLASS_JP":null,"FCLASS_KO":null,"FCLASS_VN":null,"FCLASS_TR":null,"FCLASS_ID":null,"FCLASS_PL":null,"FCLASS_GR":null,"FCLASS_IT":null,"FCLASS_NL":null,"FCLASS_SE":null,"FCLASS_BD":null,"FCLASS_UA":null,"layer":"border"},"bbox":[41.66176,10.926879,43.317852,12.699639],"geometry":{"type":"Polygon","coordinates":[[[42.35156,12.54223],[42.779642,12.455416],[43.081226,12.699639],[43.317852,12.390148],[43.286381,11.974928],[42.715874,11.735641],[43.145305,11.46204],[42.776852,10.926879],[42.55493,11.10511],[42.31414,11.0342],[41.75557,11.05091],[41.73959,11.35511],[41.66176,11.6312],[42,12.1],[42.35156,12.54223]]]}},{"type":"Feature","properties":{"featurecla":"Admin-0 country","scalerank":1,"LABELRANK":5,"SOVEREIGNT":"Bosnia and Herzegovina","SOV_A3":"BIH","ADM0_DIF":0,"LEVEL":2,"TYPE":"Sovereign country","TLC":"1","ADMIN":"Bosnia and Herzegovina","ADM0_A3":"BIH","GEOU_DIF":0,"GEOUNIT":"Bosnia and Herzegovina","GU_A3":"BIH","SU_DIF":0,"SUBUNIT":"Bosnia and Herzegovina","SU_A3":"BIH","BRK_DIFF":0,"NAME":"Bosnia and Herz.","NAME_LONG":"Bosnia and Herzegovina","BRK_A3":"BIH","BRK_NAME":"Bosnia and Herz.","BRK_GROUP":null,"ABBREV":"B.H.","POSTAL":"BiH","FORMAL_EN":"Bosnia and Herzegovina","FORMAL_FR":null,"NAME_CIAWF":"Bosnia and Herzegovina","NOTE_ADM0":null,"NOTE_BRK":null,"NAME_SORT":"Bosnia and Herzegovina","NAME_ALT":null,"MAPCOLOR7":1,"MAPCOLOR8":1,"MAPCOLOR9":1,"MAPCOLOR13":2,"POP_EST":3301000,"POP_RANK":12,"POP_YEAR":2019,"GDP_MD":20164,"GDP_YEAR":2019,"ECONOMY":"6. Developing region","INCOME_GRP":"3. Upper middle income","FIPS_10":"BK","ISO_A2":"BA","ISO_A2_EH":"BA","ISO_A3":"BIH","ISO_A3_EH":"BIH","ISO_N3":"070","ISO_N3_EH":"070","UN_A3":"070","WB_A2":"BA","WB_A3":"BIH","WOE_ID":23424761,"WOE_ID_EH":23424761,"WOE_NOTE":"Exact WOE match as country","ADM0_ISO":"BIH","ADM0_DIFF":null,"ADM0_TLC":"BIH","ADM0_A3_US":"BIH","ADM0_A3_FR":"BIH","ADM0_A3_RU":"BIH","ADM0_A3_ES":"BIH","ADM0_A3_CN":"BIH","ADM0_A3_TW":"BIH","ADM0_A3_IN":"BIH","ADM0_A3_NP":"BIH","ADM0_A3_PK":"BIH","ADM0_A3_DE":"BIH","ADM0_A3_GB":"BIH","ADM0_A3_BR":"BIH","ADM0_A3_IL":"BIH","ADM0_A3_PS":"BIH","ADM0_A3_SA":"BIH","ADM0_A3_EG":"BIH","ADM0_A3_MA":"BIH","ADM0_A3_PT":"BIH","ADM0_A3_AR":"BIH","ADM0_A3_JP":"BIH","ADM0_A3_KO":"BIH","ADM0_A3_VN":"BIH","ADM0_A3_TR":"BIH","ADM0_A3_ID":"BIH","ADM0_A3_PL":"BIH","ADM0_A3_GR":"BIH","ADM0_A3_IT":"BIH","ADM0_A3_NL":"BIH","ADM0_A3_SE":"BIH","ADM0_A3_BD":"BIH","ADM0_A3_UA":"BIH","ADM0_A3_UN":-99,"ADM0_A3_WB":-99,"CONTINENT":"Europe","REGION_UN":"Europe","SUBREGION":"Southern Europe","REGION_WB":"Europe & Central Asia","NAME_LEN":16,"LONG_LEN":22,"ABBREV_LEN":4,"TINY":-99,"HOMEPART":1,"MIN_ZOOM":0,"MIN_LABEL":4.5,"MAX_LABEL":6.8,"LABEL_X":18.06841,"LABEL_Y":44.091051,"NE_ID":1159320417,"WIKIDATAID":"Q225","NAME_AR":"البوسنة والهرسك","NAME_BN":"বসনিয়া ও হার্জেগোভিনা","NAME_DE":"Bosnien und Herzegowina","NAME_EN":"Bosnia and Herzegovina","NAME_ES":"Bosnia y Herzegovina","NAME_FA":"بوسنی و هرزگوین","NAME_FR":"Bosnie-Herzégovine","NAME_EL":"Βοσνία και Ερζεγοβίνη","NAME_HE":"בוסניה והרצגובינה","NAME_HI":"बॉस्निया और हर्ज़ेगोविना","NAME_HU":"Bosznia-Hercegovina","NAME_ID":"Bosnia dan Herzegovina","NAME_IT":"Bosnia ed Erzegovina","NAME_JA":"ボスニア・ヘルツェゴビナ","NAME_KO":"보스니아 헤르체고비나","NAME_NL":"Bosnië en Herzegovina","NAME_PL":"Bośnia i Hercegowina","NAME_PT":"Bósnia e Herzegovina","NAME_RU":"Босния и Герцеговина","NAME_SV":"Bosnien och Hercegovina","NAME_TR":"Bosna-Hersek","NAME_UK":"Боснія і Герцеговина","NAME_UR":"بوسنیا و ہرزیگووینا","NAME_VI":"Bosna và Hercegovina","NAME_ZH":"波斯尼亚和黑塞哥维那","NAME_ZHT":"波士尼亞與赫塞哥維納","FCLASS_ISO":"Admin-0 country","TLC_DIFF":null,"FCLASS_TLC":"Admin-0 country","FCLASS_US":null,"FCLASS_FR":null,"FCLASS_RU":null,"FCLASS_ES":null,"FCLASS_CN":null,"FCLASS_TW":null,"FCLASS_IN":null,"FCLASS_NP":null,"FCLASS_PK":null,"FCLASS_DE":null,"FCLASS_GB":null,"FCLASS_BR":null,"FCLASS_IL":null,"FCLASS_PS":null,"FCLASS_SA":null,"FCLASS_EG":null,"FCLASS_MA":null,"FCLASS_PT":null,"FCLASS_AR":null,"FCLASS_JP":null,"FCLASS_KO":null,"FCLASS_VN":null,"FCLASS_TR":null,"FCLASS_ID":null,"FCLASS_PL":null,"FCLASS_GR":null,"FCLASS_IT":null,"FCLASS_NL":null,"FCLASS_SE":null,"FCLASS_BD":null,"FCLASS_UA":null,"layer":"border"},"bbox":[15.750026,42.65,19.59976,45.233777],"geometry":{"type":"Polygon","coordinates":[[[18.56,42.65],[17.674922,43.028563],[17.297373,43.446341],[16.916156,43.667722],[16.456443,44.04124],[16.23966,44.351143],[15.750026,44.818712],[15.959367,45.233777],[16.318157,45.004127],[16.534939,45.211608],[17.002146,45.233777],[17.861783,45.06774],[18.553214,45.08159],[19.005485,44.860234],[19.00548,44.86023],[19.36803,44.863],[19.11761,44.42307],[19.59976,44.03847],[19.454,43.5681],[19.21852,43.52384],[19.03165,43.43253],[18.70648,43.20011],[18.56,42.65]]]}},{"type":"Feature","properties":{"featurecla":"Admin-0 country","scalerank":1,"LABELRANK":6,"SOVEREIGNT":"North Macedonia","SOV_A3":"MKD","ADM0_DIF":0,"LEVEL":2,"TYPE":"Sovereign country","TLC":"1","ADMIN":"North Macedonia","ADM0_A3":"MKD","GEOU_DIF":0,"GEOUNIT":"North Macedonia","GU_A3":"MKD","SU_DIF":0,"SUBUNIT":"North Macedonia","SU_A3":"MKD","BRK_DIFF":0,"NAME":"North Macedonia","NAME_LONG":"North Macedonia","BRK_A3":"MKD","BRK_NAME":"North Macedonia","BRK_GROUP":null,"ABBREV":"N. Mac.","POSTAL":"NM","FORMAL_EN":"Republic of North Macedonia","FORMAL_FR":null,"NAME_CIAWF":"North Macedonia","NOTE_ADM0":null,"NOTE_BRK":null,"NAME_SORT":"North Macedonia","NAME_ALT":null,"MAPCOLOR7":5,"MAPCOLOR8":3,"MAPCOLOR9":7,"MAPCOLOR13":3,"POP_EST":2083459,"POP_RANK":12,"POP_YEAR":2019,"GDP_MD":12547,"GDP_YEAR":2019,"ECONOMY":"6. Developing region","INCOME_GRP":"3. Upper middle income","FIPS_10":"MK","ISO_A2":"MK","ISO_A2_EH":"MK","ISO_A3":"MKD","ISO_A3_EH":"MKD","ISO_N3":"807","ISO_N3_EH":"807","UN_A3":"807","WB_A2":"MK","WB_A3":"MKD","WOE_ID":23424890,"WOE_ID_EH":23424890,"WOE_NOTE":"Exact WOE match as country","ADM0_ISO":"MKD","ADM0_DIFF":null,"ADM0_TLC":"MKD","ADM0_A3_US":"MKD","ADM0_A3_FR":"MKD","ADM0_A3_RU":"MKD","ADM0_A3_ES":"MKD","ADM0_A3_CN":"MKD","ADM0_A3_TW":"MKD","ADM0_A3_IN":"MKD","ADM0_A3_NP":"MKD","ADM0_A3_PK":"MKD","ADM0_A3_DE":"MKD","ADM0_A3_GB":"MKD","ADM0_A3_BR":"MKD","ADM0_A3_IL":"MKD","ADM0_A3_PS":"MKD","ADM0_A3_SA":"MKD","ADM0_A3_EG":"MKD","ADM0_A3_MA":"MKD","ADM0_A3_PT":"MKD","ADM0_A3_AR":"MKD","ADM0_A3_JP":"MKD","ADM0_A3_KO":"MKD","ADM0_A3_VN":"MKD","ADM0_A3_TR":"MKD","ADM0_A3_ID":"MKD","ADM0_A3_PL":"MKD","ADM0_A3_GR":"MKD","ADM0_A3_IT":"MKD","ADM0_A3_NL":"MKD","ADM0_A3_SE":"MKD","ADM0_A3_BD":"MKD","ADM0_A3_UA":"MKD","ADM0_A3_UN":-99,"ADM0_A3_WB":-99,"CONTINENT":"Europe","REGION_UN":"Europe","SUBREGION":"Southern Europe","REGION_WB":"Europe & Central Asia","NAME_LEN":15,"LONG_LEN":15,"ABBREV_LEN":7,"TINY":-99,"HOMEPART":1,"MIN_ZOOM":0,"MIN_LABEL":5,"MAX_LABEL":10,"LABEL_X":21.555839,"LABEL_Y":41.558223,"NE_ID":1159321061,"WIKIDATAID":"Q221","NAME_AR":"مقدونيا الشمالية","NAME_BN":"উত্তর মেসিডোনিয়া","NAME_DE":"Nordmazedonien","NAME_EN":"North Macedonia","NAME_ES":"Macedonia del Norte","NAME_FA":"مقدونیه شمالی","NAME_FR":"Macédoine du Nord","NAME_EL":"Βόρεια Μακεδονία","NAME_HE":"מקדוניה הצפונית","NAME_HI":"उत्तर मैसिडोनिया","NAME_HU":"Észak-Macedónia","NAME_ID":"Republik Makedonia Utara","NAME_IT":"Macedonia del Nord","NAME_JA":"北マケドニア","NAME_KO":"북마케도니아","NAME_NL":"Noord-Macedonië","NAME_PL":"Macedonia Północna","NAME_PT":"Macedónia do Norte","NAME_RU":"Северная Македония","NAME_SV":"Nordmakedonien","NAME_TR":"Kuzey Makedonya","NAME_UK":"Північна Македонія","NAME_UR":"شمالی مقدونیہ","NAME_VI":"Bắc Macedonia","NAME_ZH":"北马其顿","NAME_ZHT":"北馬其頓","FCLASS_ISO":"Admin-0 country","TLC_DIFF":null,"FCLASS_TLC":"Admin-0 country","FCLASS_US":null,"FCLASS_FR":null,"FCLASS_RU":null,"FCLASS_ES":null,"FCLASS_CN":null,"FCLASS_TW":null,"FCLASS_IN":null,"FCLASS_NP":null,"FCLASS_PK":null,"FCLASS_DE":null,"FCLASS_GB":null,"FCLASS_BR":null,"FCLASS_IL":null,"FCLASS_PS":null,"FCLASS_SA":null,"FCLASS_EG":null,"FCLASS_MA":null,"FCLASS_PT":null,"FCLASS_AR":null,"FCLASS_JP":null,"FCLASS_KO":null,"FCLASS_VN":null,"FCLASS_TR":null,"FCLASS_ID":null,"FCLASS_PL":null,"FCLASS_GR":null,"FCLASS_IT":null,"FCLASS_NL":null,"FCLASS_SE":null,"FCLASS_BD":null,"FCLASS_UA":null,"layer":"border"},"bbox":[20.463175,40.842727,22.952377,42.32026],"geometry":{"type":"Polygon","coordinates":[[[22.380526,42.32026],[22.881374,41.999297],[22.952377,41.337994],[22.76177,41.3048],[22.597308,41.130487],[22.055378,41.149866],[21.674161,40.931275],[21.02004,40.842727],[20.605182,41.086226],[20.463175,41.515089],[20.590247,41.855404],[20.590247,41.855409],[20.71731,41.84711],[20.76216,42.05186],[21.3527,42.2068],[21.576636,42.245224],[21.91708,42.30364],[22.380526,42.32026]]]}},{"type":"Feature","properties":{"featurecla":"Admin-0 country","scalerank":1,"LABELRANK":5,"SOVEREIGNT":"Republic of Serbia","SOV_A3":"SRB","ADM0_DIF":0,"LEVEL":2,"TYPE":"Sovereign country","TLC":"1","ADMIN":"Republic of Serbia","ADM0_A3":"SRB","GEOU_DIF":0,"GEOUNIT":"Republic of Serbia","GU_A3":"SRB","SU_DIF":0,"SUBUNIT":"Republic of Serbia","SU_A3":"SRB","BRK_DIFF":0,"NAME":"Serbia","NAME_LONG":"Serbia","BRK_A3":"SRB","BRK_NAME":"Serbia","BRK_GROUP":null,"ABBREV":"Serb.","POSTAL":"RS","FORMAL_EN":"Republic of Serbia","FORMAL_FR":null,"NAME_CIAWF":"Serbia","NOTE_ADM0":null,"NOTE_BRK":null,"NAME_SORT":"Serbia","NAME_ALT":null,"MAPCOLOR7":3,"MAPCOLOR8":3,"MAPCOLOR9":2,"MAPCOLOR13":10,"POP_EST":6944975,"POP_RANK":13,"POP_YEAR":2019,"GDP_MD":51475,"GDP_YEAR":2019,"ECONOMY":"6. Developing region","INCOME_GRP":"3. Upper middle income","FIPS_10":"RI","ISO_A2":"RS","ISO_A2_EH":"RS","ISO_A3":"SRB","ISO_A3_EH":"SRB","ISO_N3":"688","ISO_N3_EH":"688","UN_A3":"688","WB_A2":"YF","WB_A3":"SRB","WOE_ID":-90,"WOE_ID_EH":20069818,"WOE_NOTE":"Expired WOE also contains Kosovo.","ADM0_ISO":"SRB","ADM0_DIFF":null,"ADM0_TLC":"SRB","ADM0_A3_US":"SRB","ADM0_A3_FR":"SRB","ADM0_A3_RU":"SRB","ADM0_A3_ES":"SRB","ADM0_A3_CN":"SRB","ADM0_A3_TW":"SRB","ADM0_A3_IN":"SRB","ADM0_A3_NP":"SRB","ADM0_A3_PK":"SRB","ADM0_A3_DE":"SRB","ADM0_A3_GB":"SRB","ADM0_A3_BR":"SRB","ADM0_A3_IL":"SRB","ADM0_A3_PS":"SRB","ADM0_A3_SA":"SRB","ADM0_A3_EG":"SRB","ADM0_A3_MA":"SRB","ADM0_A3_PT":"SRB","ADM0_A3_AR":"SRB","ADM0_A3_JP":"SRB","ADM0_A3_KO":"SRB","ADM0_A3_VN":"SRB","ADM0_A3_TR":"SRB","ADM0_A3_ID":"SRB","ADM0_A3_PL":"SRB","ADM0_A3_GR":"SRB","ADM0_A3_IT":"SRB","ADM0_A3_NL":"SRB","ADM0_A3_SE":"SRB","ADM0_A3_BD":"SRB","ADM0_A3_UA":"SRB","ADM0_A3_UN":-99,"ADM0_A3_WB":-99,"CONTINENT":"Europe","REGION_UN":"Europe","SUBREGION":"Southern Europe","REGION_WB":"Europe & Central Asia","NAME_LEN":6,"LONG_LEN":6,"ABBREV_LEN":5,"TINY":-99,"HOMEPART":1,"MIN_ZOOM":0,"MIN_LABEL":4,"MAX_LABEL":7,"LABEL_X":20.787989,"LABEL_Y":44.189919,"NE_ID":1159321267,"WIKIDATAID":"Q403","NAME_AR":"صربيا","NAME_BN":"সার্বিয়া","NAME_DE":"Serbien","NAME_EN":"Serbia","NAME_ES":"Serbia","NAME_FA":"صربستان","NAME_FR":"Serbie","NAME_EL":"Σερβία","NAME_HE":"סרביה","NAME_HI":"सर्बिया","NAME_HU":"Szerbia","NAME_ID":"Serbia","NAME_IT":"Serbia","NAME_JA":"セルビア","NAME_KO":"세르비아","NAME_NL":"Servië","NAME_PL":"Serbia","NAME_PT":"Sérvia","NAME_RU":"Сербия","NAME_SV":"Serbien","NAME_TR":"Sırbistan","NAME_UK":"Сербія","NAME_UR":"سربیا","NAME_VI":"Serbia","NAME_ZH":"塞尔维亚","NAME_ZHT":"塞爾維亞","FCLASS_ISO":"Admin-0 country","TLC_DIFF":null,"FCLASS_TLC":"Admin-0 country","FCLASS_US":null,"FCLASS_FR":null,"FCLASS_RU":null,"FCLASS_ES":null,"FCLASS_CN":null,"FCLASS_TW":null,"FCLASS_IN":null,"FCLASS_NP":null,"FCLASS_PK":null,"FCLASS_DE":null,"FCLASS_GB":null,"FCLASS_BR":null,"FCLASS_IL":null,"FCLASS_PS":null,"FCLASS_SA":null,"FCLASS_EG":null,"FCLASS_MA":null,"FCLASS_PT":null,"FCLASS_AR":null,"FCLASS_JP":null,"FCLASS_KO":null,"FCLASS_VN":null,"FCLASS_TR":null,"FCLASS_ID":null,"FCLASS_PL":null,"FCLASS_GR":null,"FCLASS_IT":null,"FCLASS_NL":null,"FCLASS_SE":null,"FCLASS_BD":null,"FCLASS_UA":null,"layer":"border"},"bbox":[18.829825,42.245224,22.986019,46.17173],"geometry":{"type":"Polygon","coordinates":[[[18.829825,45.908872],[18.829838,45.908878],[19.596045,46.17173],[20.220192,46.127469],[20.762175,45.734573],[20.874313,45.416375],[21.483526,45.18117],[21.562023,44.768947],[22.145088,44.478422],[22.459022,44.702517],[22.705726,44.578003],[22.474008,44.409228],[22.65715,44.234923],[22.410446,44.008063],[22.500157,43.642814],[22.986019,43.211161],[22.604801,42.898519],[22.436595,42.580321],[22.545012,42.461362],[22.380526,42.32026],[21.91708,42.30364],[21.576636,42.245224],[21.54332,42.32025],[21.66292,42.43922],[21.77505,42.6827],[21.63302,42.67717],[21.43866,42.86255],[21.27421,42.90959],[21.143395,43.068685],[20.95651,43.13094],[20.81448,43.27205],[20.63508,43.21671],[20.49679,42.88469],[20.25758,42.81275],[20.3398,42.89852],[19.95857,43.10604],[19.63,43.21378],[19.48389,43.35229],[19.21852,43.52384],[19.454,43.5681],[19.59976,44.03847],[19.11761,44.42307],[19.36803,44.863],[19.00548,44.86023],[19.005485,44.860234],[19.390476,45.236516],[19.072769,45.521511],[18.829825,45.908872]]]}},{"type":"Feature","properties":{"featurecla":"Admin-0 country","scalerank":1,"LABELRANK":6,"SOVEREIGNT":"Montenegro","SOV_A3":"MNE","ADM0_DIF":0,"LEVEL":2,"TYPE":"Sovereign country","TLC":"1","ADMIN":"Montenegro","ADM0_A3":"MNE","GEOU_DIF":0,"GEOUNIT":"Montenegro","GU_A3":"MNE","SU_DIF":0,"SUBUNIT":"Montenegro","SU_A3":"MNE","BRK_DIFF":0,"NAME":"Montenegro","NAME_LONG":"Montenegro","BRK_A3":"MNE","BRK_NAME":"Montenegro","BRK_GROUP":null,"ABBREV":"Mont.","POSTAL":"ME","FORMAL_EN":"Montenegro","FORMAL_FR":null,"NAME_CIAWF":"Montenegro","NOTE_ADM0":null,"NOTE_BRK":null,"NAME_SORT":"Montenegro","NAME_ALT":null,"MAPCOLOR7":4,"MAPCOLOR8":1,"MAPCOLOR9":4,"MAPCOLOR13":5,"POP_EST":622137,"POP_RANK":11,"POP_YEAR":2019,"GDP_MD":5542,"GDP_YEAR":2019,"ECONOMY":"6. Developing region","INCOME_GRP":"3. Upper middle income","FIPS_10":"MJ","ISO_A2":"ME","ISO_A2_EH":"ME","ISO_A3":"MNE","ISO_A3_EH":"MNE","ISO_N3":"499","ISO_N3_EH":"499","UN_A3":"499","WB_A2":"ME","WB_A3":"MNE","WOE_ID":20069817,"WOE_ID_EH":20069817,"WOE_NOTE":"Exact WOE match as country","ADM0_ISO":"MNE","ADM0_DIFF":null,"ADM0_TLC":"MNE","ADM0_A3_US":"MNE","ADM0_A3_FR":"MNE","ADM0_A3_RU":"MNE","ADM0_A3_ES":"MNE","ADM0_A3_CN":"MNE","ADM0_A3_TW":"MNE","ADM0_A3_IN":"MNE","ADM0_A3_NP":"MNE","ADM0_A3_PK":"MNE","ADM0_A3_DE":"MNE","ADM0_A3_GB":"MNE","ADM0_A3_BR":"MNE","ADM0_A3_IL":"MNE","ADM0_A3_PS":"MNE","ADM0_A3_SA":"MNE","ADM0_A3_EG":"MNE","ADM0_A3_MA":"MNE","ADM0_A3_PT":"MNE","ADM0_A3_AR":"MNE","ADM0_A3_JP":"MNE","ADM0_A3_KO":"MNE","ADM0_A3_VN":"MNE","ADM0_A3_TR":"MNE","ADM0_A3_ID":"MNE","ADM0_A3_PL":"MNE","ADM0_A3_GR":"MNE","ADM0_A3_IT":"MNE","ADM0_A3_NL":"MNE","ADM0_A3_SE":"MNE","ADM0_A3_BD":"MNE","ADM0_A3_UA":"MNE","ADM0_A3_UN":-99,"ADM0_A3_WB":-99,"CONTINENT":"Europe","REGION_UN":"Europe","SUBREGION":"Southern Europe","REGION_WB":"Europe & Central Asia","NAME_LEN":10,"LONG_LEN":10,"ABBREV_LEN":5,"TINY":-99,"HOMEPART":1,"MIN_ZOOM":0,"MIN_LABEL":5,"MAX_LABEL":10,"LABEL_X":19.143727,"LABEL_Y":42.803101,"NE_ID":1159321069,"WIKIDATAID":"Q236","NAME_AR":"الجبل الأسود","NAME_BN":"মন্টিনিগ্রো","NAME_DE":"Montenegro","NAME_EN":"Montenegro","NAME_ES":"Montenegro","NAME_FA":"مونتهنگرو","NAME_FR":"Monténégro","NAME_EL":"Μαυροβούνιο","NAME_HE":"מונטנגרו","NAME_HI":"मॉन्टेनीग्रो","NAME_HU":"Montenegró","NAME_ID":"Montenegro","NAME_IT":"Montenegro","NAME_JA":"モンテネグロ","NAME_KO":"몬테네그로","NAME_NL":"Montenegro","NAME_PL":"Czarnogóra","NAME_PT":"Montenegro","NAME_RU":"Черногория","NAME_SV":"Montenegro","NAME_TR":"Karadağ","NAME_UK":"Чорногорія","NAME_UR":"مونٹینیگرو","NAME_VI":"Montenegro","NAME_ZH":"黑山","NAME_ZHT":"蒙特內哥羅","FCLASS_ISO":"Admin-0 country","TLC_DIFF":null,"FCLASS_TLC":"Admin-0 country","FCLASS_US":null,"FCLASS_FR":null,"FCLASS_RU":null,"FCLASS_ES":null,"FCLASS_CN":null,"FCLASS_TW":null,"FCLASS_IN":null,"FCLASS_NP":null,"FCLASS_PK":null,"FCLASS_DE":null,"FCLASS_GB":null,"FCLASS_BR":null,"FCLASS_IL":null,"FCLASS_PS":null,"FCLASS_SA":null,"FCLASS_EG":null,"FCLASS_MA":null,"FCLASS_PT":null,"FCLASS_AR":null,"FCLASS_JP":null,"FCLASS_KO":null,"FCLASS_VN":null,"FCLASS_TR":null,"FCLASS_ID":null,"FCLASS_PL":null,"FCLASS_GR":null,"FCLASS_IT":null,"FCLASS_NL":null,"FCLASS_SE":null,"FCLASS_BD":null,"FCLASS_UA":null,"layer":"border"},"bbox":[18.450017,41.877551,20.3398,43.52384],"geometry":{"type":"Polygon","coordinates":[[[20.0707,42.58863],[19.801613,42.500093],[19.738051,42.688247],[19.304486,42.195745],[19.371768,41.877551],[19.16246,41.95502],[18.88214,42.28151],[18.450017,42.479992],[18.56,42.65],[18.70648,43.20011],[19.03165,43.43253],[19.21852,43.52384],[19.48389,43.35229],[19.63,43.21378],[19.95857,43.10604],[20.3398,42.89852],[20.25758,42.81275],[20.0707,42.58863]]]}},{"type":"Feature","properties":{"featurecla":"Admin-0 country","scalerank":1,"LABELRANK":6,"SOVEREIGNT":"Kosovo","SOV_A3":"KOS","ADM0_DIF":0,"LEVEL":2,"TYPE":"Disputed","TLC":"1","ADMIN":"Kosovo","ADM0_A3":"KOS","GEOU_DIF":0,"GEOUNIT":"Kosovo","GU_A3":"KOS","SU_DIF":0,"SUBUNIT":"Kosovo","SU_A3":"KOS","BRK_DIFF":0,"NAME":"Kosovo","NAME_LONG":"Kosovo","BRK_A3":"KOS","BRK_NAME":"Kosovo","BRK_GROUP":null,"ABBREV":"Kos.","POSTAL":"KO","FORMAL_EN":"Republic of Kosovo","FORMAL_FR":null,"NAME_CIAWF":"Kosovo","NOTE_ADM0":null,"NOTE_BRK":null,"NAME_SORT":"Kosovo","NAME_ALT":null,"MAPCOLOR7":2,"MAPCOLOR8":2,"MAPCOLOR9":3,"MAPCOLOR13":11,"POP_EST":1794248,"POP_RANK":12,"POP_YEAR":2019,"GDP_MD":7926,"GDP_YEAR":2019,"ECONOMY":"6. Developing region","INCOME_GRP":"4. Lower middle income","FIPS_10":"KV","ISO_A2":"-99","ISO_A2_EH":"XK","ISO_A3":"-99","ISO_A3_EH":"-99","ISO_N3":"-99","ISO_N3_EH":"-99","UN_A3":"-099","WB_A2":"KV","WB_A3":"KSV","WOE_ID":-90,"WOE_ID_EH":29389201,"WOE_NOTE":"Subunit of Serbia in WOE still; should include 29389201, 29389207, 29389218, 29389209 and 29389214.","ADM0_ISO":"SRB","ADM0_DIFF":"1","ADM0_TLC":"KOS","ADM0_A3_US":"KOS","ADM0_A3_FR":"KOS","ADM0_A3_RU":"SRB","ADM0_A3_ES":"SRB","ADM0_A3_CN":"SRB","ADM0_A3_TW":"KOS","ADM0_A3_IN":"SRB","ADM0_A3_NP":"SRB","ADM0_A3_PK":"KOS","ADM0_A3_DE":"KOS","ADM0_A3_GB":"SRB","ADM0_A3_BR":"KOS","ADM0_A3_IL":"KOS","ADM0_A3_PS":"SRB","ADM0_A3_SA":"KOS","ADM0_A3_EG":"KOS","ADM0_A3_MA":"SRB","ADM0_A3_PT":"KOS","ADM0_A3_AR":"SRB","ADM0_A3_JP":"KOS","ADM0_A3_KO":"KOS","ADM0_A3_VN":"SRB","ADM0_A3_TR":"KOS","ADM0_A3_ID":"SRB","ADM0_A3_PL":"KOS","ADM0_A3_GR":"SRB","ADM0_A3_IT":"KOS","ADM0_A3_NL":"KOS","ADM0_A3_SE":"KOS","ADM0_A3_BD":"KOS","ADM0_A3_UA":"SRB","ADM0_A3_UN":-99,"ADM0_A3_WB":-99,"CONTINENT":"Europe","REGION_UN":"Europe","SUBREGION":"Southern Europe","REGION_WB":"Europe & Central Asia","NAME_LEN":6,"LONG_LEN":6,"ABBREV_LEN":4,"TINY":-99,"HOMEPART":1,"MIN_ZOOM":0,"MIN_LABEL":5,"MAX_LABEL":10,"LABEL_X":20.860719,"LABEL_Y":42.593587,"NE_ID":1159321007,"WIKIDATAID":"Q1246","NAME_AR":"كوسوفو","NAME_BN":"কসোভো","NAME_DE":"Kosovo","NAME_EN":"Kosovo","NAME_ES":"Kosovo","NAME_FA":"کوزووو","NAME_FR":"Kosovo","NAME_EL":"Κοσσυφοπέδιο","NAME_HE":"קוסובו","NAME_HI":"कोसोवो गणराज्य","NAME_HU":"Koszovó","NAME_ID":"Kosovo","NAME_IT":"Kosovo","NAME_JA":"コソボ共和国","NAME_KO":"코소보","NAME_NL":"Kosovo","NAME_PL":"Kosowo","NAME_PT":"Kosovo","NAME_RU":"Республика Косово","NAME_SV":"Kosovo","NAME_TR":"Kosova","NAME_UK":"Косово","NAME_UR":"کوسووہ","NAME_VI":"Kosovo","NAME_ZH":"科索沃","NAME_ZHT":"科索沃","FCLASS_ISO":"Unrecognized","TLC_DIFF":"1","FCLASS_TLC":"Admin-0 country","FCLASS_US":"Admin-0 country","FCLASS_FR":"Admin-0 country","FCLASS_RU":"Admin-1 region","FCLASS_ES":"Unrecognized","FCLASS_CN":"Unrecognized","FCLASS_TW":"Admin-0 country","FCLASS_IN":"Admin-1 region","FCLASS_NP":"Unrecognized","FCLASS_PK":"Admin-0 country","FCLASS_DE":"Admin-0 country","FCLASS_GB":"Admin-0 country","FCLASS_BR":"Unrecognized","FCLASS_IL":"Admin-0 country","FCLASS_PS":"Unrecognized","FCLASS_SA":"Admin-0 country","FCLASS_EG":"Admin-0 country","FCLASS_MA":"Unrecognized","FCLASS_PT":"Admin-0 country","FCLASS_AR":"Unrecognized","FCLASS_JP":"Admin-0 country","FCLASS_KO":"Admin-0 country","FCLASS_VN":"Unrecognized","FCLASS_TR":"Admin-0 country","FCLASS_ID":"Unrecognized","FCLASS_PL":"Admin-0 country","FCLASS_GR":"Unrecognized","FCLASS_IT":"Admin-0 country","FCLASS_NL":"Admin-0 country","FCLASS_SE":"Admin-0 country","FCLASS_BD":"Admin-0 country","FCLASS_UA":"Unrecognized","layer":"border"},"bbox":[20.0707,41.84711,21.77505,43.27205],"geometry":{"type":"Polygon","coordinates":[[[20.590247,41.855409],[20.52295,42.21787],[20.283755,42.32026],[20.0707,42.58863],[20.25758,42.81275],[20.49679,42.88469],[20.63508,43.21671],[20.81448,43.27205],[20.95651,43.13094],[21.143395,43.068685],[21.27421,42.90959],[21.43866,42.86255],[21.63302,42.67717],[21.77505,42.6827],[21.66292,42.43922],[21.54332,42.32025],[21.576636,42.245224],[21.3527,42.2068],[20.76216,42.05186],[20.71731,41.84711],[20.590247,41.855409]]]}},{"type":"Feature","properties":{"featurecla":"Admin-0 country","scalerank":1,"LABELRANK":3,"SOVEREIGNT":"South Sudan","SOV_A3":"SDS","ADM0_DIF":0,"LEVEL":2,"TYPE":"Sovereign country","TLC":"1","ADMIN":"South Sudan","ADM0_A3":"SDS","GEOU_DIF":0,"GEOUNIT":"South Sudan","GU_A3":"SDS","SU_DIF":0,"SUBUNIT":"South Sudan","SU_A3":"SDS","BRK_DIFF":0,"NAME":"S. Sudan","NAME_LONG":"South Sudan","BRK_A3":"SDS","BRK_NAME":"S. Sudan","BRK_GROUP":null,"ABBREV":"S. Sud.","POSTAL":"SS","FORMAL_EN":"Republic of South Sudan","FORMAL_FR":null,"NAME_CIAWF":"South Sudan","NOTE_ADM0":null,"NOTE_BRK":null,"NAME_SORT":"South Sudan","NAME_ALT":null,"MAPCOLOR7":1,"MAPCOLOR8":3,"MAPCOLOR9":3,"MAPCOLOR13":5,"POP_EST":11062113,"POP_RANK":14,"POP_YEAR":2019,"GDP_MD":11998,"GDP_YEAR":2015,"ECONOMY":"7. Least developed region","INCOME_GRP":"5. Low income","FIPS_10":"-99","ISO_A2":"SS","ISO_A2_EH":"SS","ISO_A3":"SSD","ISO_A3_EH":"SSD","ISO_N3":"728","ISO_N3_EH":"728","UN_A3":"728","WB_A2":"SS","WB_A3":"SSD","WOE_ID":-99,"WOE_ID_EH":-99,"WOE_NOTE":"Includes states of 20069899, 20069897, 20069898, 20069901, 20069909, and 20069908 but maybe more?","ADM0_ISO":"SSD","ADM0_DIFF":"1","ADM0_TLC":"SDS","ADM0_A3_US":"SDS","ADM0_A3_FR":"SDS","ADM0_A3_RU":"SDS","ADM0_A3_ES":"SDS","ADM0_A3_CN":"SDS","ADM0_A3_TW":"SDS","ADM0_A3_IN":"SDS","ADM0_A3_NP":"SDS","ADM0_A3_PK":"SDS","ADM0_A3_DE":"SDS","ADM0_A3_GB":"SDS","ADM0_A3_BR":"SDS","ADM0_A3_IL":"SDS","ADM0_A3_PS":"SDS","ADM0_A3_SA":"SDS","ADM0_A3_EG":"SDS","ADM0_A3_MA":"SDS","ADM0_A3_PT":"SDS","ADM0_A3_AR":"SDS","ADM0_A3_JP":"SDS","ADM0_A3_KO":"SDS","ADM0_A3_VN":"SDS","ADM0_A3_TR":"SDS","ADM0_A3_ID":"SDS","ADM0_A3_PL":"SDS","ADM0_A3_GR":"SDS","ADM0_A3_IT":"SDS","ADM0_A3_NL":"SDS","ADM0_A3_SE":"SDS","ADM0_A3_BD":"SDS","ADM0_A3_UA":"SDS","ADM0_A3_UN":-99,"ADM0_A3_WB":-99,"CONTINENT":"Africa","REGION_UN":"Africa","SUBREGION":"Eastern Africa","REGION_WB":"Sub-Saharan Africa","NAME_LEN":8,"LONG_LEN":11,"ABBREV_LEN":7,"TINY":-99,"HOMEPART":1,"MIN_ZOOM":0,"MIN_LABEL":3,"MAX_LABEL":8,"LABEL_X":30.390151,"LABEL_Y":7.230477,"NE_ID":1159321235,"WIKIDATAID":"Q958","NAME_AR":"جنوب السودان","NAME_BN":"দক্ষিণ সুদান","NAME_DE":"Südsudan","NAME_EN":"South Sudan","NAME_ES":"Sudán del Sur","NAME_FA":"سودان جنوبی","NAME_FR":"Soudan du Sud","NAME_EL":"Νότιο Σουδάν","NAME_HE":"דרום סודאן","NAME_HI":"दक्षिण सूडान","NAME_HU":"Dél-Szudán","NAME_ID":"Sudan Selatan","NAME_IT":"Sudan del Sud","NAME_JA":"南スーダン","NAME_KO":"남수단","NAME_NL":"Zuid-Soedan","NAME_PL":"Sudan Południowy","NAME_PT":"Sudão do Sul","NAME_RU":"Южный Судан","NAME_SV":"Sydsudan","NAME_TR":"Güney Sudan","NAME_UK":"Південний Судан","NAME_UR":"جنوبی سوڈان","NAME_VI":"Nam Sudan","NAME_ZH":"南苏丹","NAME_ZHT":"南蘇丹","FCLASS_ISO":"Admin-0 country","TLC_DIFF":null,"FCLASS_TLC":"Admin-0 country","FCLASS_US":null,"FCLASS_FR":null,"FCLASS_RU":null,"FCLASS_ES":null,"FCLASS_CN":null,"FCLASS_TW":null,"FCLASS_IN":null,"FCLASS_NP":null,"FCLASS_PK":null,"FCLASS_DE":null,"FCLASS_GB":null,"FCLASS_BR":null,"FCLASS_IL":null,"FCLASS_PS":null,"FCLASS_SA":null,"FCLASS_EG":null,"FCLASS_MA":null,"FCLASS_PT":null,"FCLASS_AR":null,"FCLASS_JP":null,"FCLASS_KO":null,"FCLASS_VN":null,"FCLASS_TR":null,"FCLASS_ID":null,"FCLASS_PL":null,"FCLASS_GR":null,"FCLASS_IT":null,"FCLASS_NL":null,"FCLASS_SE":null,"FCLASS_BD":null,"FCLASS_UA":null,"layer":"border"},"bbox":[23.88698,3.509172,35.298007,12.248008],"geometry":{"type":"Polygon","coordinates":[[[30.833852,3.509172],[29.9535,4.173699],[29.715995,4.600805],[29.159078,4.389267],[28.696678,4.455077],[28.428994,4.287155],[27.979977,4.408413],[27.374226,5.233944],[27.213409,5.550953],[26.465909,5.946717],[26.213418,6.546603],[25.796648,6.979316],[25.124131,7.500085],[25.114932,7.825104],[24.567369,8.229188],[23.88698,8.61973],[24.194068,8.728696],[24.537415,8.917538],[24.794926,9.810241],[25.069604,10.27376],[25.790633,10.411099],[25.962307,10.136421],[26.477328,9.55273],[26.752006,9.466893],[27.112521,9.638567],[27.833551,9.604232],[27.97089,9.398224],[28.966597,9.398224],[29.000932,9.604232],[29.515953,9.793074],[29.618957,10.084919],[29.996639,10.290927],[30.837841,9.707237],[31.352862,9.810241],[31.850716,10.531271],[32.400072,11.080626],[32.314235,11.681484],[32.073892,11.97333],[32.67475,12.024832],[32.743419,12.248008],[33.206938,12.179338],[33.086766,11.441141],[33.206938,10.720112],[33.721959,10.325262],[33.842131,9.981915],[33.824963,9.484061],[33.963393,9.464285],[33.97498,8.68456],[33.8255,8.37916],[33.2948,8.35458],[32.95418,7.78497],[33.56829,7.71334],[34.0751,7.22595],[34.25032,6.82607],[34.70702,6.59422],[35.298007,5.506],[34.620196,4.847123],[34.005,4.249885],[33.39,3.79],[32.68642,3.79232],[31.88145,3.55827],[31.24556,3.7819],[30.833852,3.509172]]]}}]}