{"type":"FeatureCollection","features":[{"geometry":{"coordinates":[[[19.193036,40.524494],[19.465886,39.638205],[20.205498,38.239651],[20.587262,37.733004],[21.557106,36.704092],[23.033584,35.974715],[25.207026,36.532457],[25.863498,36.940073],[25.655728,37.488102],[24.558979,39.405269],[23.010537,39.723406],[21.830035,39.713948],[21.108384,40.141021],[20.516028,40.134024],[19.193036,40.524494]]],"type":"Polygon"},"properties":{"land_or_water":"land","id":"achaia","name":"Achaia","source":"OpenBible Geocoding Data","license":"CC-BY","era":"ancient","color":"#9b7a5b"},"type":"Feature"},{"geometry":{"coordinates":[[[[36.06397,31.43971],[36.09927,31.43971],[36.8758,32.01488],[36.8758,32.04515],[36.8405,32.1057],[36.66402,32.19651],[36.24046,32.37815],[36.20516,32.37815],[36.16986,32.37815],[35.85219,32.37815],[35.7816,32.34787],[35.64041,32.01488],[35.64041,31.98461],[35.64041,31.95434],[35.64041,31.86352],[35.64041,31.83325],[35.7463,31.65162],[36.02868,31.43971],[36.06397,31.43971]]],[[[35.71101,31.95434],[35.71101,31.92407],[35.71101,31.89379],[35.71101,31.86352],[35.7463,31.83325],[36.02868,31.65162],[36.06397,31.65162],[36.09927,31.65162],[36.27575,31.65162],[36.48753,31.80298],[36.69931,32.01488],[36.69931,32.04515],[36.66402,32.13597],[36.20516,32.37815],[35.7816,32.22679],[35.71101,32.16624],[35.71101,32.13597],[35.71101,32.1057],[35.71101,32.07543],[35.71101,32.04515],[35.71101,32.01488],[35.71101,31.98461],[35.71101,31.95434]]],[[[35.71101,32.07543],[35.71101,32.04515],[35.71101,32.01488],[35.71101,31.86352],[35.85219,31.80298],[36.06397,31.71216],[36.09927,31.71216],[36.16986,31.71216],[36.20516,31.71216],[36.24046,31.71216],[36.27575,31.71216],[36.38164,31.77271],[36.41694,31.80298],[36.45224,31.83325],[36.48753,31.86352],[36.52283,31.89379],[36.55813,31.92407],[36.66402,32.04515],[36.66402,32.07543],[36.66402,32.1057],[36.34635,32.19651],[36.16986,32.22679],[36.13457,32.22679],[35.92279,32.19651],[35.85219,32.16624],[35.71101,32.07543]]],[[[35.7816,31.86352],[35.88749,31.80298],[36.09927,31.71216],[36.20516,31.71216],[36.24046,31.71216],[36.48753,31.86352],[36.62872,32.04515],[36.66402,32.1057],[36.34635,32.19651],[35.99338,32.19651],[35.95808,32.19651],[35.85219,32.16624],[35.7463,31.89379],[35.7816,31.86352]]],[[[35.7816,31.92407],[35.7816,31.89379],[35.7816,31.86352],[36.13457,31.74243],[36.27575,31.77271],[36.59342,32.01488],[36.55813,32.1057],[36.31105,32.16624],[35.99338,32.19651],[35.95808,32.19651],[35.85219,32.16624],[35.7816,31.92407]]],[[[35.99338,32.19651],[35.85219,32.16624],[35.8169,31.92407],[35.8169,31.89379],[35.92279,31.83325],[36.09927,31.77271],[36.13457,31.77271],[36.16986,31.77271],[36.38164,31.86352],[36.38164,31.89379],[36.38164,31.92407],[36.38164,31.98461],[36.38164,32.01488],[36.38164,32.04515],[36.38164,32.07543],[36.38164,32.1057],[36.38164,32.13597],[35.99338,32.19651]]],[[[36.13457,31.80298],[36.16986,31.80298],[36.27575,31.86352],[36.31105,31.89379],[36.38164,31.98461],[36.38164,32.04515],[36.38164,32.07543],[36.34635,32.1057],[36.31105,32.13597],[35.99338,32.16624],[35.95808,32.16624],[35.92279,32.16624],[35.88749,32.16624],[35.85219,32.16624],[35.85219,32.13597],[35.85219,32.07543],[35.85219,32.04515],[35.85219,32.01488],[35.85219,31.98461],[35.85219,31.95434],[35.85219,31.92407],[35.85219,31.89379],[35.95808,31.83325],[36.06397,31.80298],[36.13457,31.80298]]],[[[35.85219,31.92407],[35.99338,31.83325],[36.02868,31.83325],[36.06397,31.83325],[36.09927,31.83325],[36.20516,31.86352],[36.24046,31.89379],[36.27575,31.92407],[36.31105,31.95434],[36.38164,32.04515],[36.31105,32.13597],[35.95808,32.16624],[35.92279,32.16624],[35.88749,32.1057],[35.85219,32.04515],[35.85219,32.01488],[35.85219,31.98461],[35.85219,31.95434],[35.85219,31.92407]]],[[[35.85219,31.95434],[35.85219,31.92407],[35.99338,31.83325],[36.06397,31.83325],[36.20516,31.86352],[36.27575,31.92407],[36.34635,32.04515],[36.34635,32.07543],[36.09927,32.13597],[36.06397,32.13597],[36.02868,32.13597],[35.99338,32.13597],[35.95808,32.13597],[35.92279,32.1057],[35.88749,32.07543],[35.85219,32.04515],[35.85219,32.01488],[35.85219,31.98461],[35.85219,31.95434]]]],"type":"MultiPolygon"},"properties":{"format":"isobands","id":"ammon","land_or_water":"land","max_confidence":90,"min_confidence":10,"role":"isobands","name":"Ammon","source":"OpenBible Geocoding Data","license":"CC-BY","era":"ancient","color":"#8c7a5a"},"type":"Feature"},{"geometry":{"coordinates":[[[34.480679,27.798608],[35.099536,27.886951],[39.118164,20.701905],[43.620986,12.220602],[52.320576,15.27368],[55.535339,17.122518],[58.065012,18.88281],[60.17507,22.740801],[58.670378,24.047525],[57.038156,24.504698],[56.663167,26.580828],[53.913025,24.668516],[51.939159,24.567209],[51.730429,26.331434],[50.599377,26.37724],[48.628626,29.832084],[47.131348,30.249616],[39.332725,32.154093],[35.816205,31.415229],[34.9669,29.47338],[34.480679,27.798608]]],"type":"Polygon"},"properties":{"land_or_water":"land","id":"arabia","name":"Arabia 1","source":"OpenBible Geocoding Data","license":"CC-BY","era":"ancient","color":"#c29b6b"},"type":"Feature"},{"geometry":{"coordinates":[[[[36.07666,32.1919],[36.40546,32.12227],[36.81647,32.47043],[36.89868,32.54006],[37.14528,32.88821],[37.8029,34.00232],[37.8851,34.21121],[37.8851,34.28084],[37.14528,34.69863],[37.06308,34.69863],[36.98088,34.69863],[35.99445,34.21121],[35.83005,33.86306],[35.74785,33.65416],[35.66565,33.44527],[35.58344,32.67932],[36.07666,32.1919]]],[[[35.99445,34.14158],[35.91225,34.00232],[35.74785,33.65416],[35.66565,33.44527],[35.58344,32.67932],[36.07666,32.1919],[36.15886,32.1919],[36.24106,32.1919],[36.32326,32.1919],[36.40546,32.1919],[36.89868,32.54006],[37.8851,34.21121],[37.8851,34.28084],[37.8029,34.28084],[37.72069,34.28084],[35.99445,34.14158]]],[[[35.66565,33.37564],[35.66565,33.09711],[35.66565,33.02748],[35.66565,32.95785],[35.66565,32.88821],[35.66565,32.81858],[35.66565,32.74895],[36.07666,32.1919],[36.15886,32.1919],[36.32326,32.26153],[36.48767,32.33116],[36.81647,32.60969],[36.89868,32.67932],[37.14528,33.5149],[37.14528,33.58453],[37.14528,33.65416],[37.14528,33.72379],[37.14528,33.79342],[36.89868,34.00232],[36.81647,34.00232],[36.73427,34.00232],[36.65207,34.00232],[36.56987,34.00232],[36.48767,34.00232],[36.15886,33.93269],[35.83005,33.72379],[35.74785,33.65416],[35.66565,33.37564]]],[[[36.24106,33.79342],[35.99445,33.72379],[35.83005,33.65416],[35.74785,33.58453],[35.66565,33.02748],[35.66565,32.95785],[35.66565,32.88821],[35.66565,32.81858],[35.66565,32.74895],[36.07666,32.1919],[36.15886,32.26153],[36.24106,32.33116],[36.32326,32.40079],[36.89868,33.09711],[36.98088,33.37564],[36.89868,33.72379],[36.48767,33.79342],[36.40546,33.79342],[36.32326,33.79342],[36.24106,33.79342]]],[[[36.15886,33.72379],[35.99445,33.65416],[35.91225,33.5149],[35.66565,32.88821],[35.74785,32.81858],[36.40546,32.74895],[36.48767,32.81858],[36.56987,32.88821],[36.65207,32.95785],[36.89868,33.23637],[36.89868,33.306],[36.89868,33.37564],[36.89868,33.44527],[36.89868,33.5149],[36.89868,33.58453],[36.48767,33.72379],[36.40546,33.72379],[36.32326,33.72379],[36.24106,33.72379],[36.15886,33.72379]]],[[[36.48767,33.65416],[36.40546,33.65416],[36.32326,33.65416],[36.24106,33.65416],[36.15886,33.65416],[36.07666,33.65416],[35.99445,33.5149],[35.74785,32.95785],[35.83005,32.95785],[35.91225,32.95785],[36.65207,33.23637],[36.81647,33.306],[36.89868,33.37564],[36.89868,33.44527],[36.48767,33.65416]]],[[[35.83005,33.09711],[35.83005,33.02748],[35.91225,32.95785],[36.73427,33.306],[36.73427,33.37564],[36.32326,33.65416],[36.24106,33.65416],[36.15886,33.58453],[36.07666,33.5149],[35.83005,33.09711]]],[[[36.07666,33.5149],[35.99445,33.23637],[35.99445,33.16674],[36.32326,33.37564],[36.40546,33.44527],[36.07666,33.5149]]]],"type":"MultiPolygon"},"properties":{"format":"isobands","id":"aram","land_or_water":"land","max_confidence":80,"min_confidence":10,"role":"isobands","name":"Aram","source":"OpenBible Geocoding Data","license":"CC-BY","era":"ancient","color":"#7a6a8c"},"type":"Feature"},{"geometry":{"coordinates":[[[[25.05731,39.98088],[24.13446,36.77976],[24.36517,36.59146],[26.90302,35.46165],[27.13373,35.46165],[27.36444,35.46165],[29.90228,37.15636],[32.20941,38.66277],[32.20941,38.85107],[32.20941,39.03937],[31.51728,39.98088],[28.05658,40.54578],[27.82587,40.54578],[27.59516,40.54578],[27.36444,40.54578],[25.28803,40.16918],[25.05731,39.98088]]],[[[25.98016,39.98088],[24.59589,37.90956],[24.36517,37.34466],[24.36517,37.15636],[24.36517,36.96806],[24.36517,36.77976],[24.36517,36.59146],[26.90302,35.46165],[27.13373,35.46165],[27.36444,35.46165],[29.90228,37.15636],[32.20941,38.66277],[32.20941,38.85107],[32.20941,39.03937],[31.28656,39.98088],[28.05658,40.54578],[27.82587,40.54578],[27.59516,40.54578],[27.36444,40.54578],[26.6723,40.35748],[25.98016,39.98088]]],[[[27.13373,35.46165],[27.36444,35.46165],[29.90228,37.15636],[32.20941,38.66277],[32.20941,38.85107],[32.20941,39.03937],[31.28656,39.79257],[28.05658,40.54578],[27.82587,40.54578],[27.59516,40.54578],[27.36444,40.54578],[26.6723,40.35748],[26.44159,40.16918],[26.21088,39.98088],[25.98016,39.79257],[25.74945,39.60427],[25.74945,39.41597],[25.74945,39.22767],[25.74945,39.03937],[25.74945,38.85107],[25.74945,38.66277],[25.74945,38.47447],[25.74945,38.28617],[25.98016,37.34466],[26.21088,36.59146],[26.90302,35.46165],[27.13373,35.46165]]],[[[27.59516,40.54578],[27.36444,40.54578],[26.6723,40.35748],[26.44159,40.16918],[26.21088,39.98088],[25.98016,39.79257],[25.74945,39.60427],[25.74945,39.41597],[25.74945,39.22767],[25.74945,39.03937],[25.74945,38.85107],[25.74945,38.66277],[25.74945,38.47447],[25.74945,38.28617],[25.98016,37.34466],[26.21088,36.59146],[26.90302,35.46165],[27.13373,35.46165],[27.36444,35.46165],[31.74799,38.47447],[31.9787,38.66277],[32.20941,38.85107],[32.20941,39.03937],[31.05585,39.79257],[30.36371,39.98088],[28.05658,40.54578],[27.82587,40.54578],[27.59516,40.54578]]],[[[27.13373,35.46165],[27.36444,35.46165],[31.9787,38.66277],[32.20941,38.85107],[32.20941,39.03937],[31.05585,39.79257],[28.05658,40.54578],[27.82587,40.54578],[27.59516,40.54578],[27.36444,40.54578],[26.6723,40.35748],[26.44159,40.16918],[26.21088,39.98088],[25.98016,39.79257],[25.74945,39.60427],[25.74945,39.41597],[25.74945,39.22767],[25.74945,39.03937],[25.74945,38.85107],[25.74945,38.66277],[25.74945,38.47447],[25.74945,38.28617],[25.98016,37.34466],[26.21088,36.59146],[26.90302,35.46165],[27.13373,35.46165]]],[[[27.59516,40.54578],[27.36444,40.54578],[26.6723,40.35748],[26.44159,40.16918],[26.21088,39.98088],[25.98016,39.79257],[25.74945,39.60427],[25.74945,39.41597],[25.74945,39.22767],[25.74945,39.03937],[25.74945,38.85107],[25.74945,38.66277],[25.74945,38.47447],[25.74945,38.28617],[25.98016,37.34466],[26.21088,36.59146],[26.90302,35.46165],[27.13373,35.46165],[27.36444,35.46165],[31.9787,38.66277],[32.20941,38.85107],[32.20941,39.03937],[30.82514,39.79257],[28.05658,40.54578],[27.82587,40.54578],[27.59516,40.54578]]],[[[27.59516,40.54578],[27.36444,40.54578],[26.6723,40.35748],[26.44159,40.16918],[26.21088,39.98088],[25.98016,39.79257],[25.74945,39.60427],[25.74945,39.41597],[25.74945,39.22767],[25.74945,39.03937],[25.74945,38.85107],[25.74945,38.66277],[25.74945,38.47447],[25.74945,38.28617],[25.98016,37.34466],[26.21088,36.59146],[26.90302,35.46165],[27.13373,35.46165],[27.36444,35.46165],[29.67157,37.15636],[31.51728,38.47447],[31.74799,38.66277],[31.9787,38.85107],[31.9787,39.03937],[30.82514,39.79257],[28.05658,40.54578],[27.82587,40.54578],[27.59516,40.54578]]],[[[25.74945,38.28617],[25.98016,37.34466],[26.21088,36.59146],[26.90302,35.46165],[27.13373,35.46165],[27.59516,35.64995],[31.74799,38.66277],[31.9787,38.85107],[31.74799,39.03937],[31.05585,39.60427],[30.82514,39.79257],[28.05658,40.54578],[27.82587,40.54578],[27.59516,40.54578],[27.36444,40.54578],[26.6723,40.35748],[26.44159,40.16918],[26.21088,39.98088],[25.98016,39.79257],[25.74945,39.60427],[25.74945,39.41597],[25.74945,39.22767],[25.74945,39.03937],[25.74945,38.85107],[25.74945,38.66277],[25.74945,38.47447],[25.74945,38.28617]]],[[[28.05658,36.59146],[28.51801,36.77976],[29.44086,37.15636],[29.67157,37.34466],[31.28656,38.66277],[31.51728,38.85107],[31.51728,39.03937],[31.05585,39.60427],[30.82514,39.79257],[28.05658,40.54578],[27.82587,40.54578],[27.59516,40.54578],[27.36444,40.54578],[26.6723,40.35748],[26.44159,40.16918],[26.21088,39.98088],[25.98016,39.79257],[25.74945,39.41597],[25.74945,39.22767],[25.74945,39.03937],[25.74945,38.85107],[25.74945,38.66277],[25.74945,38.47447],[25.98016,37.34466],[26.21088,36.59146],[26.44159,36.40315],[26.6723,36.40315],[26.90302,36.40315],[28.05658,36.59146]]]],"type":"MultiPolygon"},"properties":{"format":"isobands","id":"asia","land_or_water":"land","max_confidence":90,"min_confidence":10,"role":"isobands","name":"Asia","source":"OpenBible Geocoding Data","license":"CC-BY","era":"ancient","color":"#5b6b9b"},"type":"Feature"},{"geometry":{"coordinates":[[[[39.14492,37.65352],[39.14492,37.51237],[39.48537,36.10092],[41.35782,34.97175],[41.52804,34.97175],[41.69827,34.97175],[41.86849,34.97175],[42.03871,34.97175],[42.20894,34.97175],[42.37916,34.97175],[42.54938,34.97175],[42.71961,34.97175],[42.88983,34.97175],[43.06005,34.97175],[43.23027,34.97175],[45.44317,35.39519],[47.31563,36.52435],[47.31563,36.6655],[47.1454,36.80665],[42.71961,38.07695],[41.86849,38.2181],[41.69827,38.2181],[41.52804,38.2181],[41.35782,38.2181],[41.1876,38.2181],[39.14492,37.65352]]],[[[39.82581,37.51237],[39.48537,36.38321],[39.48537,36.24206],[39.65559,36.10092],[42.20894,34.97175],[42.37916,34.97175],[42.54938,34.97175],[42.71961,34.97175],[42.88983,34.97175],[43.06005,34.97175],[45.44317,35.39519],[45.44317,35.53634],[45.44317,35.67748],[45.44317,35.81863],[45.27295,35.95977],[44.08139,36.94779],[42.37916,38.07695],[39.82581,37.51237]]],[[[40.33648,36.10092],[40.33648,35.95977],[41.01738,35.53634],[42.88983,34.97175],[45.44317,35.53634],[45.44317,35.67748],[45.27295,35.81863],[44.08139,36.80665],[43.91117,36.94779],[43.74094,37.08894],[42.37916,37.93581],[42.03871,37.79466],[40.33648,36.10092]]],[[[41.01738,35.67748],[41.35782,35.53634],[41.52804,35.53634],[41.69827,35.53634],[41.86849,35.53634],[42.03871,35.53634],[42.20894,35.53634],[42.37916,35.53634],[42.54938,35.53634],[42.71961,35.53634],[42.88983,35.53634],[43.74094,35.53634],[43.91117,35.53634],[44.08139,35.53634],[44.25161,35.53634],[44.42184,35.53634],[44.59206,35.53634],[44.76228,35.53634],[44.9325,35.53634],[45.10273,35.53634],[45.27295,35.53634],[45.27295,35.67748],[43.23027,37.08894],[42.88983,37.23008],[42.71961,37.23008],[40.67693,35.95977],[41.01738,35.67748]]],[[[41.69827,35.53634],[41.86849,35.53634],[42.03871,35.53634],[42.20894,35.53634],[42.37916,35.53634],[42.54938,35.53634],[42.71961,35.53634],[43.74094,35.53634],[43.91117,35.53634],[44.25161,35.53634],[44.42184,35.67748],[44.42184,35.81863],[44.42184,35.95977],[43.4005,36.94779],[43.06005,37.08894],[42.88983,37.08894],[41.01738,35.81863],[41.69827,35.53634]]],[[[43.74094,35.95977],[43.57072,35.95977],[43.4005,35.95977],[43.23027,35.95977],[43.06005,35.95977],[42.88983,35.95977],[42.71961,35.95977],[42.54938,35.95977],[42.37916,35.95977],[42.20894,35.95977],[42.03871,35.95977],[41.52804,35.81863],[41.69827,35.53634],[41.86849,35.53634],[42.03871,35.53634],[42.37916,35.53634],[42.54938,35.53634],[42.71961,35.53634],[44.42184,35.67748],[44.42184,35.95977],[44.25161,35.95977],[43.91117,35.95977],[43.74094,35.95977]]],[[[41.52804,35.81863],[41.86849,35.67748],[42.03871,35.67748],[42.20894,35.67748],[42.37916,35.67748],[42.54938,35.67748],[42.71961,35.67748],[42.88983,35.67748],[43.06005,35.67748],[43.23027,35.67748],[43.4005,35.67748],[43.57072,35.67748],[43.74094,35.67748],[43.91117,35.67748],[44.25161,35.67748],[43.91117,35.95977],[43.74094,35.95977],[43.57072,35.95977],[43.4005,35.95977],[43.23027,35.95977],[43.06005,35.95977],[42.88983,35.95977],[42.71961,35.95977],[42.54938,35.95977],[42.37916,35.95977],[41.52804,35.81863]]],[[[41.86849,35.81863],[42.37916,35.67748],[42.54938,35.67748],[42.71961,35.67748],[42.88983,35.67748],[43.74094,35.67748],[43.91117,35.67748],[43.91117,35.81863],[43.91117,35.95977],[43.74094,35.95977],[43.57072,35.95977],[43.4005,35.95977],[43.23027,35.95977],[43.06005,35.95977],[42.88983,35.95977],[42.71961,35.95977],[42.54938,35.95977],[41.86849,35.81863]]],[[[42.71961,35.95977],[42.37916,35.81863],[42.54938,35.67748],[42.71961,35.67748],[43.57072,35.81863],[43.91117,35.95977],[43.74094,35.95977],[43.57072,35.95977],[43.4005,35.95977],[43.23027,35.95977],[43.06005,35.95977],[42.88983,35.95977],[42.71961,35.95977]]]],"type":"MultiPolygon"},"properties":{"format":"isobands","id":"assyria","land_or_water":"land","max_confidence":90,"min_confidence":10,"role":"isobands","name":"Assyria","source":"OpenBible Geocoding Data","license":"CC-BY","era":"ancient","color":"#d68a6a"},"type":"Feature"},{"geometry":{"coordinates":[[[[43.05808,34.00047],[40.85894,33.59109],[43.21516,31.54421],[43.37224,31.40775],[46.35679,30.45254],[46.82804,30.31608],[47.77052,30.72546],[48.87009,31.54421],[48.87009,31.68067],[48.87009,31.81713],[46.82804,34.00047],[46.67095,34.00047],[46.51387,34.00047],[46.35679,34.00047],[46.19971,34.00047],[46.04263,34.00047],[45.88555,34.00047],[45.72847,34.00047],[45.57138,34.00047],[45.4143,34.00047],[45.25722,34.00047],[45.10014,34.00047],[44.94306,34.00047],[44.78598,34.00047],[44.62889,34.00047],[44.47181,34.00047],[44.31473,34.00047],[44.15765,34.00047],[44.00057,34.00047],[43.84349,34.00047],[43.68641,34.00047],[43.52932,34.00047],[43.37224,34.00047],[43.21516,34.00047],[43.05808,34.00047]]],[[[43.21516,33.86401],[43.05808,33.86401],[42.74392,32.2265],[43.21516,31.54421],[44.00057,31.40775],[46.98512,30.99837],[47.1422,31.13483],[47.61344,31.54421],[47.61344,31.68067],[47.61344,31.81713],[46.82804,33.31817],[43.52932,33.86401],[43.37224,33.86401],[43.21516,33.86401]]],[[[43.21516,33.86401],[43.05808,33.59109],[43.21516,31.81713],[43.68641,31.54421],[45.10014,31.27129],[46.98512,31.13483],[47.1422,31.13483],[47.1422,31.54421],[47.1422,31.81713],[46.98512,32.2265],[46.51387,33.31817],[43.21516,33.86401]]],[[[43.52932,33.72755],[43.37224,33.72755],[43.21516,33.72755],[43.21516,32.2265],[43.21516,32.09004],[43.21516,31.95358],[43.37224,31.81713],[43.68641,31.54421],[46.98512,31.27129],[47.1422,31.54421],[46.82804,32.2265],[45.72847,33.18171],[45.4143,33.31817],[43.52932,33.72755]]],[[[46.82804,32.09004],[46.51387,32.36296],[46.04263,32.77234],[45.88555,32.9088],[45.57138,33.04525],[45.10014,33.18171],[44.62889,33.31817],[44.15765,33.45463],[44.00057,33.45463],[43.84349,33.45463],[43.68641,33.45463],[43.21516,32.09004],[43.37224,31.81713],[43.68641,31.68067],[44.31473,31.54421],[44.62889,31.54421],[44.78598,31.54421],[44.94306,31.54421],[45.57138,31.54421],[45.72847,31.54421],[45.88555,31.54421],[46.04263,31.54421],[46.19971,31.54421],[46.35679,31.54421],[46.51387,31.54421],[46.67095,31.54421],[46.82804,31.54421],[46.98512,31.54421],[46.98512,31.68067],[46.82804,32.09004]]],[[[45.88555,31.54421],[46.04263,31.54421],[46.19971,31.54421],[46.35679,31.54421],[46.51387,31.54421],[46.67095,31.54421],[46.82804,31.54421],[46.82804,31.68067],[46.82804,31.81713],[46.82804,31.95358],[46.67095,32.09004],[46.35679,32.36296],[46.04263,32.63588],[45.72847,32.9088],[44.94306,33.18171],[44.15765,33.45463],[44.00057,33.45463],[43.84349,33.45463],[43.68641,32.09004],[43.68641,31.95358],[43.68641,31.81713],[44.00057,31.68067],[44.62889,31.54421],[44.78598,31.54421],[45.88555,31.54421]]],[[[43.84349,32.09004],[43.68641,31.81713],[46.35679,31.54421],[46.51387,31.54421],[46.67095,31.54421],[46.82804,31.54421],[46.82804,31.81713],[46.67095,32.09004],[45.57138,32.9088],[45.25722,33.04525],[44.94306,33.18171],[44.78598,33.18171],[44.62889,33.04525],[43.84349,32.09004]]],[[[44.78598,33.04525],[44.00057,32.09004],[43.84349,31.81713],[46.51387,31.54421],[46.67095,31.54421],[46.82804,31.54421],[46.67095,32.09004],[44.94306,33.04525],[44.78598,33.04525]]],[[[44.15765,32.09004],[44.47181,31.81713],[46.67095,31.54421],[46.67095,31.68067],[46.67095,32.09004],[45.57138,32.36296],[45.4143,32.36296],[44.78598,32.2265],[44.15765,32.09004]]]],"type":"MultiPolygon"},"properties":{"format":"isobands","id":"babylonia","land_or_water":"land","max_confidence":90,"min_confidence":10,"role":"isobands","name":"Babylonia","source":"OpenBible Geocoding Data","license":"CC-BY","era":"ancient","color":"#6a8ad6"},"type":"Feature"},{"geometry":{"coordinates":[[[[35.7317,32.81586],[35.77035,32.78323],[35.92495,32.68535],[36.69795,32.42432],[36.7366,32.42432],[36.7366,32.45695],[36.7366,32.48957],[36.7366,32.5222],[36.7366,32.55483],[36.7366,32.58746],[36.7366,32.62009],[36.69795,32.84849],[36.6593,32.94638],[36.2728,33.33792],[35.92495,33.40318],[35.8863,33.40318],[35.84765,33.37055],[35.77035,33.27266],[35.7317,33.20741],[35.69305,32.94638],[35.7317,32.81586]]],[[[35.7317,33.10952],[35.7317,33.07689],[35.7317,33.04426],[35.7317,33.01163],[35.7317,32.97901],[35.7317,32.94638],[35.7317,32.88112],[35.7317,32.84849],[35.7317,32.81586],[35.84765,32.7506],[35.9636,32.68535],[36.69795,32.48957],[36.7366,32.48957],[36.7366,32.5222],[36.6593,32.91375],[36.582,33.01163],[36.54335,33.04426],[36.5047,33.07689],[36.46605,33.10952],[36.3501,33.20741],[36.31145,33.24004],[36.2728,33.27266],[36.23415,33.30529],[36.15685,33.33792],[36.1182,33.33792],[36.07955,33.33792],[36.0409,33.33792],[36.00225,33.33792],[35.9636,33.33792],[35.92495,33.33792],[35.8863,33.33792],[35.7317,33.10952]]],[[[35.809,32.84849],[35.84765,32.78323],[35.8863,32.7506],[35.9636,32.71798],[36.23415,32.62009],[36.54335,32.55483],[36.69795,32.5222],[36.69795,32.55483],[36.69795,32.58746],[36.69795,32.62009],[36.69795,32.65272],[36.69795,32.68535],[36.6593,32.88112],[36.62065,32.94638],[36.23415,33.30529],[36.1955,33.30529],[36.15685,33.30529],[35.92495,33.24004],[35.8863,33.20741],[35.84765,33.17478],[35.809,33.14215],[35.77035,33.10952],[35.7317,33.07689],[35.7317,33.01163],[35.809,32.84849]]],[[[35.77035,33.07689],[35.7317,33.01163],[35.84765,32.78323],[36.00225,32.71798],[36.1955,32.65272],[36.23415,32.65272],[36.2728,32.65272],[36.46605,32.88112],[36.46605,32.91375],[36.46605,32.94638],[36.38875,33.07689],[36.23415,33.14215],[36.1182,33.17478],[35.92495,33.20741],[35.8863,33.20741],[35.77035,33.07689]]],[[[35.9636,33.17478],[35.84765,33.10952],[35.809,33.07689],[35.77035,33.04426],[35.77035,32.97901],[35.84765,32.81586],[36.00225,32.71798],[36.23415,32.68535],[36.23415,33.04426],[36.23415,33.10952],[36.15685,33.14215],[35.9636,33.17478]]],[[[35.809,33.07689],[35.809,33.04426],[35.809,33.01163],[35.809,32.97901],[35.84765,32.81586],[36.15685,32.71798],[36.1955,32.91375],[36.1955,32.94638],[36.1955,33.04426],[36.15685,33.10952],[36.00225,33.14215],[35.9636,33.14215],[35.84765,33.10952],[35.809,33.07689]]],[[[35.84765,33.01163],[35.84765,32.97901],[35.84765,32.94638],[35.8863,32.88112],[35.92495,32.88112],[36.07955,32.88112],[36.1182,32.88112],[36.15685,32.91375],[36.15685,32.94638],[36.1182,33.07689],[36.07955,33.10952],[36.0409,33.10952],[36.00225,33.10952],[35.84765,33.07689],[35.84765,33.04426],[35.84765,33.01163]]],[[[35.84765,32.94638],[35.8863,32.88112],[35.92495,32.88112],[36.07955,32.88112],[36.15685,32.91375],[36.07955,33.07689],[36.0409,33.07689],[36.00225,33.07689],[35.9636,33.07689],[35.8863,33.04426],[35.84765,32.97901],[35.84765,32.94638]]],[[[35.92495,33.04426],[35.84765,32.97901],[35.8863,32.91375],[35.92495,32.91375],[36.1182,32.91375],[36.07955,33.04426],[36.00225,33.04426],[35.9636,33.04426],[35.92495,33.04426]]]],"type":"MultiPolygon"},"properties":{"format":"isobands","id":"bashan","land_or_water":"land","max_confidence":90,"min_confidence":10,"role":"isobands","name":"Bashan","source":"OpenBible Geocoding Data","license":"CC-BY","era":"ancient","color":"#7a9b6b"},"type":"Feature"},{"geometry":{"coordinates":[[[[35.38658,42.0224],[35.07197,42.14401],[34.91466,42.14401],[34.75735,42.14401],[34.60004,42.14401],[34.44273,42.14401],[34.28542,42.14401],[34.12812,42.14401],[33.97081,42.14401],[33.8135,42.14401],[33.65619,42.14401],[33.49888,42.14401],[29.25156,41.17108],[29.09425,41.04946],[28.93694,40.92784],[28.46501,40.56299],[28.30771,40.44137],[28.30771,40.31975],[28.30771,40.19814],[28.30771,40.07652],[28.30771,39.9549],[28.93694,39.83329],[29.09425,39.83329],[29.25156,39.83329],[31.9258,40.07652],[37.27428,40.56299],[37.43159,40.80622],[37.43159,40.92784],[37.27428,41.04946],[37.11698,41.17108],[36.95967,41.29269],[36.01582,41.77916],[35.7012,41.90078],[35.38658,42.0224]]],[[[28.46501,40.56299],[28.46501,40.44137],[28.46501,40.31975],[28.46501,40.19814],[28.77963,40.07652],[29.09425,39.9549],[29.25156,39.9549],[29.40886,39.9549],[29.56617,39.9549],[29.72348,39.9549],[29.88079,39.9549],[30.0381,39.9549],[30.19541,39.9549],[30.35271,39.9549],[31.61118,40.07652],[37.27428,40.80622],[36.95967,41.29269],[36.01582,41.77916],[35.7012,41.90078],[35.38658,42.0224],[35.07197,42.14401],[34.91466,42.14401],[34.75735,42.14401],[34.60004,42.14401],[34.44273,42.14401],[34.28542,42.14401],[34.12812,42.14401],[33.97081,42.14401],[33.8135,42.14401],[33.02696,42.0224],[29.25156,41.17108],[29.09425,41.04946],[28.46501,40.56299]]],[[[28.46501,40.56299],[28.46501,40.44137],[28.46501,40.31975],[28.46501,40.19814],[29.25156,39.9549],[29.40886,39.9549],[29.56617,39.9549],[29.72348,39.9549],[30.66733,40.07652],[31.61118,40.19814],[36.64505,41.04946],[36.01582,41.77916],[35.7012,41.90078],[35.38658,42.0224],[35.07197,42.14401],[34.91466,42.14401],[34.75735,42.14401],[34.60004,42.14401],[34.44273,42.14401],[34.28542,42.14401],[34.12812,42.14401],[33.97081,42.14401],[33.8135,42.14401],[33.02696,42.0224],[29.25156,41.17108],[29.09425,41.04946],[28.46501,40.56299]]],[[[29.25156,41.17108],[29.09425,41.04946],[28.46501,40.31975],[28.62232,40.19814],[29.25156,39.9549],[30.19541,40.07652],[31.9258,40.31975],[36.48774,41.04946],[35.85851,41.53593],[34.28542,41.90078],[32.71234,41.65755],[31.9258,41.53593],[29.25156,41.17108]]],[[[29.25156,40.07652],[29.40886,40.07652],[30.0381,40.07652],[30.82464,40.19814],[31.61118,40.31975],[35.7012,41.29269],[35.7012,41.41431],[34.44273,41.77916],[34.28542,41.77916],[32.86965,41.65755],[29.56617,41.17108],[29.25156,40.92784],[29.09425,40.31975],[29.09425,40.19814],[29.25156,40.07652]]],[[[29.56617,40.92784],[29.40886,40.19814],[29.56617,40.19814],[30.0381,40.19814],[30.19541,40.19814],[30.51002,40.19814],[31.61118,40.31975],[35.07197,41.53593],[34.28542,41.77916],[33.34157,41.65755],[32.71234,41.53593],[32.08311,41.41431],[30.0381,41.04946],[29.56617,40.92784]]],[[[29.88079,40.44137],[29.88079,40.31975],[30.0381,40.31975],[30.19541,40.31975],[30.35271,40.31975],[30.51002,40.31975],[30.66733,40.31975],[30.82464,40.31975],[30.98195,40.31975],[32.86965,40.92784],[33.8135,41.29269],[34.28542,41.53593],[34.12812,41.65755],[33.97081,41.65755],[33.8135,41.65755],[32.86965,41.53593],[32.24042,41.41431],[30.98195,41.04946],[30.66733,40.92784],[30.0381,40.68461],[29.88079,40.44137]]],[[[30.19541,40.68461],[29.88079,40.31975],[30.0381,40.31975],[30.19541,40.31975],[30.35271,40.31975],[30.51002,40.31975],[30.82464,40.31975],[32.08311,40.68461],[32.71234,40.92784],[33.97081,41.53593],[33.8135,41.65755],[32.86965,41.53593],[32.39772,41.41431],[31.9258,41.29269],[31.13926,41.04946],[30.51002,40.80622],[30.19541,40.68461]]],[[[30.19541,40.56299],[30.19541,40.44137],[30.35271,40.31975],[30.98195,40.44137],[31.9258,40.68461],[33.65619,41.41431],[33.8135,41.53593],[33.65619,41.53593],[33.49888,41.53593],[33.34157,41.53593],[33.18427,41.53593],[32.08311,41.29269],[31.61118,41.17108],[30.19541,40.68461],[30.19541,40.56299]]]],"type":"MultiPolygon"},"properties":{"format":"isobands","id":"bithynia","land_or_water":"land","max_confidence":90,"min_confidence":10,"role":"isobands","name":"Bithynia","source":"OpenBible Geocoding Data","license":"CC-BY","era":"ancient","color":"#6b7a9b"},"type":"Feature"},{"geometry":{"coordinates":[[[[34.68878,30.84123],[34.75696,30.84123],[34.82513,30.84123],[35.16601,31.19358],[36.52951,33.89488],[36.12046,34.1885],[35.98411,34.24723],[35.91593,34.24723],[35.84776,34.1885],[35.77958,34.12978],[35.71141,34.01233],[34.68878,32.13316],[34.62061,31.95699],[34.48426,31.2523],[34.68878,30.84123]]],[[[35.84776,34.12978],[35.43871,33.42509],[34.82513,32.07444],[34.62061,31.54592],[34.62061,31.4872],[34.62061,31.42847],[34.62061,31.36975],[34.62061,31.31102],[34.62061,31.2523],[34.82513,31.19358],[34.89331,31.19358],[34.96148,31.19358],[35.16601,31.36975],[35.23418,31.4872],[35.50688,32.01571],[35.64323,32.48551],[35.71141,32.7204],[35.77958,32.9553],[35.84776,33.19019],[36.05228,34.1885],[35.98411,34.1885],[35.91593,34.1885],[35.84776,34.12978]]],[[[34.62061,31.36975],[34.62061,31.31102],[34.75696,31.2523],[34.82513,31.2523],[35.16601,31.42847],[35.23418,31.4872],[35.57506,32.42678],[35.77958,33.07275],[35.77958,33.13147],[35.77958,33.19019],[35.77958,33.24892],[35.77958,33.30764],[35.64323,33.42509],[35.57506,33.42509],[35.50688,33.42509],[35.43871,33.42509],[34.89331,32.13316],[34.75696,31.83954],[34.68878,31.66337],[34.62061,31.36975]]],[[[34.68878,31.4872],[34.75696,31.2523],[35.16601,31.42847],[35.23418,31.54592],[35.57506,32.48551],[35.77958,33.19019],[35.64323,33.36637],[35.57506,33.42509],[35.50688,33.42509],[35.43871,33.42509],[34.89331,32.13316],[34.68878,31.66337],[34.68878,31.54592],[34.68878,31.4872]]],[[[34.82513,31.89826],[34.68878,31.54592],[34.89331,31.4872],[35.02966,31.4872],[35.09783,31.4872],[35.16601,31.4872],[35.23418,31.60464],[35.50688,32.48551],[35.64323,33.36637],[35.57506,33.42509],[35.43871,33.42509],[34.89331,32.07444],[34.82513,31.89826]]],[[[34.82513,31.60464],[35.09783,31.4872],[35.16601,31.54592],[35.23418,31.66337],[35.43871,32.42678],[35.64323,33.36637],[35.57506,33.36637],[35.50688,33.36637],[34.96148,32.13316],[34.75696,31.66337],[34.82513,31.60464]]],[[[34.89331,31.72209],[34.89331,31.66337],[34.96148,31.66337],[35.02966,31.66337],[35.16601,31.72209],[35.37053,32.19189],[35.57506,33.24892],[35.57506,33.30764],[35.57506,33.36637],[35.50688,33.30764],[35.37053,33.01402],[34.96148,32.13316],[34.89331,31.95699],[34.89331,31.89826],[34.89331,31.72209]]],[[[35.37053,32.9553],[34.96148,31.95699],[34.89331,31.66337],[35.02966,31.72209],[35.09783,31.78082],[35.16601,31.89826],[35.30236,32.30933],[35.37053,32.89657],[35.37053,32.9553]]],[[[35.16601,32.36806],[34.96148,31.95699],[34.96148,31.89826],[35.16601,31.89826],[35.23418,32.19189],[35.23418,32.25061],[35.23418,32.36806],[35.23418,32.42678],[35.16601,32.36806]]]],"type":"MultiPolygon"},"properties":{"format":"isobands","id":"canaan","land_or_water":"land","max_confidence":90,"min_confidence":10,"role":"isobands","name":"Canaan","source":"OpenBible Geocoding Data","license":"CC-BY","era":"ancient","color":"#c9a66b"},"type":"Feature"},{"geometry":{"coordinates":[[[[31.80489,38.26901],[31.80489,38.09864],[31.80489,37.92827],[34.15379,37.41716],[34.36733,37.41716],[38.211,37.92827],[39.06514,38.09864],[39.70576,38.26901],[40.77344,38.78012],[40.77344,38.95049],[40.13283,41.16531],[39.91929,41.16531],[38.85161,41.16531],[38.63807,41.16531],[38.42453,41.16531],[38.211,41.16531],[37.99746,41.16531],[37.78392,41.16531],[37.57039,41.16531],[37.35685,41.16531],[34.36733,40.99494],[31.80489,38.26901]]],[[[32.87257,38.60975],[32.87257,38.43938],[33.94026,37.58753],[34.15379,37.41716],[37.99746,37.92827],[38.85161,38.09864],[39.49222,38.26901],[40.5599,38.78012],[40.5599,38.95049],[39.49222,40.99494],[39.27868,40.99494],[39.06514,40.99494],[38.85161,40.99494],[38.63807,40.99494],[38.42453,40.99494],[38.211,40.99494],[37.99746,40.99494],[35.00794,40.82457],[34.58087,40.6542],[34.15379,40.48383],[32.87257,38.60975]]],[[[33.51318,39.12086],[33.29965,38.60975],[33.94026,37.58753],[34.15379,37.58753],[34.36733,37.58753],[34.58087,37.58753],[34.79441,37.58753],[37.57039,37.92827],[38.211,38.09864],[39.49222,38.43938],[39.70576,38.60975],[39.91929,38.78012],[39.91929,38.95049],[39.49222,39.80234],[38.63807,40.14308],[36.5027,40.31345],[36.28916,40.31345],[36.07563,40.31345],[33.51318,39.12086]]],[[[34.36733,37.58753],[34.58087,37.58753],[37.14331,37.92827],[37.99746,38.09864],[38.63807,38.26901],[39.70576,38.78012],[39.70576,38.95049],[39.49222,39.63197],[38.42453,39.97271],[38.211,39.97271],[36.28916,39.97271],[36.07563,39.97271],[35.86209,39.97271],[35.43502,39.80234],[35.00794,39.63197],[34.58087,39.4616],[34.15379,39.29123],[33.72672,39.12086],[33.51318,38.95049],[33.51318,38.78012],[33.51318,38.60975],[33.94026,37.58753],[34.15379,37.58753],[34.36733,37.58753]]],[[[33.51318,38.95049],[33.51318,38.60975],[33.94026,37.7579],[34.15379,37.58753],[34.36733,37.58753],[37.57039,38.09864],[38.42453,38.26901],[39.27868,38.78012],[39.49222,39.12086],[38.63807,39.63197],[36.07563,39.80234],[35.86209,39.80234],[35.00794,39.63197],[34.58087,39.4616],[33.51318,38.95049]]],[[[34.15379,37.7579],[34.36733,37.7579],[35.43502,37.92827],[38.211,38.60975],[38.63807,38.78012],[39.27868,39.12086],[38.42453,39.63197],[38.211,39.63197],[37.99746,39.63197],[37.78392,39.63197],[37.57039,39.63197],[37.35685,39.63197],[37.14331,39.63197],[36.92978,39.63197],[36.71624,39.63197],[36.5027,39.63197],[36.28916,39.63197],[36.07563,39.63197],[35.86209,39.63197],[35.64855,39.63197],[35.43502,39.63197],[35.22148,39.63197],[35.00794,39.63197],[33.51318,38.95049],[33.72672,38.43938],[33.94026,37.92827],[34.15379,37.7579]]],[[[33.72672,38.60975],[33.72672,38.43938],[33.94026,37.92827],[34.15379,37.92827],[34.36733,37.92827],[34.58087,37.92827],[34.79441,37.92827],[35.00794,37.92827],[35.22148,37.92827],[36.07563,38.09864],[38.42453,38.78012],[38.42453,38.95049],[38.211,39.63197],[37.99746,39.63197],[37.78392,39.63197],[37.57039,39.63197],[37.35685,39.63197],[37.14331,39.63197],[36.92978,39.63197],[36.71624,39.63197],[36.5027,39.63197],[36.28916,39.63197],[36.07563,39.63197],[35.86209,39.63197],[35.64855,39.63197],[35.00794,39.4616],[33.72672,38.60975]]],[[[34.15379,38.78012],[34.15379,38.60975],[34.15379,37.92827],[34.36733,37.92827],[34.58087,37.92827],[34.79441,37.92827],[38.42453,38.78012],[38.42453,38.95049],[38.211,39.4616],[37.78392,39.63197],[37.57039,39.63197],[37.35685,39.63197],[37.14331,39.63197],[36.92978,39.63197],[36.07563,39.63197],[35.86209,39.63197],[35.64855,39.63197],[34.15379,38.78012]]],[[[34.58087,38.78012],[34.36733,38.60975],[34.58087,37.92827],[37.99746,38.78012],[37.99746,38.95049],[37.99746,39.12086],[37.78392,39.63197],[35.86209,39.63197],[35.43502,39.4616],[34.58087,38.78012]]]],"type":"MultiPolygon"},"properties":{"format":"isobands","id":"cappadocia","land_or_water":"land","max_confidence":90,"min_confidence":10,"role":"isobands","name":"Cappadocia","source":"OpenBible Geocoding Data","license":"CC-BY","era":"ancient","color":"#9b6b7a"},"type":"Feature"},{"geometry":{"coordinates":[[[[44.44752,31.80262],[44.44752,31.69905],[44.44752,31.59548],[44.44752,31.49191],[44.44752,31.38834],[45.16514,30.4562],[45.40434,30.14549],[45.88275,30.04192],[46.00236,30.04192],[46.12196,30.04192],[46.24156,30.04192],[46.36117,30.04192],[46.48077,30.04192],[46.60037,30.04192],[46.71998,30.04192],[46.83958,30.04192],[46.95918,30.04192],[47.07878,30.04192],[47.43759,30.14549],[48.15521,30.66334],[48.27482,30.76691],[48.27482,30.87048],[46.83958,32.00976],[46.36117,32.32047],[45.04553,32.83833],[44.92593,32.83833],[44.56712,32.83833],[44.44752,32.2169],[44.44752,32.11333],[44.44752,32.00976],[44.44752,31.90619],[44.44752,31.80262]]],[[[44.80633,32.73476],[44.56712,32.11333],[45.16514,30.66334],[45.40434,30.14549],[47.07878,30.04192],[47.43759,30.14549],[47.6768,30.76691],[47.6768,30.87048],[47.6768,30.97405],[47.6768,31.07763],[46.95918,31.80262],[46.83958,31.90619],[46.71998,32.00976],[44.92593,32.73476],[44.80633,32.73476]]],[[[45.52395,30.14549],[45.64355,30.14549],[45.76315,30.14549],[45.88275,30.14549],[46.00236,30.14549],[46.12196,30.14549],[46.24156,30.14549],[46.36117,30.14549],[46.48077,30.14549],[46.60037,30.14549],[46.71998,30.14549],[46.83958,30.14549],[46.95918,30.14549],[47.07878,30.14549],[47.19839,30.14549],[47.31799,30.14549],[47.43759,30.24906],[47.43759,30.35263],[47.31799,31.1812],[46.12196,32.00976],[45.76315,32.2169],[45.40434,32.32047],[45.28474,32.32047],[45.16514,32.11333],[45.40434,30.4562],[45.52395,30.14549]]],[[[45.28474,32.2169],[45.28474,32.11333],[46.71998,30.35263],[46.83958,30.24906],[47.19839,30.87048],[47.19839,30.97405],[47.19839,31.07763],[47.07878,31.1812],[46.60037,31.59548],[46.00236,32.00976],[45.64355,32.2169],[45.52395,32.2169],[45.40434,32.2169],[45.28474,32.2169]]],[[[45.64355,32.00976],[45.40434,32.11333],[45.52395,32.00976],[45.64355,31.90619],[45.76315,31.80262],[46.71998,31.07763],[46.95918,30.97405],[47.07878,30.97405],[46.95918,31.1812],[45.64355,32.00976]]]],"type":"MultiPolygon"},"properties":{"format":"isobands","id":"chaldea","land_or_water":"land","max_confidence":50,"min_confidence":10,"role":"isobands","name":"Chaldea","source":"OpenBible Geocoding Data","license":"CC-BY","era":"ancient","color":"#6b6b8a"},"type":"Feature"},{"geometry":{"coordinates":[[[[32.02849,37.00751],[32.02849,36.91129],[32.02849,36.81507],[32.02849,36.71885],[32.02849,36.62263],[32.02849,36.52642],[32.02849,36.4302],[32.26612,36.14154],[32.38493,36.04532],[32.50374,35.9491],[32.62255,35.9491],[32.74136,35.9491],[33.81067,36.04532],[35.83046,36.33398],[36.89976,36.81507],[37.13739,37.00751],[37.13739,37.10373],[37.13739,37.9697],[37.01858,37.9697],[36.89976,37.9697],[36.78095,37.9697],[36.66214,37.9697],[36.30571,37.9697],[36.06808,37.9697],[35.94927,37.9697],[35.83046,37.9697],[35.71165,37.9697],[35.47403,37.9697],[35.35522,37.9697],[35.2364,37.9697],[35.11759,37.9697],[34.99878,37.9697],[32.38493,37.29617],[32.26612,37.19995],[32.1473,37.10373],[32.02849,37.00751]]],[[[32.02849,37.00751],[32.02849,36.91129],[32.02849,36.81507],[32.02849,36.71885],[32.02849,36.62263],[32.02849,36.52642],[32.02849,36.4302],[32.26612,36.14154],[32.38493,36.04532],[32.50374,35.9491],[32.62255,35.9491],[32.74136,35.9491],[33.69185,36.04532],[34.1671,36.14154],[36.1869,36.62263],[36.78095,36.81507],[36.89976,36.91129],[37.01858,37.00751],[37.01858,37.39238],[36.89976,37.58482],[36.78095,37.68104],[36.42452,37.87348],[36.06808,37.9697],[34.76116,37.77726],[32.50374,37.19995],[32.1473,37.10373],[32.02849,37.00751]]],[[[32.02849,36.52642],[32.02849,36.4302],[32.26612,36.14154],[32.38493,36.04532],[32.50374,35.9491],[32.62255,35.9491],[32.74136,35.9491],[33.69185,36.04532],[34.1671,36.14154],[35.71165,36.52642],[36.66214,36.81507],[36.89976,36.91129],[36.89976,37.00751],[36.89976,37.10373],[36.89976,37.19995],[36.89976,37.29617],[36.89976,37.39238],[36.89976,37.4886],[36.78095,37.68104],[36.30571,37.87348],[36.1869,37.87348],[36.06808,37.87348],[35.94927,37.87348],[35.83046,37.87348],[35.35522,37.77726],[32.1473,37.10373],[32.02849,36.81507],[32.02849,36.71885],[32.02849,36.62263],[32.02849,36.52642]]],[[[32.02849,36.4302],[32.38493,36.04532],[32.50374,35.9491],[32.62255,35.9491],[32.74136,35.9491],[33.69185,36.04532],[34.1671,36.14154],[35.71165,36.52642],[36.78095,36.91129],[36.89976,37.00751],[36.89976,37.10373],[36.89976,37.19995],[36.89976,37.39238],[36.89976,37.4886],[36.78095,37.68104],[36.1869,37.87348],[35.47403,37.77726],[32.26612,37.10373],[32.1473,36.81507],[32.02849,36.52642],[32.02849,36.4302]]],[[[32.02849,36.4302],[32.38493,36.04532],[32.50374,35.9491],[32.62255,35.9491],[33.69185,36.04532],[35.59284,36.52642],[36.78095,36.91129],[36.89976,37.00751],[36.89976,37.10373],[36.78095,37.4886],[36.66214,37.58482],[36.54333,37.68104],[35.83046,37.77726],[35.71165,37.77726],[35.59284,37.77726],[32.74136,37.10373],[32.38493,37.00751],[32.26612,36.91129],[32.1473,36.71885],[32.02849,36.52642],[32.02849,36.4302]]],[[[32.1473,36.71885],[32.1473,36.62263],[32.1473,36.52642],[32.1473,36.4302],[32.1473,36.33398],[32.38493,36.04532],[32.50374,35.9491],[33.69185,36.04532],[35.59284,36.52642],[36.66214,36.91129],[36.78095,37.00751],[36.78095,37.10373],[36.66214,37.58482],[36.30571,37.68104],[36.1869,37.68104],[36.06808,37.68104],[35.94927,37.68104],[35.47403,37.68104],[35.35522,37.68104],[32.50374,37.00751],[32.38493,36.91129],[32.26612,36.81507],[32.1473,36.71885]]],[[[32.1473,36.62263],[32.1473,36.52642],[32.1473,36.4302],[32.1473,36.33398],[32.50374,35.9491],[33.69185,36.04532],[35.59284,36.52642],[35.83046,36.62263],[36.30571,36.81507],[36.78095,37.00751],[36.66214,37.39238],[36.30571,37.68104],[36.1869,37.68104],[36.06808,37.68104],[35.47403,37.58482],[34.87997,37.4886],[32.62255,37.00751],[32.26612,36.81507],[32.1473,36.62263]]],[[[32.1473,36.62263],[32.1473,36.52642],[32.1473,36.4302],[32.26612,36.23776],[32.38493,36.14154],[32.50374,36.04532],[32.62255,36.04532],[32.74136,36.04532],[32.86017,36.04532],[32.97899,36.04532],[33.0978,36.04532],[33.21661,36.04532],[33.33542,36.04532],[33.45423,36.04532],[33.57304,36.04532],[34.04829,36.14154],[35.59284,36.52642],[35.83046,36.62263],[36.54333,37.00751],[36.54333,37.10373],[36.54333,37.19995],[36.54333,37.39238],[36.06808,37.68104],[34.99878,37.4886],[34.52353,37.39238],[32.50374,36.81507],[32.26612,36.71885],[32.1473,36.62263]]],[[[32.50374,36.14154],[32.62255,36.04532],[32.74136,36.04532],[32.86017,36.04532],[32.97899,36.04532],[33.0978,36.04532],[33.21661,36.04532],[33.81067,36.14154],[35.47403,36.52642],[36.42452,37.00751],[36.54333,37.10373],[36.42452,37.19995],[36.30571,37.29617],[36.06808,37.39238],[35.2364,37.4886],[35.11759,37.4886],[34.52353,37.39238],[32.50374,36.71885],[32.38493,36.62263],[32.26612,36.33398],[32.38493,36.23776],[32.50374,36.14154]]]],"type":"MultiPolygon"},"properties":{"format":"isobands","id":"cilicia","land_or_water":"land","max_confidence":90,"min_confidence":10,"role":"isobands","name":"Cilicia","source":"OpenBible Geocoding Data","license":"CC-BY","era":"ancient","color":"#6b9b9b"},"type":"Feature"},{"geometry":{"coordinates":[[[[30.13874,19.16679],[30.39201,17.9291],[31.15182,16.69142],[32.41816,14.71112],[35.20411,13.47344],[35.45738,13.47344],[35.71065,13.47344],[36.47045,13.47344],[37.73679,13.47344],[37.99006,13.47344],[37.99006,13.72098],[33.6845,23.37492],[33.43123,23.62245],[33.17796,23.62245],[30.89855,23.37492],[30.13874,20.89955],[30.13874,20.65201],[30.13874,20.40447],[30.13874,20.15694],[30.13874,19.9094],[30.13874,19.66186],[30.13874,19.41433],[30.13874,19.16679]]],[[[30.64528,19.41433],[30.64528,19.16679],[31.65835,16.69142],[33.6845,15.2062],[36.21718,13.96851],[35.45738,16.69142],[33.43123,23.37492],[33.17796,23.37492],[32.92469,23.37492],[32.67143,23.37492],[32.41816,23.37492],[32.16489,23.37492],[31.91162,23.37492],[31.65835,23.37492],[31.40508,23.37492],[31.15182,23.12738],[30.89855,21.88969],[30.64528,19.41433]]],[[[31.15182,19.9094],[30.89855,19.16679],[32.16489,16.93896],[33.6845,15.2062],[33.93777,15.45374],[34.19104,15.70127],[34.69757,17.18649],[34.69757,17.43403],[33.43123,20.40447],[33.17796,20.89955],[32.92469,20.89955],[32.67143,20.89955],[32.41816,20.89955],[32.16489,20.89955],[31.91162,20.89955],[31.65835,20.89955],[31.40508,20.40447],[31.15182,19.9094]]],[[[32.92469,20.40447],[32.67143,20.40447],[32.16489,20.15694],[31.40508,19.41433],[31.65835,18.91925],[32.41816,17.43403],[32.67143,16.93896],[32.92469,16.44388],[33.17796,15.94881],[33.43123,15.70127],[33.93777,15.94881],[34.19104,16.19635],[34.19104,17.68157],[34.19104,17.9291],[33.43123,20.40447],[33.17796,20.40447],[32.92469,20.40447]]],[[[33.17796,18.42418],[32.92469,18.67172],[32.41816,17.68157],[32.41816,17.43403],[32.67143,16.93896],[33.43123,16.69142],[33.6845,16.69142],[33.93777,16.69142],[33.6845,17.68157],[33.17796,18.42418]]],[[[32.41816,17.43403],[33.6845,16.93896],[33.43123,17.43403],[33.17796,17.68157],[32.92469,17.68157],[32.67143,17.68157],[32.41816,17.68157],[32.41816,17.43403]]]],"type":"MultiPolygon"},"properties":{"format":"isobands","id":"cush","land_or_water":"land","max_confidence":60,"min_confidence":10,"role":"isobands","name":"Cush 1","source":"OpenBible Geocoding Data","license":"CC-BY","era":"ancient","color":"#9b8b6b"},"type":"Feature"},{"geometry":{"coordinates":[[[[35.8195,31.89595],[35.85405,31.86658],[35.88861,31.83721],[35.92317,31.83721],[35.95773,31.83721],[36.0614,31.86658],[36.16508,31.89595],[36.23419,32.01343],[36.33787,32.21903],[36.37243,32.30715],[36.37243,32.33652],[36.37243,32.36589],[36.37243,32.39526],[36.37243,32.42463],[36.13052,32.71834],[35.8195,32.83583],[35.78494,32.83583],[35.75038,32.83583],[35.71582,32.83583],[35.68126,32.83583],[35.6467,32.83583],[35.61215,32.83583],[35.4048,32.57149],[35.37024,32.51275],[35.8195,31.89595]]],[[[35.85405,31.89595],[35.88861,31.86658],[35.95773,31.86658],[36.02684,31.86658],[36.16508,31.92532],[36.23419,32.0428],[36.23419,32.07218],[36.23419,32.10155],[36.23419,32.13092],[36.23419,32.16029],[36.23419,32.18966],[36.23419,32.21903],[36.23419,32.2484],[36.23419,32.27778],[36.23419,32.30715],[36.23419,32.33652],[36.23419,32.36589],[36.23419,32.39526],[36.13052,32.68897],[36.0614,32.71834],[35.78494,32.80646],[35.75038,32.80646],[35.61215,32.77709],[35.37024,32.51275],[35.85405,31.89595]]],[[[35.4048,32.51275],[35.4048,32.48337],[35.85405,31.89595],[35.88861,31.89595],[35.92317,31.89595],[35.95773,31.89595],[35.99229,31.89595],[36.02684,31.89595],[36.0614,31.89595],[36.09596,31.92532],[36.13052,31.95469],[36.16508,31.98406],[36.23419,32.0428],[36.23419,32.07218],[36.13052,32.57149],[36.02684,32.71834],[35.78494,32.77709],[35.75038,32.77709],[35.71582,32.77709],[35.68126,32.77709],[35.6467,32.77709],[35.61215,32.77709],[35.4048,32.51275]]],[[[35.43936,32.48337],[35.43936,32.454],[35.85405,31.92532],[35.88861,31.89595],[35.92317,31.89595],[35.95773,31.89595],[35.99229,31.89595],[36.0614,31.89595],[36.16508,31.98406],[36.16508,32.01343],[36.16508,32.0428],[36.16508,32.07218],[36.16508,32.10155],[36.16508,32.13092],[36.16508,32.16029],[36.16508,32.18966],[36.16508,32.21903],[35.99229,32.71834],[35.78494,32.77709],[35.75038,32.77709],[35.71582,32.77709],[35.68126,32.77709],[35.6467,32.77709],[35.61215,32.77709],[35.43936,32.51275],[35.43936,32.48337]]],[[[35.43936,32.48337],[35.47391,32.42463],[35.85405,31.92532],[35.88861,31.89595],[36.0614,31.92532],[36.13052,32.16029],[36.13052,32.18966],[36.09596,32.30715],[35.95773,32.71834],[35.78494,32.77709],[35.75038,32.77709],[35.71582,32.77709],[35.68126,32.77709],[35.6467,32.77709],[35.61215,32.77709],[35.43936,32.51275],[35.43936,32.48337]]],[[[35.78494,32.77709],[35.75038,32.77709],[35.71582,32.77709],[35.68126,32.77709],[35.6467,32.77709],[35.61215,32.77709],[35.43936,32.48337],[35.85405,31.92532],[35.88861,31.92532],[35.92317,31.92532],[35.95773,31.92532],[35.99229,31.92532],[36.02684,32.07218],[36.0614,32.2484],[36.0614,32.27778],[36.0614,32.30715],[36.0614,32.33652],[35.95773,32.71834],[35.78494,32.77709]]],[[[35.50847,32.48337],[35.50847,32.42463],[35.85405,31.92532],[35.88861,31.92532],[36.02684,32.07218],[36.02684,32.10155],[36.02684,32.13092],[36.02684,32.2484],[36.02684,32.27778],[36.02684,32.33652],[35.95773,32.60086],[35.92317,32.6596],[35.88861,32.68897],[35.78494,32.77709],[35.75038,32.77709],[35.71582,32.77709],[35.68126,32.77709],[35.6467,32.77709],[35.61215,32.77709],[35.50847,32.48337]]],[[[35.57759,32.54212],[35.57759,32.51275],[35.88861,31.92532],[36.02684,32.10155],[36.02684,32.27778],[35.99229,32.42463],[35.92317,32.57149],[35.85405,32.6596],[35.75038,32.77709],[35.68126,32.71834],[35.61215,32.60086],[35.57759,32.54212]]],[[[35.61215,32.60086],[35.57759,32.51275],[35.88861,32.13092],[35.99229,32.10155],[36.02684,32.10155],[35.99229,32.42463],[35.88861,32.57149],[35.8195,32.6596],[35.78494,32.6596],[35.61215,32.60086]]]],"type":"MultiPolygon"},"properties":{"format":"isobands","id":"decapolis","land_or_water":"land","max_confidence":90,"min_confidence":10,"role":"isobands","name":"Decapolis","source":"OpenBible Geocoding Data","license":"CC-BY","era":"ancient","color":"#9b6ad6"},"type":"Feature"},{"geometry":{"coordinates":[[[[34.3355,30.47512],[34.3355,30.41629],[34.47046,30.12217],[34.74039,29.59276],[34.80787,29.53393],[34.87535,29.47511],[35.01032,29.41629],[35.0778,29.41629],[35.41521,29.59276],[36.22499,30.23982],[36.29247,30.59276],[36.35995,31.00453],[36.29247,31.06336],[35.88758,31.12218],[35.8201,31.12218],[35.34773,31.06336],[34.60543,30.82806],[34.53794,30.76924],[34.47046,30.71041],[34.3355,30.53394],[34.3355,30.47512]]],[[[34.47046,30.53394],[34.40298,30.47512],[34.87535,29.53393],[34.94283,29.47511],[35.01032,29.47511],[35.0778,29.47511],[35.41521,29.65158],[36.15751,30.41629],[36.29247,30.76924],[36.29247,30.82806],[36.22499,31.00453],[35.75262,31.06336],[35.68513,31.06336],[35.61765,31.06336],[35.55017,31.06336],[35.48269,31.06336],[35.41521,31.06336],[35.28024,31.00453],[35.14528,30.94571],[34.87535,30.82806],[34.47046,30.53394]]],[[[34.53794,30.47512],[34.53794,30.41629],[34.94283,29.53393],[35.01032,29.53393],[35.0778,29.53393],[35.34773,29.65158],[35.41521,29.71041],[35.48269,29.76923],[35.95506,30.23982],[36.09003,30.41629],[36.15751,30.59276],[36.22499,30.76924],[36.22499,30.82806],[36.15751,30.88688],[35.95506,30.94571],[35.75262,31.00453],[35.68513,31.00453],[35.61765,31.00453],[35.55017,31.00453],[35.48269,31.00453],[35.41521,31.00453],[35.34773,31.00453],[34.87535,30.76924],[34.60543,30.53394],[34.53794,30.47512]]],[[[35.0778,29.82805],[35.14528,29.82805],[35.55017,29.9457],[35.61765,30.00453],[35.68513,30.06335],[36.02254,30.41629],[36.15751,30.76924],[36.15751,30.82806],[36.15751,30.88688],[35.95506,30.94571],[35.68513,31.00453],[35.61765,31.00453],[35.55017,31.00453],[35.48269,31.00453],[35.41521,31.00453],[35.28024,30.94571],[34.94283,30.76924],[34.87535,30.41629],[35.0778,29.82805]]],[[[34.94283,30.76924],[34.94283,30.71041],[34.94283,30.65159],[34.94283,30.53394],[34.94283,30.47512],[34.94283,30.41629],[35.14528,29.9457],[35.61765,30.00453],[36.02254,30.47512],[36.09003,30.88688],[35.95506,30.94571],[35.68513,31.00453],[35.61765,31.00453],[35.55017,31.00453],[35.48269,31.00453],[35.41521,31.00453],[34.94283,30.76924]]],[[[35.01032,30.76924],[35.01032,30.71041],[35.01032,30.65159],[35.01032,30.53394],[35.01032,30.47512],[35.34773,30.06335],[35.41521,30.06335],[35.48269,30.06335],[35.55017,30.06335],[35.61765,30.06335],[36.02254,30.47512],[36.02254,30.53394],[36.02254,30.59276],[36.02254,30.71041],[36.02254,30.76924],[36.02254,30.82806],[35.95506,30.88688],[35.68513,31.00453],[35.61765,31.00453],[35.55017,31.00453],[35.48269,31.00453],[35.41521,31.00453],[35.01032,30.76924]]],[[[35.0778,30.76924],[35.0778,30.71041],[35.14528,30.41629],[35.28024,30.181],[35.34773,30.12217],[35.48269,30.06335],[35.55017,30.06335],[35.61765,30.06335],[35.95506,30.59276],[36.02254,30.71041],[36.02254,30.76924],[36.02254,30.82806],[35.61765,31.00453],[35.55017,31.00453],[35.48269,31.00453],[35.41521,31.00453],[35.14528,30.82806],[35.0778,30.76924]]],[[[35.14528,30.47512],[35.28024,30.181],[35.34773,30.12217],[35.55017,30.06335],[35.61765,30.12217],[35.68513,30.181],[36.02254,30.71041],[36.02254,30.76924],[36.02254,30.82806],[35.61765,31.00453],[35.48269,31.00453],[35.0778,30.71041],[35.14528,30.47512]]],[[[35.41521,30.181],[35.48269,30.181],[35.55017,30.181],[35.61765,30.181],[35.68513,30.23982],[35.75262,30.29864],[35.8201,30.41629],[35.88758,30.53394],[35.95506,30.65159],[36.02254,30.76924],[35.88758,30.82806],[35.75262,30.88688],[35.61765,30.94571],[35.55017,30.94571],[35.48269,30.94571],[35.28024,30.82806],[35.21276,30.71041],[35.21276,30.65159],[35.21276,30.59276],[35.21276,30.53394],[35.21276,30.47512],[35.34773,30.181],[35.41521,30.181]]]],"type":"MultiPolygon"},"properties":{"format":"isobands","id":"edom","land_or_water":"land","max_confidence":90,"min_confidence":10,"role":"isobands","name":"Edom","source":"OpenBible Geocoding Data","license":"CC-BY","era":"ancient","color":"#d66a93"},"type":"Feature"},{"geometry":{"coordinates":[[[[29.73021,24.8548],[32.76415,24.45298],[32.98086,24.45298],[33.19757,24.45298],[34.28111,24.45298],[34.28111,24.65389],[34.28111,24.8548],[33.84769,30.68111],[32.76415,31.08292],[32.11402,31.28383],[31.03047,31.48474],[28.21325,30.68111],[27.99654,30.4802],[28.21325,28.06932],[29.73021,24.8548]]],[[[30.59705,31.28383],[28.21325,30.4802],[28.42996,28.06932],[29.94692,24.8548],[32.33073,24.65389],[32.54744,24.65389],[32.76415,24.65389],[32.98086,24.65389],[33.63098,24.8548],[33.84769,25.45752],[33.84769,25.65843],[33.84769,25.85934],[33.84769,29.87748],[33.84769,30.07839],[33.84769,30.27929],[33.84769,30.4802],[31.89731,31.28383],[31.6806,31.28383],[31.46389,31.28383],[31.24718,31.28383],[31.03047,31.28383],[30.81376,31.28383],[30.59705,31.28383]]],[[[31.24718,31.28383],[31.03047,31.28383],[30.81376,31.28383],[30.59705,31.28383],[30.16363,31.08292],[29.2968,30.68111],[28.86338,29.87748],[29.08009,28.27022],[31.89731,24.8548],[32.54744,24.65389],[33.63098,25.45752],[33.84769,30.07839],[32.54744,30.88202],[32.11402,31.08292],[31.6806,31.28383],[31.46389,31.28383],[31.24718,31.28383]]],[[[29.2968,29.87748],[29.2968,29.67657],[29.51351,28.06932],[32.33073,25.05571],[32.54744,24.8548],[33.19757,26.66296],[32.54744,30.27929],[32.33073,30.68111],[32.11402,31.08292],[31.6806,31.28383],[31.46389,31.28383],[31.24718,31.28383],[31.03047,31.28383],[30.81376,31.28383],[30.16363,31.08292],[29.51351,30.68111],[29.2968,30.4802],[29.2968,29.87748]]],[[[29.73021,30.68111],[29.51351,30.4802],[29.2968,29.87748],[29.2968,29.67657],[29.51351,28.47113],[30.59705,27.26569],[32.33073,25.25661],[32.98086,26.46206],[32.98086,26.66296],[32.98086,26.86387],[32.98086,27.06478],[32.33073,30.4802],[32.11402,31.08292],[31.89731,31.08292],[31.6806,31.08292],[31.46389,31.08292],[31.24718,31.08292],[31.03047,31.08292],[30.81376,31.08292],[30.59705,31.08292],[30.38034,31.08292],[30.16363,31.08292],[29.73021,30.68111]]],[[[31.89731,31.08292],[31.6806,31.08292],[31.46389,31.08292],[31.24718,31.08292],[31.03047,31.08292],[30.81376,31.08292],[30.59705,31.08292],[30.38034,31.08292],[29.51351,30.4802],[29.2968,29.87748],[29.2968,29.67657],[29.73021,28.47113],[31.03047,27.06478],[31.24718,26.86387],[31.46389,26.66296],[31.6806,26.66296],[31.89731,26.66296],[32.76415,27.26569],[32.76415,27.46659],[32.76415,27.6675],[32.76415,27.86841],[31.89731,31.08292]]],[[[29.51351,30.4802],[29.2968,29.67657],[29.73021,28.67204],[29.94692,28.27022],[30.16363,28.06932],[31.24718,27.06478],[31.46389,26.86387],[31.6806,26.86387],[31.89731,26.86387],[32.11402,26.86387],[32.76415,27.46659],[32.76415,27.6675],[31.89731,31.08292],[31.6806,31.08292],[31.46389,31.08292],[31.24718,31.08292],[31.03047,31.08292],[30.81376,31.08292],[30.59705,31.08292],[30.38034,31.08292],[29.51351,30.4802]]],[[[29.94692,28.87294],[29.94692,28.67204],[29.94692,28.47113],[30.16363,28.06932],[31.24718,27.06478],[31.46389,27.06478],[32.54744,27.46659],[32.76415,27.6675],[31.89731,31.08292],[31.6806,31.08292],[31.46389,31.08292],[31.24718,31.08292],[31.03047,31.08292],[30.81376,31.08292],[30.38034,30.88202],[30.16363,30.68111],[29.94692,29.07385],[29.94692,28.87294]]],[[[30.16363,28.47113],[30.38034,28.27022],[30.59705,28.06932],[30.81376,27.86841],[32.54744,27.46659],[32.54744,27.6675],[31.6806,31.08292],[31.46389,31.08292],[31.24718,31.08292],[31.03047,31.08292],[30.38034,30.88202],[29.94692,29.07385],[30.16363,28.47113]]]],"type":"MultiPolygon"},"properties":{"format":"isobands","id":"egypt","land_or_water":"land","max_confidence":90,"min_confidence":10,"role":"isobands","name":"Egypt","source":"OpenBible Geocoding Data","license":"CC-BY","era":"ancient","color":"#d6a66a"},"type":"Feature"},{"geometry":{"coordinates":[[[[32.53164,41.12903],[31.296,39.97287],[31.09006,39.64254],[30.2663,37.99088],[30.06036,37.49538],[30.2663,36.99989],[32.11976,36.99989],[32.3257,36.99989],[32.53164,36.99989],[32.73758,36.99989],[32.94352,36.99989],[33.14946,36.99989],[33.3554,36.99989],[33.56134,36.99989],[39.5336,40.63353],[39.5336,40.7987],[39.5336,40.96386],[34.17916,41.62452],[33.97322,41.62452],[33.76728,41.62452],[33.14946,41.45936],[32.73758,41.29419],[32.53164,41.12903]]],[[[30.2663,37.99088],[30.2663,37.82572],[30.2663,37.66055],[30.2663,37.49538],[30.2663,37.33022],[30.2663,37.16505],[32.3257,36.99989],[33.76728,37.16505],[36.4445,40.46836],[36.4445,40.63353],[36.4445,40.7987],[36.23856,40.96386],[35.82668,41.12903],[35.4148,41.29419],[35.00292,41.45936],[34.17916,41.62452],[33.14946,41.45936],[32.73758,41.29419],[32.53164,41.12903],[31.09006,39.64254],[30.2663,37.99088]]],[[[31.09006,39.64254],[30.2663,37.99088],[31.91382,37.16505],[32.3257,36.99989],[33.76728,37.16505],[35.62074,39.8077],[36.03262,40.7987],[35.82668,41.12903],[35.4148,41.29419],[34.59104,41.45936],[34.3851,41.45936],[34.17916,41.45936],[33.97322,41.45936],[33.76728,41.45936],[33.56134,41.45936],[33.3554,41.45936],[33.14946,41.45936],[32.53164,41.12903],[31.09006,39.64254]]],[[[35.62074,41.12903],[35.20886,41.29419],[34.59104,41.45936],[34.3851,41.45936],[34.17916,41.45936],[33.97322,41.45936],[33.76728,41.45936],[33.56134,41.45936],[33.3554,41.45936],[33.14946,41.45936],[32.53164,41.12903],[31.09006,39.47737],[30.47224,37.99088],[31.91382,37.16505],[32.11976,37.16505],[32.3257,37.16505],[32.53164,37.16505],[32.73758,37.16505],[32.94352,37.16505],[33.56134,37.16505],[33.76728,37.16505],[35.62074,39.8077],[35.82668,40.7987],[35.82668,40.96386],[35.62074,41.12903]]],[[[30.67818,38.32121],[30.67818,38.15605],[30.67818,37.99088],[31.91382,37.16505],[32.11976,37.16505],[32.3257,37.16505],[33.56134,37.16505],[33.76728,37.16505],[35.62074,39.8077],[35.62074,39.97287],[35.62074,40.7987],[35.62074,40.96386],[35.4148,41.12903],[35.20886,41.29419],[34.17916,41.45936],[33.97322,41.45936],[33.76728,41.45936],[33.56134,41.45936],[33.3554,41.45936],[33.14946,41.45936],[32.53164,41.12903],[31.09006,39.47737],[30.67818,38.32121]]],[[[30.67818,38.15605],[30.67818,37.99088],[31.91382,37.16505],[32.11976,37.16505],[32.3257,37.16505],[33.56134,37.16505],[33.76728,37.16505],[35.4148,39.8077],[35.4148,39.97287],[35.4148,41.12903],[35.20886,41.29419],[35.00292,41.29419],[34.79698,41.29419],[32.53164,41.12903],[31.296,39.47737],[30.67818,38.15605]]],[[[31.50194,39.47737],[30.67818,38.15605],[30.88412,37.99088],[31.70788,37.33022],[31.91382,37.16505],[32.11976,37.16505],[32.3257,37.16505],[33.76728,37.33022],[35.20886,39.8077],[35.20886,40.96386],[35.20886,41.12903],[35.00292,41.12903],[34.79698,41.12903],[34.59104,41.12903],[34.3851,41.12903],[34.17916,41.12903],[33.14946,40.96386],[32.3257,40.3032],[31.50194,39.47737]]],[[[31.50194,37.66055],[31.70788,37.49538],[31.91382,37.33022],[32.11976,37.16505],[33.3554,37.33022],[33.56134,37.49538],[35.20886,39.8077],[35.00292,40.96386],[34.79698,41.12903],[34.17916,40.96386],[33.56134,40.7987],[33.14946,40.63353],[32.73758,40.46836],[32.53164,40.3032],[31.70788,39.47737],[30.88412,38.32121],[30.88412,38.15605],[31.50194,37.66055]]]],"type":"MultiPolygon"},"properties":{"format":"isobands","id":"galatia","land_or_water":"land","max_confidence":80,"min_confidence":10,"role":"isobands","name":"Galatia","source":"OpenBible Geocoding Data","license":"CC-BY","era":"ancient","color":"#a66b6b"},"type":"Feature"},{"geometry":{"coordinates":[[[[35.5405,33.19456],[35.51344,33.2174],[35.48639,33.2174],[35.45934,33.2174],[35.37818,33.2174],[35.35113,33.2174],[35.32407,33.2174],[35.16175,33.08034],[35.1347,33.0575],[35.08059,32.8519],[35.05354,32.60062],[35.24291,32.50925],[35.51344,32.41788],[35.56755,32.57778],[35.62166,32.92043],[35.62166,32.94328],[35.5946,33.14887],[35.5405,33.19456]]],[[[35.32407,33.12603],[35.21586,33.08034],[35.16175,33.0575],[35.10765,32.80622],[35.08059,32.62347],[35.08059,32.60062],[35.21586,32.53209],[35.40523,32.46356],[35.43228,32.46356],[35.45934,32.46356],[35.5405,32.53209],[35.56755,32.60062],[35.62166,32.94328],[35.5946,33.08034],[35.56755,33.12603],[35.5405,33.17171],[35.51344,33.19456],[35.48639,33.19456],[35.32407,33.12603]]],[[[35.10765,32.73769],[35.10765,32.71484],[35.10765,32.692],[35.10765,32.66916],[35.10765,32.64631],[35.21586,32.53209],[35.35113,32.48641],[35.37818,32.48641],[35.5405,32.53209],[35.56755,32.62347],[35.5946,32.89759],[35.5946,32.92043],[35.5946,32.94328],[35.5946,32.96612],[35.5946,32.98897],[35.5946,33.01181],[35.5946,33.03465],[35.5946,33.0575],[35.5946,33.08034],[35.56755,33.12603],[35.51344,33.19456],[35.32407,33.12603],[35.21586,33.0575],[35.10765,32.80622],[35.10765,32.78337],[35.10765,32.76053],[35.10765,32.73769]]],[[[35.29702,32.50925],[35.32407,32.50925],[35.5405,32.55494],[35.56755,32.62347],[35.5946,32.89759],[35.5946,32.92043],[35.5946,32.94328],[35.5946,32.96612],[35.5946,32.98897],[35.5946,33.01181],[35.5946,33.03465],[35.5946,33.0575],[35.5946,33.08034],[35.48639,33.14887],[35.45934,33.14887],[35.32407,33.12603],[35.24291,33.0575],[35.10765,32.80622],[35.10765,32.76053],[35.10765,32.73769],[35.10765,32.71484],[35.10765,32.692],[35.10765,32.66916],[35.18881,32.57778],[35.21586,32.55494],[35.24291,32.53209],[35.29702,32.50925]]],[[[35.32407,32.53209],[35.35113,32.53209],[35.5405,32.55494],[35.56755,32.62347],[35.5946,32.89759],[35.5946,32.92043],[35.5946,32.94328],[35.5946,32.96612],[35.5946,32.98897],[35.5946,33.01181],[35.5946,33.03465],[35.5946,33.0575],[35.5946,33.08034],[35.51344,33.12603],[35.48639,33.12603],[35.45934,33.12603],[35.43228,33.12603],[35.40523,33.12603],[35.37818,33.12603],[35.32407,33.10318],[35.24291,33.03465],[35.1347,32.82906],[35.10765,32.73769],[35.10765,32.71484],[35.10765,32.66916],[35.18881,32.57778],[35.21586,32.55494],[35.26997,32.53209],[35.29702,32.53209],[35.32407,32.53209]]],[[[35.1347,32.73769],[35.1347,32.71484],[35.1347,32.692],[35.1347,32.66916],[35.1347,32.64631],[35.21586,32.55494],[35.24291,32.55494],[35.26997,32.55494],[35.51344,32.55494],[35.5405,32.62347],[35.56755,32.71484],[35.5946,32.89759],[35.5946,32.92043],[35.5946,32.94328],[35.5946,32.96612],[35.5946,32.98897],[35.5946,33.01181],[35.5946,33.03465],[35.5946,33.0575],[35.5946,33.08034],[35.48639,33.12603],[35.45934,33.12603],[35.43228,33.12603],[35.40523,33.12603],[35.32407,33.10318],[35.26997,33.03465],[35.1347,32.82906],[35.1347,32.80622],[35.1347,32.78337],[35.1347,32.76053],[35.1347,32.73769]]],[[[35.21586,32.57778],[35.24291,32.55494],[35.48639,32.60062],[35.51344,32.62347],[35.5405,32.64631],[35.56755,32.71484],[35.5946,32.89759],[35.5946,32.92043],[35.5946,32.94328],[35.5946,32.96612],[35.5946,32.98897],[35.5946,33.01181],[35.5946,33.03465],[35.5946,33.0575],[35.5946,33.08034],[35.48639,33.12603],[35.45934,33.12603],[35.35113,33.10318],[35.26997,33.01181],[35.21586,32.94328],[35.16175,32.8519],[35.1347,32.80622],[35.1347,32.78337],[35.1347,32.76053],[35.1347,32.73769],[35.1347,32.71484],[35.1347,32.66916],[35.21586,32.57778]]],[[[35.1347,32.66916],[35.16175,32.64631],[35.21586,32.60062],[35.26997,32.57778],[35.43228,32.60062],[35.48639,32.62347],[35.51344,32.64631],[35.5405,32.66916],[35.56755,32.71484],[35.5946,32.89759],[35.5946,32.92043],[35.5946,32.94328],[35.5946,32.96612],[35.5946,32.98897],[35.5946,33.01181],[35.5946,33.03465],[35.5946,33.0575],[35.56755,33.08034],[35.43228,33.10318],[35.40523,33.10318],[35.37818,33.10318],[35.35113,33.08034],[35.32407,33.0575],[35.29702,33.03465],[35.24291,32.96612],[35.16175,32.8519],[35.1347,32.78337],[35.1347,32.76053],[35.1347,32.73769],[35.1347,32.71484],[35.1347,32.66916]]],[[[35.29702,32.60062],[35.32407,32.60062],[35.45934,32.62347],[35.48639,32.64631],[35.51344,32.66916],[35.5405,32.692],[35.5946,32.89759],[35.5946,32.92043],[35.5946,32.94328],[35.5946,32.96612],[35.5946,32.98897],[35.5946,33.01181],[35.56755,33.08034],[35.43228,33.10318],[35.40523,33.10318],[35.37818,33.10318],[35.29702,33.03465],[35.24291,32.96612],[35.16175,32.8519],[35.1347,32.76053],[35.1347,32.73769],[35.21586,32.62347],[35.29702,32.60062]]]],"type":"MultiPolygon"},"properties":{"format":"isobands","id":"galilee","land_or_water":"land","max_confidence":90,"min_confidence":10,"role":"isobands","name":"Galilee 1","source":"OpenBible Geocoding Data","license":"CC-BY","era":"ancient","color":"#7bb36a"},"type":"Feature"},{"geometry":{"coordinates":[[[[35.64679,31.88655],[35.6714,31.78176],[35.86827,31.69793],[35.9421,31.7608],[36.26202,32.34762],[36.16358,32.53623],[35.89288,32.66198],[35.86827,32.66198],[35.84366,32.66198],[35.81906,32.66198],[35.72062,32.64102],[35.6714,32.59911],[35.64679,32.41049],[35.62219,32.01229],[35.64679,31.88655]]],[[[35.6714,32.57815],[35.64679,32.38953],[35.64679,32.36857],[35.64679,32.09612],[35.64679,32.07517],[35.64679,32.05421],[35.64679,32.03325],[35.64679,32.01229],[35.6714,31.86559],[35.69601,31.82368],[35.74523,31.80272],[35.9421,31.92846],[36.11436,32.3057],[36.13897,32.41049],[36.06514,32.53623],[36.04054,32.55719],[35.84366,32.66198],[35.74523,32.62006],[35.6714,32.57815]]],[[[35.6714,31.92846],[35.69601,31.90751],[35.72062,31.90751],[35.81906,31.94942],[36.08975,32.3057],[36.11436,32.41049],[36.06514,32.49432],[36.04054,32.51528],[36.01593,32.53623],[35.86827,32.62006],[35.84366,32.62006],[35.81906,32.62006],[35.79445,32.62006],[35.76984,32.62006],[35.6714,32.53623],[35.64679,32.05421],[35.6714,31.92846]]],[[[35.86827,32.62006],[35.84366,32.62006],[35.81906,32.62006],[35.79445,32.62006],[35.76984,32.62006],[35.6714,32.53623],[35.64679,32.05421],[35.6714,31.94942],[35.69601,31.92846],[35.72062,31.92846],[35.79445,31.97038],[36.06514,32.3057],[36.08975,32.41049],[36.01593,32.51528],[35.86827,32.62006]]],[[[35.79445,32.62006],[35.76984,32.59911],[35.72062,32.53623],[35.6714,32.36857],[35.6714,32.28474],[35.6714,32.07517],[35.6714,32.05421],[35.6714,32.03325],[35.6714,31.99134],[35.69601,31.92846],[35.72062,31.92846],[35.74523,31.94942],[35.76984,31.97038],[35.84366,32.05421],[36.04054,32.3057],[36.06514,32.34762],[36.04054,32.41049],[35.99132,32.47336],[35.89288,32.57815],[35.86827,32.59911],[35.84366,32.62006],[35.79445,32.62006]]],[[[35.69601,32.43145],[35.6714,32.03325],[35.69601,31.92846],[35.74523,31.94942],[35.76984,31.97038],[35.99132,32.26379],[36.01593,32.3057],[36.04054,32.34762],[36.01593,32.41049],[35.99132,32.47336],[35.86827,32.59911],[35.84366,32.59911],[35.81906,32.59911],[35.79445,32.59911],[35.76984,32.57815],[35.74523,32.53623],[35.72062,32.49432],[35.69601,32.43145]]],[[[35.69601,32.36857],[35.69601,32.34762],[35.69601,32.32666],[35.69601,32.3057],[35.69601,32.28474],[35.69601,32.26379],[35.69601,32.24283],[35.69601,32.22187],[35.69601,32.20091],[35.69601,32.17996],[35.69601,32.159],[35.69601,32.13804],[35.69601,32.11708],[35.69601,32.09612],[35.69601,32.07517],[35.69601,32.05421],[35.69601,32.03325],[35.69601,32.01229],[35.69601,31.99134],[35.69601,31.97038],[35.69601,31.94942],[35.72062,31.94942],[35.74523,31.97038],[35.76984,31.99134],[36.01593,32.3057],[36.01593,32.34762],[36.01593,32.36857],[36.01593,32.38953],[36.01593,32.41049],[35.99132,32.47336],[35.86827,32.59911],[35.84366,32.59911],[35.76984,32.57815],[35.74523,32.53623],[35.72062,32.49432],[35.69601,32.41049],[35.69601,32.36857]]],[[[35.69601,32.36857],[35.69601,32.34762],[35.69601,32.32666],[35.69601,32.3057],[35.69601,32.28474],[35.69601,32.26379],[35.69601,32.22187],[35.69601,32.20091],[35.69601,32.17996],[35.69601,32.159],[35.69601,32.11708],[35.69601,32.09612],[35.69601,32.07517],[35.69601,32.05421],[35.69601,32.01229],[35.69601,31.97038],[35.69601,31.94942],[35.72062,31.94942],[35.74523,31.97038],[35.76984,31.99134],[35.96671,32.26379],[35.99132,32.34762],[35.99132,32.36857],[35.99132,32.38953],[35.99132,32.41049],[35.96671,32.47336],[35.86827,32.57815],[35.84366,32.57815],[35.81906,32.57815],[35.76984,32.55719],[35.74523,32.51528],[35.72062,32.47336],[35.69601,32.41049],[35.69601,32.36857]]],[[[35.69601,32.20091],[35.69601,32.159],[35.69601,32.09612],[35.69601,32.07517],[35.69601,31.97038],[35.69601,31.94942],[35.72062,31.94942],[35.74523,31.97038],[35.96671,32.26379],[35.99132,32.36857],[35.96671,32.41049],[35.86827,32.57815],[35.84366,32.57815],[35.81906,32.57815],[35.76984,32.55719],[35.74523,32.51528],[35.69601,32.36857],[35.69601,32.34762],[35.69601,32.32666],[35.69601,32.3057],[35.69601,32.28474],[35.69601,32.26379],[35.69601,32.20091]]]],"type":"MultiPolygon"},"properties":{"format":"isobands","id":"gilead","land_or_water":"land","max_confidence":90,"min_confidence":10,"role":"isobands","name":"Gilead 1","source":"OpenBible Geocoding Data","license":"CC-BY","era":"ancient","color":"#6ad6a6"},"type":"Feature"},{"geometry":{"coordinates":[[[34.883215,32.562013],[34.855042,32.412566],[34.741444,32.044753],[34.59465,31.777872],[34.484398,31.617956],[34.539955,31.211483],[35.450015,31.243866],[35.55086,31.531459],[35.647488,31.595129],[35.596268,32.711386],[35.645996,32.866567],[35.628623,33.104068],[34.883215,32.562013]]],"type":"Polygon"},"properties":{"land_or_water":"land","id":"judea","name":"Judea 1","source":"OpenBible Geocoding Data","license":"CC-BY","era":"ancient","color":"#d66a6a"},"type":"Feature"},{"geometry":{"coordinates":[[[28.66014,36.686573],[28.845434,36.556098],[28.999502,36.6665],[28.952909,36.552275],[29.079566,36.504609],[29.088279,36.338844],[29.332552,36.191188],[29.447584,36.184024],[29.557863,36.077097],[29.723676,36.075177],[30.153723,36.192982],[30.199692,36.274883],[30.340439,36.238791],[30.413954,36.139106],[30.580729,36.318147],[30.543591,36.406368],[30.623273,36.594504],[30.606452,36.740654],[30.157848,37.069301],[29.305166,37.471584],[29.128275,37.342802],[28.800838,36.985517],[28.66014,36.686573]]],"type":"Polygon"},"properties":{"land_or_water":"land","id":"lycia","name":"Lycia","source":"OpenBible Geocoding Data","license":"CC-BY","era":"ancient","color":"#a69b6b"},"type":"Feature"},{"geometry":{"coordinates":[[[31.392542,36.749214],[35.868834,41.730286],[35.499977,41.67608],[35.213531,41.840519],[35.187504,41.953198],[35.250713,42.021125],[35.185685,42.070968],[34.954668,42.115441],[34.799015,41.986157],[33.342387,42.060242],[32.501985,41.833966],[32.228068,41.736616],[32.076236,41.612513],[31.334761,41.358243],[31.376137,41.242076],[31.320797,41.174055],[31.115059,41.126533],[30.7822,41.121269],[30.563847,41.188487],[30.299895,41.261759],[30.124294,41.17792],[29.14993,41.269633],[29.112354,41.197958],[29.054466,41.158287],[29.080617,41.122181],[29.062671,41.10496],[29.060061,41.083603],[29.048113,41.062071],[29.021164,41.040253],[28.992196,41.019867],[29.366112,40.739318],[28.95022,40.665445],[28.752571,40.534696],[28.956912,40.412575],[28.037852,40.425274],[28.063748,40.519235],[27.708702,40.555375],[27.673534,40.51255],[27.685599,40.432284],[27.782244,40.360081],[27.690959,40.34546],[27.52091,40.347092],[27.352392,40.391619],[27.353339,40.457587],[27.288489,40.495661],[27.035819,40.453772],[27.023713,40.422603],[26.753292,40.42701],[26.660285,40.375426],[26.585807,40.302236],[26.440164,40.215245],[26.385547,40.200004],[26.391963,40.124427],[26.353529,40.108967],[26.14944,40.005524],[26.02402,39.450739],[26.236043,39.43109],[26.88684,39.542399],[26.709359,39.40273],[26.529386,39.419071],[26.557371,39.268483],[26.798843,39.073284],[26.780363,38.898624],[26.895758,38.873333],[26.678294,38.723268],[26.699284,38.575175],[26.433303,38.71845],[26.298784,38.666938],[26.329535,38.479642],[26.189827,38.326381],[26.204678,38.245802],[26.386921,38.186106],[26.616767,38.055712],[26.669864,38.180725],[26.746584,38.178977],[26.875646,37.998278],[26.956803,38.05162],[27.113864,37.958413],[27.224144,37.961744],[27.186976,37.752091],[27.06902,37.696514],[26.985582,37.694044],[26.974407,37.630626],[27.090145,37.616815],[27.141411,37.581205],[27.154339,37.454133],[27.203203,37.45582],[27.167728,37.353736],[27.240803,37.313876],[27.353632,37.320746],[27.49438,37.187429],[27.437497,37.158055],[27.347423,37.193134],[27.192708,37.114144],[27.186554,36.984788],[27.270012,36.939729],[27.384881,36.973341],[27.486135,36.940459],[28.196953,37.017504],[28.140858,36.961528],[28.013209,36.955075],[27.970899,36.8278],[27.595393,36.81813],[27.587614,36.794793],[27.401456,36.770316],[27.337505,36.720534],[27.337545,36.68034],[27.406486,36.64349],[27.675026,36.638986],[27.727943,36.687816],[27.739579,36.731769],[27.968262,36.730543],[27.944684,36.679907],[28.007765,36.639994],[27.930506,36.61075],[27.971324,36.533466],[28.120871,36.567485],[28.31993,36.717991],[28.333177,36.773642],[28.579368,36.73003],[28.62239,36.680871],[28.764923,36.67527],[28.850529,36.557328],[28.997783,36.676302],[28.98929,36.533745],[29.081132,36.522435],[29.082555,36.368471],[29.315711,36.206728],[29.56875,36.173961],[29.617191,36.163409],[29.730587,36.100342],[29.925197,36.190455],[29.988811,36.209054],[30.067243,36.247874],[30.121106,36.238322],[30.155008,36.26484],[30.159125,36.297113],[30.230764,36.310254],[30.318496,36.295438],[30.372148,36.258739],[30.402879,36.201571],[30.465411,36.246122],[30.497716,36.270193],[30.499256,36.313041],[30.538907,36.33462],[30.48902,36.399177],[30.516963,36.433697],[30.607819,36.60161],[30.569309,36.61365],[30.563669,36.640294],[30.584533,36.690149],[30.578329,36.718864],[30.577316,36.736422],[30.581967,36.796408],[30.623153,36.841207],[30.69303,36.879968],[30.712685,36.858277],[30.758141,36.840899],[30.798261,36.840038],[30.887282,36.847005],[31.00601,36.849935],[31.076383,36.836943],[31.159233,36.822815],[31.223494,36.813674],[31.274541,36.811761],[31.327249,36.804253],[31.371442,36.783446],[31.392542,36.749214]]],"type":"Polygon"},"properties":{"land_or_water":"land","id":"lydia","name":"Lydia","source":"OpenBible Geocoding Data","license":"CC-BY","era":"ancient","color":"#6b9ba6"},"type":"Feature"},{"geometry":{"coordinates":[[[19.435595,40.392179],[20.925919,40.292434],[21.631536,39.967708],[22.690401,40.035755],[22.61989,40.113744],[22.750642,40.442579],[22.831701,40.37209],[23.251951,40.193534],[23.31789,39.929366],[23.791315,39.861007],[23.803805,39.949841],[23.41974,40.19926],[23.642845,40.188472],[23.873873,39.925472],[23.989156,39.896443],[24.092459,39.972007],[24.081142,40.096083],[23.982696,40.190757],[23.802165,40.267341],[23.904409,40.292757],[24.003015,40.265771],[24.294196,40.101079],[24.453972,40.140395],[24.38777,40.25841],[24.000989,40.494644],[23.954488,40.41691],[23.883055,40.496659],[23.978651,40.537689],[23.909404,40.595009],[23.743447,40.696574],[23.804003,40.747296],[24.045438,40.695959],[24.384515,40.824327],[24.383585,40.880592],[24.453255,40.917432],[23.865836,41.500285],[22.364147,41.878491],[22.164235,42.252529],[21.634339,41.906691],[20.477368,41.9888],[19.850333,41.98078],[19.562901,41.784367],[19.559572,41.596376],[19.428309,41.605405],[19.451865,41.547706],[19.49872,41.524938],[19.37244,41.417611],[19.419533,41.297161],[19.481821,41.281314],[19.432468,41.151737],[19.424211,41.009909],[19.371979,40.9162],[19.342793,40.817656],[19.295655,40.637131],[19.435595,40.392179]]],"type":"Polygon"},"properties":{"land_or_water":"land","id":"macedonia","name":"Macedonia","source":"OpenBible Geocoding Data","license":"CC-BY","era":"ancient","color":"#7a5a9b"},"type":"Feature"},{"geometry":{"coordinates":[[[[35.45177,31.02662],[35.48621,30.99704],[36.03722,30.81953],[36.1061,31.02662],[36.14054,31.4704],[36.14054,31.49999],[36.14054,31.52957],[36.14054,31.55916],[36.14054,31.58874],[36.14054,31.61833],[36.14054,31.64791],[36.14054,31.6775],[36.14054,31.70708],[36.1061,31.73667],[36.00278,31.79584],[35.96835,31.79584],[35.93391,31.79584],[35.89947,31.79584],[35.72728,31.76625],[35.58952,31.73667],[35.41733,31.2633],[35.45177,31.02662]]],[[[35.45177,31.02662],[35.96835,30.84911],[36.00278,30.84911],[36.03722,30.90828],[36.1061,31.05621],[36.14054,31.55916],[36.14054,31.58874],[36.14054,31.61833],[36.14054,31.64791],[36.14054,31.6775],[36.14054,31.70708],[35.96835,31.79584],[35.93391,31.79584],[35.89947,31.79584],[35.72728,31.76625],[35.58952,31.73667],[35.41733,31.2633],[35.45177,31.02662]]],[[[35.58952,31.73667],[35.41733,31.2633],[35.45177,31.05621],[35.48621,31.02662],[35.96835,30.84911],[36.00278,30.8787],[36.03722,30.93787],[36.07166,31.02662],[36.1061,31.32247],[36.1061,31.49999],[36.03722,31.6775],[36.00278,31.73667],[35.96835,31.76625],[35.93391,31.76625],[35.89947,31.76625],[35.86503,31.76625],[35.83059,31.76625],[35.76172,31.76625],[35.72728,31.76625],[35.58952,31.73667]]],[[[35.69284,31.73667],[35.6584,31.73667],[35.62396,31.73667],[35.58952,31.73667],[35.41733,31.2633],[35.45177,31.05621],[35.48621,31.02662],[35.96835,30.84911],[36.00278,30.8787],[36.03722,31.02662],[36.1061,31.32247],[36.07166,31.49999],[36.00278,31.6775],[35.96835,31.73667],[35.93391,31.73667],[35.89947,31.73667],[35.86503,31.73667],[35.83059,31.73667],[35.79615,31.73667],[35.76172,31.73667],[35.72728,31.73667],[35.69284,31.73667]]],[[[35.93391,31.73667],[35.89947,31.73667],[35.86503,31.73667],[35.83059,31.73667],[35.79615,31.73667],[35.76172,31.73667],[35.72728,31.73667],[35.69284,31.73667],[35.6584,31.73667],[35.62396,31.73667],[35.58952,31.73667],[35.41733,31.2633],[35.45177,31.05621],[35.48621,31.02662],[35.96835,30.84911],[36.00278,30.93787],[36.03722,31.05621],[36.07166,31.29289],[36.07166,31.32247],[36.07166,31.35206],[36.03722,31.49999],[35.96835,31.73667],[35.93391,31.73667]]],[[[35.96835,31.73667],[35.93391,31.73667],[35.89947,31.73667],[35.86503,31.73667],[35.83059,31.73667],[35.79615,31.73667],[35.76172,31.73667],[35.72728,31.73667],[35.69284,31.73667],[35.6584,31.73667],[35.62396,31.73667],[35.58952,31.73667],[35.41733,31.2633],[35.45177,31.05621],[35.48621,31.02662],[35.96835,30.84911],[36.03722,31.17455],[36.03722,31.20413],[36.03722,31.2633],[36.03722,31.29289],[36.03722,31.32247],[36.03722,31.35206],[35.96835,31.73667]]],[[[35.69284,31.6775],[35.6584,31.64791],[35.48621,31.38164],[35.45177,31.29289],[35.45177,31.2633],[35.45177,31.23372],[35.45177,31.05621],[35.48621,31.02662],[35.96835,30.84911],[36.00278,31.02662],[36.03722,31.2633],[36.03722,31.29289],[36.03722,31.32247],[36.03722,31.35206],[35.96835,31.6775],[35.86503,31.73667],[35.83059,31.73667],[35.79615,31.73667],[35.69284,31.6775]]],[[[35.96835,31.6775],[35.83059,31.73667],[35.6584,31.64791],[35.48621,31.38164],[35.45177,31.29289],[35.45177,31.2633],[35.45177,31.23372],[35.48621,31.02662],[35.86503,30.90828],[35.89947,30.90828],[36.00278,31.05621],[36.03722,31.2633],[36.03722,31.29289],[36.03722,31.32247],[35.96835,31.6775]]],[[[35.69284,31.64791],[35.62396,31.55916],[35.48621,31.38164],[35.45177,31.29289],[35.45177,31.2633],[35.45177,31.23372],[35.48621,31.05621],[35.52065,31.02662],[35.76172,30.96745],[35.79615,30.96745],[35.83059,30.96745],[35.86503,30.96745],[35.89947,30.96745],[35.93391,30.96745],[35.96835,31.02662],[36.03722,31.2633],[36.03722,31.29289],[36.03722,31.32247],[35.89947,31.64791],[35.86503,31.6775],[35.83059,31.6775],[35.79615,31.6775],[35.76172,31.6775],[35.69284,31.64791]]]],"type":"MultiPolygon"},"properties":{"format":"isobands","id":"moab","land_or_water":"land","max_confidence":90,"min_confidence":10,"role":"isobands","name":"Moab 1","source":"OpenBible Geocoding Data","license":"CC-BY","era":"ancient","color":"#d6c06a"},"type":"Feature"},{"geometry":{"coordinates":[[[27.801512,40.5876],[27.421657,40.559996],[26.718585,40.400302],[26.387443,40.19879],[26.395692,40.132468],[26.143648,40.017738],[25.908712,39.870433],[25.983335,39.438215],[26.248853,39.419664],[26.786689,39.513075],[26.488982,39.380383],[26.535102,39.270044],[26.703909,39.13046],[26.797075,38.866345],[29.355136,39.003448],[29.279805,40.438923],[27.801512,40.5876]]],"type":"Polygon"},"properties":{"land_or_water":"land","id":"mysia","name":"Mysia","source":"OpenBible Geocoding Data","license":"CC-BY","era":"ancient","color":"#9b8b6b"},"type":"Feature"},{"geometry":{"coordinates":[[[30.594922,36.747688],[30.614056,36.821406],[30.693932,36.873921],[30.718114,36.841114],[31.01852,36.846882],[31.349979,36.791726],[31.369129,36.758758],[31.648997,36.644588],[31.993826,37.014471],[31.864381,37.127178],[31.577026,37.209801],[31.379267,37.249161],[31.034073,37.271603],[30.795491,37.27111],[30.43989,37.252221],[30.170358,37.07141],[30.594922,36.747688]]],"type":"Polygon"},"properties":{"land_or_water":"land","id":"pamphylia","name":"Pamphylia","source":"OpenBible Geocoding Data","license":"CC-BY","era":"ancient","color":"#6b6ba6"},"type":"Feature"},{"geometry":{"coordinates":[[[[33.83672,31.15083],[33.83672,31.12168],[33.87067,31.09253],[33.90461,31.06338],[33.93855,31.03423],[33.97249,31.00509],[34.00644,30.97594],[34.04038,30.94679],[34.07432,30.91764],[34.10827,30.88849],[34.14221,30.85935],[34.17615,30.85935],[34.24404,30.88849],[34.51558,31.03423],[34.58347,31.12168],[34.75318,31.38401],[34.78712,31.4423],[34.82107,31.5006],[34.95684,31.79208],[34.95684,32.05441],[34.95684,32.08356],[34.95684,32.14185],[34.95684,32.171],[34.9229,32.171],[34.88895,32.171],[34.85501,32.171],[34.82107,32.171],[34.78712,32.14185],[33.83672,31.15083]]],[[[33.83672,31.15083],[33.83672,31.12168],[33.87067,31.09253],[33.90461,31.06338],[33.93855,31.03423],[33.97249,31.00509],[34.00644,30.97594],[34.04038,30.94679],[34.07432,30.91764],[34.10827,30.88849],[34.14221,30.85935],[34.17615,30.85935],[34.61741,31.20912],[34.78712,31.47145],[34.85501,31.64634],[34.88895,31.73378],[34.9229,31.99612],[34.9229,32.02526],[34.9229,32.05441],[34.9229,32.08356],[34.9229,32.11271],[34.88895,32.11271],[34.78712,32.08356],[34.75318,32.05441],[33.83672,31.15083]]],[[[34.78712,32.08356],[34.75318,32.05441],[33.83672,31.15083],[33.87067,31.12168],[33.90461,31.12168],[33.93855,31.12168],[33.97249,31.12168],[34.00644,31.12168],[34.04038,31.12168],[34.58347,31.20912],[34.65135,31.29657],[34.82107,31.58804],[34.85501,31.64634],[34.88895,31.76293],[34.9229,32.02526],[34.9229,32.05441],[34.9229,32.08356],[34.9229,32.11271],[34.78712,32.08356]]],[[[34.78712,32.08356],[34.75318,32.05441],[34.17615,31.29657],[34.21009,31.26742],[34.27798,31.20912],[34.58347,31.23827],[34.61741,31.26742],[34.65135,31.32571],[34.75318,31.5006],[34.78712,31.5589],[34.82107,31.61719],[34.85501,31.67549],[34.88895,31.79208],[34.9229,32.02526],[34.9229,32.05441],[34.9229,32.08356],[34.9229,32.11271],[34.78712,32.08356]]],[[[34.78712,32.08356],[34.75318,32.05441],[34.17615,31.29657],[34.21009,31.26742],[34.31192,31.23827],[34.34587,31.23827],[34.37981,31.23827],[34.41375,31.23827],[34.44769,31.23827],[34.48164,31.23827],[34.51558,31.23827],[34.54952,31.23827],[34.58347,31.23827],[34.61741,31.26742],[34.75318,31.5006],[34.78712,31.5589],[34.82107,31.61719],[34.85501,31.67549],[34.88895,31.79208],[34.88895,31.82123],[34.88895,31.85038],[34.88895,31.87952],[34.88895,31.90867],[34.88895,31.93782],[34.88895,31.96697],[34.85501,32.05441],[34.78712,32.08356]]],[[[34.85501,32.02526],[34.82107,32.05441],[34.78712,32.08356],[34.75318,32.05441],[34.17615,31.29657],[34.24404,31.26742],[34.41375,31.23827],[34.44769,31.23827],[34.48164,31.23827],[34.51558,31.23827],[34.54952,31.23827],[34.65135,31.35486],[34.82107,31.61719],[34.85501,31.67549],[34.88895,31.79208],[34.88895,31.82123],[34.88895,31.85038],[34.88895,31.87952],[34.88895,31.90867],[34.88895,31.93782],[34.85501,32.02526]]],[[[34.75318,32.05441],[34.17615,31.29657],[34.24404,31.26742],[34.44769,31.23827],[34.51558,31.23827],[34.54952,31.26742],[34.58347,31.29657],[34.6853,31.41316],[34.78712,31.58804],[34.82107,31.64634],[34.85501,31.70464],[34.88895,31.85038],[34.85501,31.99612],[34.82107,32.05441],[34.78712,32.08356],[34.75318,32.05441]]],[[[34.75318,32.05441],[34.17615,31.29657],[34.24404,31.26742],[34.27798,31.26742],[34.31192,31.26742],[34.34587,31.26742],[34.37981,31.26742],[34.41375,31.26742],[34.44769,31.26742],[34.51558,31.26742],[34.54952,31.29657],[34.58347,31.32571],[34.61741,31.35486],[34.65135,31.38401],[34.6853,31.41316],[34.82107,31.64634],[34.85501,31.70464],[34.88895,31.85038],[34.85501,31.99612],[34.82107,32.05441],[34.78712,32.08356],[34.75318,32.05441]]],[[[34.75318,32.05441],[34.17615,31.29657],[34.24404,31.26742],[34.27798,31.26742],[34.31192,31.26742],[34.34587,31.26742],[34.37981,31.26742],[34.41375,31.26742],[34.54952,31.29657],[34.58347,31.32571],[34.61741,31.35486],[34.65135,31.38401],[34.82107,31.64634],[34.85501,31.70464],[34.85501,31.73378],[34.85501,31.76293],[34.85501,31.79208],[34.85501,31.82123],[34.85501,31.85038],[34.85501,31.87952],[34.85501,31.90867],[34.85501,31.93782],[34.85501,31.96697],[34.85501,31.99612],[34.82107,32.05441],[34.78712,32.08356],[34.75318,32.05441]]]],"type":"MultiPolygon"},"properties":{"format":"isobands","id":"philistia","land_or_water":"land","max_confidence":90,"min_confidence":10,"role":"isobands","name":"Philistia","source":"OpenBible Geocoding Data","license":"CC-BY","era":"ancient","color":"#6a9bd6"},"type":"Feature"},{"geometry":{"coordinates":[[[[35.99591,35.4593],[34.94479,32.80031],[34.89909,32.64617],[34.89909,32.60763],[34.89909,32.56909],[34.94479,32.56909],[34.99049,32.56909],[35.03619,32.56909],[35.5846,33.03153],[35.6303,33.07006],[35.72171,33.18567],[35.81311,33.30128],[36.13302,34.072],[36.17872,34.26468],[36.22442,34.57297],[36.27012,34.88126],[36.22442,35.30515],[36.17872,35.49783],[35.99591,35.4593]]],[[[34.99049,32.56909],[35.03619,32.56909],[35.6303,33.07006],[36.08732,34.11054],[36.13302,34.34175],[36.13302,34.38029],[36.13302,34.41882],[36.13302,34.45736],[36.13302,34.4959],[36.08732,34.53443],[36.04161,34.4959],[35.99591,34.45736],[35.95021,34.41882],[35.4475,33.76371],[35.4018,33.68664],[35.3561,33.60957],[35.3104,33.5325],[35.26469,33.45542],[35.21899,33.37835],[35.12759,33.18567],[34.94479,32.80031],[34.89909,32.60763],[34.89909,32.56909],[34.94479,32.56909],[34.99049,32.56909]]],[[[34.99049,32.56909],[35.03619,32.60763],[35.6303,33.14713],[36.08732,34.30322],[36.13302,34.45736],[36.08732,34.45736],[35.99591,34.41882],[35.95021,34.38029],[35.85881,34.26468],[35.4018,33.68664],[35.3561,33.60957],[35.3104,33.5325],[35.26469,33.45542],[35.12759,33.18567],[34.94479,32.80031],[34.89909,32.60763],[34.89909,32.56909],[34.94479,32.56909],[34.99049,32.56909]]],[[[34.99049,32.56909],[35.03619,32.60763],[35.5846,33.1086],[35.6303,33.22421],[36.08732,34.38029],[35.99591,34.41882],[35.4018,33.68664],[35.3561,33.60957],[35.3104,33.5325],[35.26469,33.45542],[35.12759,33.18567],[34.94479,32.80031],[34.89909,32.60763],[34.89909,32.56909],[34.94479,32.56909],[34.99049,32.56909]]],[[[34.99049,32.60763],[35.03619,32.64617],[35.5846,33.1086],[35.95021,34.14907],[35.95021,34.18761],[35.90451,34.26468],[35.85881,34.22614],[35.4018,33.68664],[35.3561,33.60957],[35.3104,33.5325],[35.26469,33.45542],[35.12759,33.18567],[34.94479,32.80031],[34.89909,32.60763],[34.89909,32.56909],[34.94479,32.56909],[34.99049,32.60763]]],[[[34.99049,32.60763],[35.03619,32.64617],[35.5846,33.1086],[35.90451,34.14907],[35.90451,34.18761],[35.85881,34.18761],[35.4018,33.6481],[35.3104,33.5325],[35.26469,33.45542],[35.12759,33.18567],[34.94479,32.80031],[34.89909,32.60763],[34.89909,32.56909],[34.94479,32.56909],[34.99049,32.60763]]],[[[34.99049,32.60763],[35.03619,32.64617],[35.5389,33.1086],[35.67601,33.6481],[35.67601,33.68664],[35.67601,33.72518],[35.67601,33.76371],[35.67601,33.80225],[35.5846,33.76371],[35.4018,33.60957],[35.3561,33.57103],[35.26469,33.45542],[35.12759,33.18567],[34.94479,32.80031],[34.89909,32.60763],[34.89909,32.56909],[34.94479,32.56909],[34.99049,32.60763]]],[[[34.99049,32.60763],[35.03619,32.64617],[35.5389,33.1086],[35.67601,33.6481],[35.67601,33.68664],[35.6303,33.76371],[35.3561,33.57103],[35.3104,33.49396],[35.26469,33.41689],[35.21899,33.33981],[35.17329,33.26274],[35.12759,33.18567],[34.94479,32.80031],[34.89909,32.60763],[34.89909,32.56909],[34.99049,32.60763]]],[[[35.5846,33.68664],[35.3561,33.57103],[35.3104,33.49396],[35.26469,33.41689],[35.21899,33.33981],[35.17329,33.26274],[35.12759,33.18567],[34.94479,32.80031],[34.89909,32.60763],[34.94479,32.60763],[35.03619,32.64617],[35.5389,33.14713],[35.6303,33.57103],[35.6303,33.60957],[35.6303,33.6481],[35.6303,33.68664],[35.5846,33.68664]]]],"type":"MultiPolygon"},"properties":{"format":"isobands","id":"phoenicia","land_or_water":"land","max_confidence":90,"min_confidence":10,"role":"isobands","name":"Phoenicia","source":"OpenBible Geocoding Data","license":"CC-BY","era":"ancient","color":"#9b5a7b"},"type":"Feature"},{"geometry":{"coordinates":[[[29.422478,40.232698],[29.014934,39.730082],[30.396013,38.278142],[31.020356,38.557353],[31.482226,38.213604],[31.664839,38.332653],[31.489698,39.965347],[31.528848,40.032538],[30.305669,40.000131],[29.732938,40.116946],[29.422478,40.232698]]],"type":"Polygon"},"properties":{"land_or_water":"land","id":"phrygia","name":"Phrygia","source":"OpenBible Geocoding Data","license":"CC-BY","era":"ancient","color":"#9b9b6b"},"type":"Feature"},{"geometry":{"coordinates":[[[[29.62413,38.04889],[29.41142,37.93463],[29.41142,37.8775],[29.41142,37.82037],[29.55323,37.36331],[29.90774,37.19191],[31.96393,37.02052],[31.96393,37.99176],[31.96393,38.04889],[31.75122,38.33455],[31.184,38.39169],[30.68768,38.33455],[30.26226,38.22029],[29.62413,38.04889]]],[[[29.83684,37.24905],[29.97864,37.19191],[30.04955,37.19191],[31.60942,37.19191],[31.68032,37.19191],[31.75122,37.19191],[31.89303,37.76323],[31.89303,37.82037],[31.89303,37.8775],[31.89303,37.93463],[31.75122,38.22029],[31.53851,38.33455],[31.46761,38.33455],[31.39671,38.33455],[31.3258,38.33455],[31.2549,38.33455],[31.184,38.33455],[31.11309,38.33455],[30.75858,38.27742],[30.40406,38.22029],[30.19135,38.16316],[29.69503,37.59184],[29.69503,37.53471],[29.69503,37.47757],[29.69503,37.42044],[29.76594,37.30618],[29.83684,37.24905]]],[[[29.76594,37.47757],[29.97864,37.30618],[30.04955,37.30618],[30.12045,37.30618],[30.19135,37.30618],[30.26226,37.30618],[30.33316,37.30618],[30.40406,37.30618],[30.47497,37.30618],[31.184,37.30618],[31.2549,37.30618],[31.53851,37.42044],[31.82212,37.76323],[31.89303,37.8775],[31.53851,38.22029],[31.3258,38.33455],[31.2549,38.33455],[31.184,38.33455],[31.11309,38.33455],[30.26226,38.16316],[29.76594,37.47757]]],[[[29.97864,37.53471],[29.97864,37.47757],[30.12045,37.36331],[30.19135,37.30618],[30.26226,37.30618],[30.40406,37.30618],[31.53851,37.42044],[31.75122,37.8775],[31.39671,38.22029],[31.3258,38.27742],[31.2549,38.33455],[31.184,38.33455],[30.26226,38.16316],[29.97864,37.53471]]],[[[30.19135,37.47757],[30.33316,37.36331],[30.40406,37.36331],[31.46761,37.42044],[31.46761,37.47757],[31.46761,37.53471],[31.46761,37.93463],[31.39671,38.22029],[31.3258,38.27742],[31.184,38.33455],[30.61677,38.16316],[30.26226,38.04889],[30.19135,37.47757]]],[[[30.26226,37.7061],[30.75858,37.47757],[30.90038,37.42044],[30.97129,37.42044],[31.04219,37.42044],[31.11309,37.42044],[31.184,37.42044],[31.39671,37.47757],[31.39671,37.76323],[31.39671,37.93463],[31.39671,37.99176],[31.39671,38.04889],[31.3258,38.22029],[31.2549,38.22029],[30.75858,38.16316],[30.26226,37.93463],[30.26226,37.7061]]],[[[30.47497,37.76323],[30.75858,37.47757],[30.82948,37.47757],[30.90038,37.47757],[30.97129,37.47757],[31.04219,37.47757],[31.39671,37.76323],[31.39671,38.04889],[31.3258,38.16316],[31.2549,38.22029],[30.75858,38.16316],[30.40406,37.93463],[30.47497,37.76323]]],[[[30.61677,37.99176],[30.47497,37.93463],[30.75858,37.53471],[30.90038,37.47757],[31.3258,37.76323],[31.3258,37.93463],[31.3258,37.99176],[31.3258,38.04889],[31.3258,38.16316],[31.2549,38.16316],[31.184,38.16316],[30.75858,38.04889],[30.61677,37.99176]]],[[[31.04219,38.04889],[30.61677,37.93463],[30.68768,37.76323],[30.82948,37.64897],[30.90038,37.64897],[31.04219,37.7061],[31.184,37.76323],[31.2549,37.93463],[31.2549,37.99176],[31.2549,38.04889],[31.184,38.04889],[31.11309,38.04889],[31.04219,38.04889]]]],"type":"MultiPolygon"},"properties":{"format":"isobands","id":"pisidia","land_or_water":"land","max_confidence":90,"min_confidence":10,"role":"isobands","name":"Pisidia","source":"OpenBible Geocoding Data","license":"CC-BY","era":"ancient","color":"#6ba66b"},"type":"Feature"},{"geometry":{"coordinates":[[[[32.78331,41.55975],[32.54481,41.28382],[32.66406,41.19185],[32.78331,41.09987],[32.90256,41.00789],[36.48011,40.08814],[37.07636,39.99616],[37.19562,39.99616],[37.31487,39.99616],[37.43412,39.99616],[37.55337,39.99616],[37.67262,39.99616],[37.91112,39.99616],[38.03038,39.99616],[38.14963,39.99616],[38.26888,39.99616],[38.38813,39.99616],[38.50738,39.99616],[38.62663,39.99616],[38.74589,39.99616],[40.1769,40.18011],[40.29615,40.45604],[40.05765,40.54802],[35.16834,41.65173],[34.33358,41.7437],[33.14107,41.83568],[32.78331,41.55975]]],[[[32.78331,41.3758],[32.78331,41.28382],[33.14107,41.09987],[36.48011,40.08814],[36.59936,40.08814],[36.71861,40.08814],[36.83786,40.08814],[36.95711,40.08814],[37.07636,40.08814],[37.19562,40.08814],[37.31487,40.08814],[37.43412,40.08814],[37.55337,40.08814],[37.67262,40.08814],[38.74589,40.08814],[38.86514,40.08814],[39.46139,40.18011],[39.46139,40.27209],[39.46139,40.36406],[39.46139,40.45604],[39.46139,40.54802],[39.10364,40.63999],[35.04909,41.55975],[34.69134,41.65173],[33.14107,41.7437],[32.78331,41.3758]]],[[[33.02182,41.3758],[33.02182,41.28382],[36.48011,40.27209],[37.67262,40.18011],[38.26888,40.18011],[38.38813,40.18011],[38.50738,40.18011],[38.62663,40.18011],[38.74589,40.18011],[38.86514,40.18011],[39.10364,40.27209],[39.10364,40.36406],[39.10364,40.45604],[39.10364,40.54802],[38.38813,40.73197],[35.04909,41.46777],[34.45283,41.55975],[33.61807,41.65173],[33.14107,41.55975],[33.02182,41.3758]]],[[[35.16834,41.3758],[34.57208,41.46777],[34.45283,41.46777],[34.33358,41.46777],[34.81059,41.00789],[35.64535,40.63999],[36.48011,40.36406],[36.95711,40.27209],[37.07636,40.27209],[37.19562,40.27209],[37.31487,40.27209],[37.67262,40.27209],[38.14963,40.27209],[38.26888,40.27209],[38.38813,40.27209],[38.50738,40.27209],[38.62663,40.27209],[38.74589,40.27209],[38.86514,40.27209],[38.98439,40.27209],[38.98439,40.36406],[38.98439,40.45604],[38.98439,40.54802],[38.62663,40.63999],[38.26888,40.73197],[36.48011,41.09987],[35.16834,41.3758]]],[[[35.04909,41.3758],[34.92984,41.3758],[34.81059,41.3758],[35.16834,41.00789],[35.28759,40.91592],[36.2416,40.54802],[36.95711,40.36406],[37.67262,40.27209],[38.50738,40.27209],[38.62663,40.27209],[38.74589,40.27209],[38.86514,40.27209],[38.86514,40.36406],[38.86514,40.45604],[38.74589,40.54802],[38.62663,40.63999],[36.48011,41.09987],[35.16834,41.3758],[35.04909,41.3758]]],[[[35.28759,41.00789],[35.64535,40.82394],[36.48011,40.54802],[36.83786,40.45604],[37.67262,40.36406],[38.50738,40.27209],[38.62663,40.27209],[38.74589,40.45604],[38.62663,40.54802],[37.19562,40.91592],[35.5261,41.28382],[35.04909,41.3758],[34.92984,41.3758],[35.28759,41.00789]]],[[[35.88385,41.19185],[35.7646,41.19185],[35.64535,41.19185],[35.5261,41.00789],[35.5261,40.91592],[36.59936,40.54802],[37.07636,40.45604],[37.67262,40.36406],[38.26888,40.36406],[38.38813,40.36406],[38.50738,40.36406],[38.62663,40.36406],[38.62663,40.45604],[37.31487,40.82394],[36.95711,40.91592],[36.59936,41.00789],[36.2416,41.09987],[35.88385,41.19185]]],[[[35.64535,40.91592],[36.83786,40.54802],[37.67262,40.45604],[37.67262,40.54802],[37.43412,40.73197],[37.31487,40.82394],[36.95711,40.91592],[36.59936,41.00789],[36.2416,41.09987],[35.64535,40.91592]]],[[[36.12235,40.91592],[36.12235,40.82394],[36.48011,40.73197],[36.83786,40.63999],[37.31487,40.54802],[37.31487,40.63999],[37.31487,40.73197],[37.31487,40.82394],[36.48011,40.91592],[36.36086,40.91592],[36.2416,40.91592],[36.12235,40.91592]]]],"type":"MultiPolygon"},"properties":{"format":"isobands","id":"pontus","land_or_water":"land","max_confidence":90,"min_confidence":10,"role":"isobands","name":"Pontus","source":"OpenBible Geocoding Data","license":"CC-BY","era":"ancient","color":"#a66b9b"},"type":"Feature"},{"geometry":{"coordinates":[[[[34.88297,32.48074],[34.82651,32.26488],[34.82651,32.2409],[34.82651,32.21692],[34.82651,32.19293],[34.91119,32.02505],[35.13703,31.9531],[35.50402,31.90513],[35.53225,31.92911],[35.53225,31.9531],[35.53225,31.97708],[35.53225,32.00106],[35.53225,32.07302],[35.53225,32.097],[35.53225,32.12098],[35.53225,32.14497],[35.53225,32.16895],[35.53225,32.19293],[35.53225,32.21692],[35.53225,32.2409],[35.53225,32.26488],[35.53225,32.28887],[35.53225,32.31285],[35.53225,32.33683],[35.53225,32.36082],[35.53225,32.3848],[35.41933,32.50472],[35.36287,32.5287],[35.19349,32.55269],[35.16526,32.55269],[35.13703,32.55269],[35.1088,32.55269],[35.08057,32.55269],[34.99588,32.5287],[34.91119,32.50472],[34.88297,32.48074]]],[[[34.82651,32.19293],[35.02411,32.07302],[35.16526,32.02505],[35.36287,31.97708],[35.50402,32.04903],[35.53225,32.12098],[35.53225,32.14497],[35.53225,32.16895],[35.53225,32.19293],[35.53225,32.21692],[35.53225,32.2409],[35.53225,32.26488],[35.53225,32.28887],[35.53225,32.31285],[35.53225,32.33683],[35.53225,32.36082],[35.53225,32.3848],[35.33464,32.5287],[35.24995,32.5287],[35.22172,32.5287],[35.19349,32.5287],[35.16526,32.5287],[35.13703,32.5287],[35.1088,32.5287],[35.08057,32.5287],[35.05234,32.5287],[35.02411,32.5287],[34.99588,32.5287],[34.91119,32.50472],[34.88297,32.45675],[34.85474,32.36082],[34.82651,32.2409],[34.82651,32.21692],[34.82651,32.19293]]],[[[35.3911,32.45675],[35.33464,32.48074],[35.22172,32.5287],[35.19349,32.5287],[35.16526,32.5287],[35.13703,32.5287],[35.1088,32.5287],[35.08057,32.5287],[35.05234,32.5287],[34.99588,32.50472],[34.91119,32.45675],[34.85474,32.31285],[34.82651,32.2409],[34.82651,32.21692],[34.82651,32.19293],[35.02411,32.07302],[35.16526,32.02505],[35.19349,32.02505],[35.22172,32.02505],[35.24995,32.02505],[35.27818,32.02505],[35.30641,32.02505],[35.33464,32.02505],[35.36287,32.02505],[35.3911,32.02505],[35.53225,32.16895],[35.53225,32.19293],[35.53225,32.21692],[35.53225,32.2409],[35.53225,32.26488],[35.53225,32.28887],[35.53225,32.31285],[35.53225,32.33683],[35.53225,32.36082],[35.53225,32.3848],[35.44756,32.43277],[35.3911,32.45675]]],[[[35.13703,32.5287],[35.1088,32.5287],[35.08057,32.5287],[35.05234,32.5287],[34.91119,32.45675],[34.85474,32.2409],[34.85474,32.21692],[34.85474,32.19293],[35.02411,32.07302],[35.19349,32.02505],[35.22172,32.02505],[35.24995,32.02505],[35.27818,32.02505],[35.3911,32.04903],[35.44756,32.097],[35.50402,32.16895],[35.53225,32.21692],[35.53225,32.2409],[35.53225,32.28887],[35.53225,32.31285],[35.53225,32.33683],[35.53225,32.36082],[35.50402,32.3848],[35.3911,32.45675],[35.16526,32.5287],[35.13703,32.5287]]],[[[35.05234,32.50472],[34.91119,32.43277],[34.88297,32.2409],[34.88297,32.21692],[34.93942,32.16895],[35.02411,32.097],[35.05234,32.07302],[35.16526,32.04903],[35.19349,32.04903],[35.22172,32.04903],[35.24995,32.04903],[35.27818,32.04903],[35.30641,32.04903],[35.33464,32.04903],[35.36287,32.04903],[35.3911,32.04903],[35.50402,32.19293],[35.53225,32.28887],[35.53225,32.31285],[35.53225,32.33683],[35.53225,32.36082],[35.50402,32.3848],[35.41933,32.43277],[35.16526,32.5287],[35.13703,32.5287],[35.05234,32.50472]]],[[[34.99588,32.14497],[35.05234,32.097],[35.08057,32.07302],[35.16526,32.04903],[35.19349,32.04903],[35.22172,32.04903],[35.24995,32.04903],[35.27818,32.04903],[35.3911,32.04903],[35.50402,32.2409],[35.53225,32.36082],[35.3911,32.43277],[35.16526,32.50472],[35.13703,32.50472],[34.96765,32.43277],[34.93942,32.3848],[34.91119,32.33683],[34.88297,32.2409],[34.91119,32.21692],[34.96765,32.16895],[34.99588,32.14497]]],[[[35.13703,32.45675],[35.1088,32.45675],[34.96765,32.43277],[34.91119,32.33683],[34.93942,32.21692],[34.99588,32.14497],[35.05234,32.097],[35.1088,32.07302],[35.22172,32.04903],[35.24995,32.04903],[35.30641,32.07302],[35.3911,32.12098],[35.41933,32.14497],[35.50402,32.2409],[35.50402,32.33683],[35.50402,32.36082],[35.3911,32.43277],[35.19349,32.45675],[35.16526,32.45675],[35.13703,32.45675]]],[[[34.96765,32.19293],[34.99588,32.16895],[35.02411,32.14497],[35.13703,32.07302],[35.16526,32.07302],[35.19349,32.07302],[35.22172,32.07302],[35.24995,32.07302],[35.27818,32.07302],[35.3911,32.14497],[35.41933,32.16895],[35.44756,32.19293],[35.47579,32.2409],[35.50402,32.36082],[35.41933,32.40879],[35.36287,32.43277],[35.16526,32.45675],[35.13703,32.45675],[35.02411,32.43277],[34.96765,32.40879],[34.93942,32.2409],[34.96765,32.19293]]],[[[34.96765,32.40879],[34.96765,32.28887],[34.96765,32.26488],[34.96765,32.2409],[34.96765,32.21692],[34.99588,32.16895],[35.02411,32.14497],[35.19349,32.07302],[35.22172,32.07302],[35.24995,32.07302],[35.3911,32.14497],[35.47579,32.2409],[35.47579,32.26488],[35.47579,32.31285],[35.47579,32.33683],[35.47579,32.36082],[35.44756,32.3848],[35.41933,32.40879],[35.13703,32.45675],[35.02411,32.43277],[34.96765,32.40879]]]],"type":"MultiPolygon"},"properties":{"format":"isobands","id":"samaria","land_or_water":"land","max_confidence":90,"min_confidence":10,"role":"isobands","name":"Samaria 2","source":"OpenBible Geocoding Data","license":"CC-BY","era":"ancient","color":"#d19a66"},"type":"Feature"},{"geometry":{"coordinates":[[[34.907114,32.609146],[35.106525,32.738525],[35.348802,33.058042],[35.628878,33.090721],[35.661506,32.867721],[36.014507,32.977926],[36.768294,32.796867],[39.200086,35.861585],[38.838291,35.932055],[38.732104,35.872179],[38.671227,35.858262],[38.149296,36.02877],[38.049572,36.150511],[38.177048,36.272499],[38.27423,36.584494],[37.878477,37.159914],[38.628958,37.593916],[39.063691,37.995499],[38.288066,37.93924],[37.134934,37.533575],[36.692493,37.306031],[36.18674,36.652618],[35.73656,36.331767],[35.960803,36.013739],[35.850667,35.887153],[35.779594,35.862728],[35.820202,35.745349],[35.698373,35.573047],[35.764835,35.486593],[35.899028,35.416249],[35.910862,35.205749],[35.843789,34.885555],[35.970253,34.54345],[35.796768,34.468722],[35.794593,34.414795],[35.71984,34.393728],[35.705333,34.329759],[35.644487,34.329961],[35.60704,34.148045],[35.629133,34.091962],[35.553099,33.917605],[35.432605,33.910744],[35.461497,33.843556],[35.413938,33.706788],[35.2644,33.467296],[35.17255,33.197354],[35.075434,33.098082],[35.038225,32.93385],[35.028692,32.827364],[34.999149,32.85699],[34.932078,32.839611],[34.907114,32.609146]]],"type":"Polygon"},"properties":{"land_or_water":"land","id":"syria","name":"Syria 2","source":"OpenBible Geocoding Data","license":"CC-BY","era":"ancient","color":"#6b9b7a"},"type":"Feature"}]}